FormKey,Plugin,EditorID,Name,Reason
0xB64~[Caenarvon] Cosplay Basics.esp,[Caenarvon] Cosplay Basics.esp,aCPB_GA_C_B,Cosplay Garter Knee - Lace,non-playable record
0xC41~[Caenarvon] Cosplay Basics.esp,[Caenarvon] Cosplay Basics.esp,aCPB_GA_C2_B,Cosplay Garter Knee - Onyx,non-playable record
0xDC7~[Caenarvon] Cosplay Basics.esp,[Caenarvon] Cosplay Basics.esp,aCPB_GA_C5_B,Cosplay Garter Knee - White Floral,non-playable record
0xE6A~[Caenarvon] Cosplay Pack.esp,[Caenarvon] Cosplay Pack.esp,aHDTMop,Mop HDT,non-playable record
0x8C108~018Auri.esp,018Auri.esp,018AuriHorns,Auri's Antlers,non-playable record
0xD3E9D~018Auri.esp,018Auri.esp,018Skinaurimount,thistlefoot,non-playable record
0x264EC0~0Kaidan.esp,0Kaidan.esp,HorseSaddleKiai,,non-playable record
0x1ED66F~3DNPC.esp,3DNPC.esp,ClothesArmBandagesValla,Arm Bandages,non-playable record
0x237FAB~3DNPC.esp,3DNPC.esp,SkinWispDUPLICATE001,,non-playable record
0x237FAF~3DNPC.esp,3DNPC.esp,SkinDraugrDUPLICATE001,,non-playable record
0x237FB1~3DNPC.esp,3DNPC.esp,SkinWolfDUPLICATE001,,non-playable record
0x237FB4~3DNPC.esp,3DNPC.esp,SkinDwarvenSpiderCenturionDUPLICATE001,,non-playable record
0x237FB7~3DNPC.esp,3DNPC.esp,SkinHagravenDUPLICATE001,,non-playable record
0x237FBA~3DNPC.esp,3DNPC.esp,SkinSkeletonDUPLICATE001,,non-playable record
0x238523~3DNPC.esp,3DNPC.esp,SkinDraugrHairDUPLICATE002,,non-playable record
0x238525~3DNPC.esp,3DNPC.esp,ClothesWarlockHoodUnplayableDUPLICATE001,Black Mage Hood,non-playable record
0x2BE770~3DNPC.esp,3DNPC.esp,DecapitatedHead3DNPC,,missing display name
0x30FE6C~3DNPC.esp,3DNPC.esp,MithrilWings01_3DNPC,MithrilWings,non-playable record
0x5010C1~3DNPC.esp,3DNPC.esp,SkinGuardianWisp3DNPC,,non-playable record
0x808~AerelethMeridiaMain.esp,AerelethMeridiaMain.esp,0_AerelethMeridiaBody,,non-playable record
0x801~AerelethMeridiaSMPHair.esp,AerelethMeridiaSMPHair.esp,0_AerelethMeridiaHairSMP,Meridia SMP Hair,non-playable record
0xD6A~AncientDraugr.esp,AncientDraugr.esp,DX_AD_HelmInvisible,Ancient Draugr Helm (Invisible),missing armor addon/model links
0x2A214F~Animal_Research.esp,Animal_Research.esp,VAR_TirwinBraidsWig,TirwinBraidsHair,non-playable record
0x343EA2~Animal_Research.esp,Animal_Research.esp,VAR_ArmorSpriteShield,Nymph Shield,non-playable record
0x348FC0~Animal_Research.esp,Animal_Research.esp,VAR_SkinSpriggan,Spriggan Skin,non-playable record
0x34E0E1~Animal_Research.esp,Animal_Research.esp,VAR_SkinNakedMiri,Miri's Skin,suspicious invisible/test/skin record; add to includedSuspiciousForms to force inclusion
0xA82~Animated Wings Ultimate.esp,Animated Wings Ultimate.esp,AFW_Activator_DragonSnow,Dragon Snow Persistent Data Hidden Activator,non-playable record
0xA83~Animated Wings Ultimate.esp,Animated Wings Ultimate.esp,AFW_EquippableFairyYellowWings,Fairy Yellow Wings,missing armor addon/model links
0xA84~Animated Wings Ultimate.esp,Animated Wings Ultimate.esp,AFW_EquippableDragonLambentRedWings,Lambent Red Dragon Wings,missing armor addon/model links
0xA85~Animated Wings Ultimate.esp,Animated Wings Ultimate.esp,AFW_EquippableDragonLambentPurpleWings,Lambent Purple Dragon Wings,missing armor addon/model links
0xA86~Animated Wings Ultimate.esp,Animated Wings Ultimate.esp,AFW_EquippableDragonLambentOrangeWings,Lambent Orange Dragon Wings,missing armor addon/model links
0xA87~Animated Wings Ultimate.esp,Animated Wings Ultimate.esp,AFW_EquippableDragonLambentGreenWings,Lambent Green Dragon Wings,missing armor addon/model links
0xA88~Animated Wings Ultimate.esp,Animated Wings Ultimate.esp,AFW_EquippableDragonLambentBlueWings,Lambent Blue Dragon Wings,missing armor addon/model links
0xA89~Animated Wings Ultimate.esp,Animated Wings Ultimate.esp,AFW_EquippableDragonBloodyRedWings,Bloody Red Dragon Wings,missing armor addon/model links
0xA8A~Animated Wings Ultimate.esp,Animated Wings Ultimate.esp,AFW_EquippableGuardianRedGoldWings,Guardian Red Gold Wings,missing armor addon/model links
0xA8B~Animated Wings Ultimate.esp,Animated Wings Ultimate.esp,AFW_EquippableSoulHoundWhiteWings,Soul Hound White Wings,missing armor addon/model links
0xA8C~Animated Wings Ultimate.esp,Animated Wings Ultimate.esp,AFW_EquippableGuardianWhiteBlueWings,Guardian White Blue Wings,missing armor addon/model links
0xA8D~Animated Wings Ultimate.esp,Animated Wings Ultimate.esp,AFW_Activator_SoulHoundBlack,Soul Hound Black Persistent Data Hidden Activator,non-playable record
0xA8E~Animated Wings Ultimate.esp,Animated Wings Ultimate.esp,AFW_Activator_DragonDead,Dragon Dead Persistent Data Hidden Activator,non-playable record
0xA8F~Animated Wings Ultimate.esp,Animated Wings Ultimate.esp,AFW_Activator_DragonTundra,Dragon Tundra Persistent Data Hidden Activator,non-playable record
0xA90~Animated Wings Ultimate.esp,Animated Wings Ultimate.esp,AFW_EquippableSoulHoundRedWings,Soul Hound Red Wings,missing armor addon/model links
0xA91~Animated Wings Ultimate.esp,Animated Wings Ultimate.esp,AFW_EquippableDragonLambentYellowWings,Lambent Yellow Dragon Wings,missing armor addon/model links
0xA92~Animated Wings Ultimate.esp,Animated Wings Ultimate.esp,AFW_Activator_BoundDragon,Bound Dragon Persistent Data Hidden Activator,non-playable record
0xA93~Animated Wings Ultimate.esp,Animated Wings Ultimate.esp,AFW_Activator_SoulHoundBloodRuned,Soul Hound Blood Runed Persistent Data Hidden Activator,non-playable record
0xA94~Animated Wings Ultimate.esp,Animated Wings Ultimate.esp,AFW_Activator_BoundBloodDragon,Bound Blood Dragon Persistent Data Hidden Activator,non-playable record
0xA95~Animated Wings Ultimate.esp,Animated Wings Ultimate.esp,AFW_Activator_BoundDarkDragon,Bound Dark Dragon Persistent Data Hidden Activator,non-playable record
0xA96~Animated Wings Ultimate.esp,Animated Wings Ultimate.esp,AFW_Activator_BoundFlameDragon,Bound Flame Dragon Persistent Data Hidden Activator,non-playable record
0xA97~Animated Wings Ultimate.esp,Animated Wings Ultimate.esp,AFW_Activator_BoundFrostDragon,Bound Frost Dragon Persistent Data Hidden Activator,non-playable record
0xA98~Animated Wings Ultimate.esp,Animated Wings Ultimate.esp,AFW_Activator_BoundLightDragon,Bound Light Dragon Persistent Data Hidden Activator,non-playable record
0xA99~Animated Wings Ultimate.esp,Animated Wings Ultimate.esp,AFW_Activator_BoundShockDragon,Bound Shock Dragon Persistent Data Hidden Activator,non-playable record
0xA9A~Animated Wings Ultimate.esp,Animated Wings Ultimate.esp,AFW_Activator_BoundEvilDragon,Bound Evil Dragon Persistent Data Hidden Activator,non-playable record
0xA9B~Animated Wings Ultimate.esp,Animated Wings Ultimate.esp,AFW_Activator_BoundBloodEvilDragon,Bound Blood Evil Dragon Persistent Data Hidden Activator,non-playable record
0xA9C~Animated Wings Ultimate.esp,Animated Wings Ultimate.esp,AFW_Activator_BoundDarkEvilDragon,Bound Dark Evil Dragon Persistent Data Hidden Activator,non-playable record
0xA9D~Animated Wings Ultimate.esp,Animated Wings Ultimate.esp,AFW_Activator_BoundFlameEvilDragon,Bound Flame Evil Dragon Persistent Data Hidden Activator,non-playable record
0xA9E~Animated Wings Ultimate.esp,Animated Wings Ultimate.esp,AFW_Activator_BoundFrostEvilDragon,Bound Frost Evil Dragon Persistent Data Hidden Activator,non-playable record
0xA9F~Animated Wings Ultimate.esp,Animated Wings Ultimate.esp,AFW_Activator_BoundLightEvilDragon,Bound Light Evil Dragon Persistent Data Hidden Activator,non-playable record
0xAA0~Animated Wings Ultimate.esp,Animated Wings Ultimate.esp,AFW_Activator_BoundShockEvilDragon,Bound Shock Evil Dragon Persistent Data Hidden Activator,non-playable record
0xAA1~Animated Wings Ultimate.esp,Animated Wings Ultimate.esp,AFW_Activator_EmperorsNew,Emperors New Wings Persistent Data Hidden Activator,non-playable record
0xAA2~Animated Wings Ultimate.esp,Animated Wings Ultimate.esp,AFW_Activator_FairyOriginal,Fairy Original Wings Persistent Data Hidden Activator,non-playable record
0xAA3~Animated Wings Ultimate.esp,Animated Wings Ultimate.esp,AFW_Activator_FairyBlack,Fairy Black Wings Persistent Data Hidden Activator,non-playable record
0xAA4~Animated Wings Ultimate.esp,Animated Wings Ultimate.esp,AFW_Activator_FairyBlue,Fairy Blue Wings Persistent Data Hidden Activator,non-playable record
0xAA5~Animated Wings Ultimate.esp,Animated Wings Ultimate.esp,AFW_Activator_FairyCyan,Fairy Cyan Wings Persistent Data Hidden Activator,non-playable record
0xAA6~Animated Wings Ultimate.esp,Animated Wings Ultimate.esp,AFW_Activator_FairyGreen,Fairy Green Wings Persistent Data Hidden Activator,non-playable record
0xAA7~Animated Wings Ultimate.esp,Animated Wings Ultimate.esp,AFW_Activator_FairyOrange,Fairy Orange Wings Persistent Data Hidden Activator,non-playable record
0xAA8~Animated Wings Ultimate.esp,Animated Wings Ultimate.esp,AFW_Activator_SorcererWhiteRed,Sorcerer White Red Persistent Data Hidden Activator,non-playable record
0xAA9~Animated Wings Ultimate.esp,Animated Wings Ultimate.esp,AFW_Activator_SorcererWhite,Sorcerer White Persistent Data Hidden Activator,non-playable record
0xAAA~Animated Wings Ultimate.esp,Animated Wings Ultimate.esp,AFW_Activator_SorcererPurple,Sorcerer Purple Persistent Data Hidden Activator,non-playable record
0xAAB~Animated Wings Ultimate.esp,Animated Wings Ultimate.esp,AFW_Activator_SorcererGold,Sorcerer Gold Persistent Data Hidden Activator,non-playable record
0xAAC~Animated Wings Ultimate.esp,Animated Wings Ultimate.esp,AFW_Activator_SoulHoundWhite,Soul Hound White Persistent Data Hidden Activator,non-playable record
0xAAD~Animated Wings Ultimate.esp,Animated Wings Ultimate.esp,AFW_Activator_SoulHoundRedBlack,Soul Hound Red Black Persistent Data Hidden Activator,non-playable record
0xAAE~Animated Wings Ultimate.esp,Animated Wings Ultimate.esp,AFW_Activator_SoulHoundRed,Soul Hound Red Persistent Data Hidden Activator,non-playable record
0xAAF~Animated Wings Ultimate.esp,Animated Wings Ultimate.esp,AFW_Activator_SoulHoundGreen,Soul Hound Green Persistent Data Hidden Activator,non-playable record
0xAB0~Animated Wings Ultimate.esp,Animated Wings Ultimate.esp,AFW_Activator_SoulHoundGold,Soul Hound Gold Persistent Data Hidden Activator,non-playable record
0xAB1~Animated Wings Ultimate.esp,Animated Wings Ultimate.esp,AFW_Activator_SoulHoundBrownWhite,Soul Hound Brown White Persistent Data Hidden Activator,non-playable record
0xAB2~Animated Wings Ultimate.esp,Animated Wings Ultimate.esp,AFW_Activator_SoulHoundBrown,Soul Hound Brown Persistent Data Hidden Activator,non-playable record
0xAB3~Animated Wings Ultimate.esp,Animated Wings Ultimate.esp,AFW_Activator_SoulHoundBlue,Soul Hound Blue Persistent Data Hidden Activator,non-playable record
0xAB4~Animated Wings Ultimate.esp,Animated Wings Ultimate.esp,AFW_Activator_GuardianBlackBlue,Guardian Black Blue Persistent Data Hidden Activator,non-playable record
0xAB5~Animated Wings Ultimate.esp,Animated Wings Ultimate.esp,AFW_Activator_FairyPink,Fairy Pink Wings Persistent Data Hidden Activator,non-playable record
0xAB6~Animated Wings Ultimate.esp,Animated Wings Ultimate.esp,AFW_Activator_FairyPurple,Fairy Purple Wings Persistent Data Hidden Activator,non-playable record
0xAB7~Animated Wings Ultimate.esp,Animated Wings Ultimate.esp,AFW_Activator_FairyRed,Fairy Red Wings Persistent Data Hidden Activator,non-playable record
0xAB8~Animated Wings Ultimate.esp,Animated Wings Ultimate.esp,AFW_Activator_FairyYellow,Fairy Yellow Wings Persistent Data Hidden Activator,non-playable record
0xAB9~Animated Wings Ultimate.esp,Animated Wings Ultimate.esp,AFW_Activator_GuardianWhiteGold,Guardian White Gold Persistent Data Hidden Activator,non-playable record
0xABA~Animated Wings Ultimate.esp,Animated Wings Ultimate.esp,AFW_Activator_GuardianWhiteRed,Guardian White Red Persistent Data Hidden Activator,non-playable record
0xABB~Animated Wings Ultimate.esp,Animated Wings Ultimate.esp,AFW_Activator_GuardianWhiteBlue,Guardian White Blue Persistent Data Hidden Activator,non-playable record
0xABC~Animated Wings Ultimate.esp,Animated Wings Ultimate.esp,AFW_Activator_GuardianRedGold,Guardian Red Gold Persistent Data Hidden Activator,non-playable record
0xABD~Animated Wings Ultimate.esp,Animated Wings Ultimate.esp,AFW_Activator_GuardianGreenPurple,Guardian Green Purple Persistent Data Hidden Activator,non-playable record
0xABE~Animated Wings Ultimate.esp,Animated Wings Ultimate.esp,AFW_Activator_GuardianGreenGoldRed,Guardian Green Gold Red Persistent Data Hidden Activator,non-playable record
0xABF~Animated Wings Ultimate.esp,Animated Wings Ultimate.esp,AFW_Activator_GuardianGoldGreen,Guardian Gold Green Persistent Data Hidden Activator,non-playable record
0xAC0~Animated Wings Ultimate.esp,Animated Wings Ultimate.esp,AFW_Activator_GuardianBlueGold,Guardian Blue Gold Persistent Data Hidden Activator,non-playable record
0xAC1~Animated Wings Ultimate.esp,Animated Wings Ultimate.esp,AFW_Activator_GuardianBlackRed,Guardian Black Red Persistent Data Hidden Activator,non-playable record
0xAC2~Animated Wings Ultimate.esp,Animated Wings Ultimate.esp,AFW_Activator_WhiteFeathered,White Feathered Wings Persistent Data Hidden Activator,non-playable record
0xAC3~Animated Wings Ultimate.esp,Animated Wings Ultimate.esp,AFW_Activator_DragonLambentYellow,Dragon Lambent Yellow Persistent Data Hidden Activator,non-playable record
0xAC4~Animated Wings Ultimate.esp,Animated Wings Ultimate.esp,AFW_Activator_DragonLambentRed,Dragon Lambent Red Persistent Data Hidden Activator,non-playable record
0xAC5~Animated Wings Ultimate.esp,Animated Wings Ultimate.esp,AFW_Activator_DragonLambentPurple,Dragon Lambent Purple Persistent Data Hidden Activator,non-playable record
0xAC6~Animated Wings Ultimate.esp,Animated Wings Ultimate.esp,AFW_Activator_DragonLambentOrange,Dragon Lambent Orange Persistent Data Hidden Activator,non-playable record
0xAC7~Animated Wings Ultimate.esp,Animated Wings Ultimate.esp,AFW_Activator_DragonLambentGreen,Dragon Lambent Green Persistent Data Hidden Activator,non-playable record
0xAC8~Animated Wings Ultimate.esp,Animated Wings Ultimate.esp,AFW_Activator_DragonLambentBlue,Dragon Lambent Blue Persistent Data Hidden Activator,non-playable record
0xAC9~Animated Wings Ultimate.esp,Animated Wings Ultimate.esp,AFW_Activator_DragonBloodyRed,Dragon Bloody Red Persistent Data Hidden Activator,non-playable record
0xACA~Animated Wings Ultimate.esp,Animated Wings Ultimate.esp,AFW_EquippableGuardianWhiteRedWings,Guardian White Red Wings,missing armor addon/model links
0xACB~Animated Wings Ultimate.esp,Animated Wings Ultimate.esp,AFW_EquippableDragonWisdomWings,Wisdom Dragon Wings,missing armor addon/model links
0xACC~Animated Wings Ultimate.esp,Animated Wings Ultimate.esp,AFW_EquippableDragonTundraWings,Tundra Dragon Wings,missing armor addon/model links
0xACD~Animated Wings Ultimate.esp,Animated Wings Ultimate.esp,AFW_EquippableDragonSnowWings,Snow Dragon Wings,missing armor addon/model links
0xACE~Animated Wings Ultimate.esp,Animated Wings Ultimate.esp,AFW_EquippableDragonFriendlyWings,Friendly Dragon Wings,missing armor addon/model links
0xACF~Animated Wings Ultimate.esp,Animated Wings Ultimate.esp,AFW_EquippableDragonForestWings,Forest Dragon Wings,missing armor addon/model links
0xAD0~Animated Wings Ultimate.esp,Animated Wings Ultimate.esp,AFW_EquippableDragonEvilWings,Evil Dragon Wings,missing armor addon/model links
0xAD1~Animated Wings Ultimate.esp,Animated Wings Ultimate.esp,AFW_EquippableDragonDeadWings,Dead Dragon Wings,missing armor addon/model links
0xAD2~Animated Wings Ultimate.esp,Animated Wings Ultimate.esp,AFW_EquippableDragonDangerWings,Danger Dragon Wings,missing armor addon/model links
0xAD3~Animated Wings Ultimate.esp,Animated Wings Ultimate.esp,AFW_EquippableDragonCommonWings,Common Dragon Wings,missing armor addon/model links
0xAD4~Animated Wings Ultimate.esp,Animated Wings Ultimate.esp,AFW_EquippableGuardianWhiteGoldWings,Guardian White Gold Wings,missing armor addon/model links
0xAD5~Animated Wings Ultimate.esp,Animated Wings Ultimate.esp,AFW_EquippableBlackFeathered,Black Feathered Wings,missing armor addon/model links
0xAD6~Animated Wings Ultimate.esp,Animated Wings Ultimate.esp,AFW_EquippableGuardianBlackBlueWings,Guardian Black Blue Wings,missing armor addon/model links
0xAD7~Animated Wings Ultimate.esp,Animated Wings Ultimate.esp,AFW_EquippableWhiteFeathered,White Feathered Wings,missing armor addon/model links
0xAD8~Animated Wings Ultimate.esp,Animated Wings Ultimate.esp,AFW_EquippableDragonEvilBlueWings,Evil Blue Dragon Wings,missing armor addon/model links
0xAD9~Animated Wings Ultimate.esp,Animated Wings Ultimate.esp,AFW_EquippableDragonRoyalBlueWings,Royal Blue Dragon Wings,missing armor addon/model links
0xADA~Animated Wings Ultimate.esp,Animated Wings Ultimate.esp,AFW_EquippableDragonCoolBlueWings,Cool Blue Dragon Wings,missing armor addon/model links
0xADB~Animated Wings Ultimate.esp,Animated Wings Ultimate.esp,AFW_EquippableSorcererGoldWings,Sorcerer Gold Wings,missing armor addon/model links
0xADC~Animated Wings Ultimate.esp,Animated Wings Ultimate.esp,AFW_EquippableGuardianBlackRedWings,Guardian Black Red Wings,missing armor addon/model links
0xADD~Animated Wings Ultimate.esp,Animated Wings Ultimate.esp,AFW_EquippableSorcererBrownWhiteWings,Sorcerer Brown White Wings,missing armor addon/model links
0xADE~Animated Wings Ultimate.esp,Animated Wings Ultimate.esp,AFW_EquippableSorcererBrownWings,Sorcerer Brown Wings,missing armor addon/model links
0xADF~Animated Wings Ultimate.esp,Animated Wings Ultimate.esp,AFW_EquippableSorcererPinkishPurpleWings,Sorcerer Pinkish Purple Wings,missing armor addon/model links
0xAE0~Animated Wings Ultimate.esp,Animated Wings Ultimate.esp,AFW_EquippableSoulHoundBlackWings,Soul Hound Black Wings,missing armor addon/model links
0xAE1~Animated Wings Ultimate.esp,Animated Wings Ultimate.esp,AFW_EquippableSorcererWhiteRedWings,Sorcerer White Red Wings,missing armor addon/model links
0xAE2~Animated Wings Ultimate.esp,Animated Wings Ultimate.esp,AFW_EquippableSoulHoundBlueWings,Soul Hound Blue Wings,missing armor addon/model links
0xAE3~Animated Wings Ultimate.esp,Animated Wings Ultimate.esp,AFW_EquippableSorcererWhiteWings,Sorcerer White Wings,missing armor addon/model links
0xAE4~Animated Wings Ultimate.esp,Animated Wings Ultimate.esp,AFW_Activator_DragonEvilBlue,Dragon Evil Blue Persistent Data Hidden Activator,non-playable record
0xAE5~Animated Wings Ultimate.esp,Animated Wings Ultimate.esp,AFW_Activator_DragonRoyalBlue,Dragon Royal Blue Persistent Data Hidden Activator,non-playable record
0xAE6~Animated Wings Ultimate.esp,Animated Wings Ultimate.esp,AFW_Activator_DragonCoolBlue,Dragon Cool Blue Persistent Data Hidden Activator,non-playable record
0xAE7~Animated Wings Ultimate.esp,Animated Wings Ultimate.esp,AFW_EquippableDragonBloodyWings,Bloody Dragon Wings,missing armor addon/model links
0xAE8~Animated Wings Ultimate.esp,Animated Wings Ultimate.esp,AFW_EquippableSoulHoundBrownWings,Soul Hound Brown Wings,missing armor addon/model links
0xAE9~Animated Wings Ultimate.esp,Animated Wings Ultimate.esp,AFW_EquippableSorcererPurpleWings,Sorcerer Purple Wings,missing armor addon/model links
0xAEA~Animated Wings Ultimate.esp,Animated Wings Ultimate.esp,AFW_EquippableSoulHoundBrownWhiteWings,Soul Hound Brown White Wings,missing armor addon/model links
0xAEB~Animated Wings Ultimate.esp,Animated Wings Ultimate.esp,AFW_EquippableSorcererRed,Sorcerer Red Wings,missing armor addon/model links
0xAEC~Animated Wings Ultimate.esp,Animated Wings Ultimate.esp,AFW_EquippableSorcererGreenBrownWings,Sorcerer Green Brown Wings,missing armor addon/model links
0xAED~Animated Wings Ultimate.esp,Animated Wings Ultimate.esp,AFW_EquippableSoulHoundGoldWings,Soul Hound Gold Wings,missing armor addon/model links
0xAEE~Animated Wings Ultimate.esp,Animated Wings Ultimate.esp,AFW_Activator_WingPresence,AFW Generic Wing Presence Indicator,non-playable record
0xAEF~Animated Wings Ultimate.esp,Animated Wings Ultimate.esp,AFW_Activator_BlackFeathered,Black Feathered Wings Persistent Data Hidden Activator,non-playable record
0xAF0~Animated Wings Ultimate.esp,Animated Wings Ultimate.esp,AFW_EquippableGuardianGoldGreenWings,Guardian Gold Green Wings,missing armor addon/model links
0xAF1~Animated Wings Ultimate.esp,Animated Wings Ultimate.esp,AFW_EquippableGuardianBlueGoldWings,Guardian Blue Gold Wings,missing armor addon/model links
0xAF2~Animated Wings Ultimate.esp,Animated Wings Ultimate.esp,AFW_EquippableSoulHoundGreenWings,Soul Hound Green Wings,missing armor addon/model links
0xAF3~Animated Wings Ultimate.esp,Animated Wings Ultimate.esp,AFW_EquippableGuardianGoldGreeenRedWings,Guardian Gold Green Red Wings,missing armor addon/model links
0xAF4~Animated Wings Ultimate.esp,Animated Wings Ultimate.esp,AFW_EquippableSoulHoundRedBlackWings,Soul Hound Red Black Wings,missing armor addon/model links
0xAF5~Animated Wings Ultimate.esp,Animated Wings Ultimate.esp,AFW_EquippableGuardianGreenPurpleWings,Guardian Green Purple Wings,missing armor addon/model links
0xAF6~Animated Wings Ultimate.esp,Animated Wings Ultimate.esp,AFW_Activator_SorcererPinkishPurple,Sorcerer Pinkish Purple Persistent Data Hidden Activator,non-playable record
0xAF7~Animated Wings Ultimate.esp,Animated Wings Ultimate.esp,AFW_Activator_SoulHoundAurielRuned,Soul Hound Auriel Runed Persistent Data Hidden Activator,non-playable record
0xAF8~Animated Wings Ultimate.esp,Animated Wings Ultimate.esp,AFW_EquippableFairyRedWings,Fairy Red Wings,missing armor addon/model links
0xAF9~Animated Wings Ultimate.esp,Animated Wings Ultimate.esp,AFW_EquippableFairyPurpleWings,Fairy Purple Wings,missing armor addon/model links
0xAFA~Animated Wings Ultimate.esp,Animated Wings Ultimate.esp,AFW_EquippableFairyPinkWings,Fairy Pink Wings,missing armor addon/model links
0xAFB~Animated Wings Ultimate.esp,Animated Wings Ultimate.esp,AFW_EquippableFairyOriginalWings,Fairy Original Wings,missing armor addon/model links
0xAFC~Animated Wings Ultimate.esp,Animated Wings Ultimate.esp,AFW_EquippableEmperorsNewWings,Emperor's New Wings,missing armor addon/model links
0xAFD~Animated Wings Ultimate.esp,Animated Wings Ultimate.esp,AFW_EquippableBoundDragonWings,Bound Dragon Wings,missing armor addon/model links
0xAFE~Animated Wings Ultimate.esp,Animated Wings Ultimate.esp,AFW_EquippableBoundBloodDragonWings,Bound Blood Dragon Wings,missing armor addon/model links
0xAFF~Animated Wings Ultimate.esp,Animated Wings Ultimate.esp,AFW_EquippableBoundDarkDragonWings,Bound Dark Dragon Wings,missing armor addon/model links
0xB00~Animated Wings Ultimate.esp,Animated Wings Ultimate.esp,AFW_EquippableBoundFlameDragonWings,Bound Flame Dragon Wings,missing armor addon/model links
0xB01~Animated Wings Ultimate.esp,Animated Wings Ultimate.esp,AFW_EquippableBoundFrostDragonWings,Bound Frost Dragon Wings,missing armor addon/model links
0xB02~Animated Wings Ultimate.esp,Animated Wings Ultimate.esp,AFW_EquippableBoundLightDragonWings,Bound Light Dragon Wings,missing armor addon/model links
0xB03~Animated Wings Ultimate.esp,Animated Wings Ultimate.esp,AFW_EquippableBoundShockDragonWings,Bound Shock Dragon Wings,missing armor addon/model links
0xB04~Animated Wings Ultimate.esp,Animated Wings Ultimate.esp,AFW_EquippableBoundBloodEvilDragonWings,Bound Blood Evil Dragon Wings,missing armor addon/model links
0xB05~Animated Wings Ultimate.esp,Animated Wings Ultimate.esp,AFW_EquippableBoundDarkEvilDragonWings,Bound Dark Evil Dragon Wings,missing armor addon/model links
0xB06~Animated Wings Ultimate.esp,Animated Wings Ultimate.esp,AFW_EquippableBoundEvilDragonWings,Bound Evil Dragon Wings,missing armor addon/model links
0xB07~Animated Wings Ultimate.esp,Animated Wings Ultimate.esp,AFW_EquippableBoundFlameEvilDragonWings,Bound Flame Evil Dragon Wings,missing armor addon/model links
0xB08~Animated Wings Ultimate.esp,Animated Wings Ultimate.esp,AFW_EquippableBoundFrostEvilDragonWings,Bound Frost Evil Dragon Wings,missing armor addon/model links
0xB09~Animated Wings Ultimate.esp,Animated Wings Ultimate.esp,AFW_EquippableBoundLightEvilDragonWings,Bound Light Evil Dragon Wings,missing armor addon/model links
0xB0A~Animated Wings Ultimate.esp,Animated Wings Ultimate.esp,AFW_EquippableBoundShockEvilDragonWings,Bound Shock Evil Dragon Wings,missing armor addon/model links
0xB0B~Animated Wings Ultimate.esp,Animated Wings Ultimate.esp,AFW_EquippableFairyOrangeWings,Fairy Orange Wings,missing armor addon/model links
0xB0C~Animated Wings Ultimate.esp,Animated Wings Ultimate.esp,AFW_Activator_SorcererRed,Sorcerer Red Persistent Data Hidden Activator,non-playable record
0xB0D~Animated Wings Ultimate.esp,Animated Wings Ultimate.esp,AFW_Activator_DragonCommon,Dragon Common Persistent Data Hidden Activator,non-playable record
0xB0E~Animated Wings Ultimate.esp,Animated Wings Ultimate.esp,AFW_Activator_DragonEvil,Dragon Evil Persistent Data Hidden Activator,non-playable record
0xB0F~Animated Wings Ultimate.esp,Animated Wings Ultimate.esp,AFW_Activator_DragonBloody,Dragon Bloody Persistent Data Hidden Activator,non-playable record
0xB10~Animated Wings Ultimate.esp,Animated Wings Ultimate.esp,AFW_Activator_DragonDanger,Dragon Danger Persistent Data Hidden Activator,non-playable record
0xB11~Animated Wings Ultimate.esp,Animated Wings Ultimate.esp,AFW_Activator_DragonForest,Dragon Forest Persistent Data Hidden Activator,non-playable record
0xB12~Animated Wings Ultimate.esp,Animated Wings Ultimate.esp,AFW_Activator_DragonFriendly,Dragon Friendly Persistent Data Hidden Activator,non-playable record
0xB13~Animated Wings Ultimate.esp,Animated Wings Ultimate.esp,AFW_Activator_DragonWisdom,Dragon Wisdom Persistent Data Hidden Activator,non-playable record
0xB14~Animated Wings Ultimate.esp,Animated Wings Ultimate.esp,AFW_EquippableSoulHoundAurielRunedWings,Soul Hound Auriel Runed Wings,missing armor addon/model links
0xB15~Animated Wings Ultimate.esp,Animated Wings Ultimate.esp,AFW_EquippableSoulHoundBloodRunedWings,Soul Hound Blood Runed Wings,missing armor addon/model links
0xB16~Animated Wings Ultimate.esp,Animated Wings Ultimate.esp,AFW_EquippableFairyBlackWings,Fairy Black Wings,missing armor addon/model links
0xB17~Animated Wings Ultimate.esp,Animated Wings Ultimate.esp,AFW_EquippableFairyBlueWings,Fairy Blue Wings,missing armor addon/model links
0xB18~Animated Wings Ultimate.esp,Animated Wings Ultimate.esp,AFW_EquippableFairyCyanWings,Fairy Cyan Wings,missing armor addon/model links
0xB19~Animated Wings Ultimate.esp,Animated Wings Ultimate.esp,AFW_EquippableFairyGreenWings,Fairy Green Wings,missing armor addon/model links
0xB1A~Animated Wings Ultimate.esp,Animated Wings Ultimate.esp,AFW_Activator_SorcererGreenBrown,Sorcerer Green Brown Persistent Data Hidden Activator,non-playable record
0xB1B~Animated Wings Ultimate.esp,Animated Wings Ultimate.esp,AFW_Activator_AnicillaryEffect,AFW Ancillary Effects Indicator,non-playable record
0xB1C~Animated Wings Ultimate.esp,Animated Wings Ultimate.esp,AFW_Activator_SorcererBrownWhite,Sorcerer Brown White Persistent Data Hidden Activator,non-playable record
0xB1D~Animated Wings Ultimate.esp,Animated Wings Ultimate.esp,AFW_Activator_SorcererBrown,Sorcerer Brown Persistent Data Hidden Activator,non-playable record
0xC79~Animated Wings Ultimate.esp,Animated Wings Ultimate.esp,AFW_Activator_FairyRainbow,Fairy Rainbow Wings Persistent Data Hidden Activator,non-playable record
0xC7A~Animated Wings Ultimate.esp,Animated Wings Ultimate.esp,AFW_Activator_FairyWhite,Fairy White Wings Persistent Data Hidden Activator,non-playable record
0xC7B~Animated Wings Ultimate.esp,Animated Wings Ultimate.esp,AFW_Activator_ChaurusSingle,Chaurus Single Wings Persistent Data Hidden Activator,non-playable record
0xC7C~Animated Wings Ultimate.esp,Animated Wings Ultimate.esp,AFW_Activator_ChaurusSingleLow,Chaurus Single Low Wings Persistent Data Hidden Activator,non-playable record
0xC7D~Animated Wings Ultimate.esp,Animated Wings Ultimate.esp,AFW_Activator_ChaurusDouble,Chaurus Double Wings Persistent Data Hidden Activator,non-playable record
0xC7E~Animated Wings Ultimate.esp,Animated Wings Ultimate.esp,AFW_Activator_ChaurusDoubleLow,Chaurus Double Low Wings Persistent Data Hidden Activator,non-playable record
0xCAF~Animated Wings Ultimate.esp,Animated Wings Ultimate.esp,AFW_EquippableFairyRainbowWings,Fairy Rainbow Wings,missing armor addon/model links
0xCB0~Animated Wings Ultimate.esp,Animated Wings Ultimate.esp,AFW_EquippableFairyWhiteWings,Fairy White Wings,missing armor addon/model links
0xCB1~Animated Wings Ultimate.esp,Animated Wings Ultimate.esp,AFW_EquippableChaurusSingleWings,Chaurus Single Wings,missing armor addon/model links
0xCB2~Animated Wings Ultimate.esp,Animated Wings Ultimate.esp,AFW_EquippableChaurusSingleLowWings,Chaurus Single Low Wings,missing armor addon/model links
0xCB3~Animated Wings Ultimate.esp,Animated Wings Ultimate.esp,AFW_EquippableChaurusDoubleWings,Chaurus Double Wings,missing armor addon/model links
0xCB4~Animated Wings Ultimate.esp,Animated Wings Ultimate.esp,AFW_EquippableChaurusDoubleLowWings,Chaurus Double Low Wings,missing armor addon/model links
0x9EE~AnimatedCarriage.esm,AnimatedCarriage.esm,zxACArmorGoodsMine_Weathered,,non-playable record
0x9EF~AnimatedCarriage.esm,AnimatedCarriage.esm,zxACArmorGoodsSmith,,non-playable record
0x9F0~AnimatedCarriage.esm,AnimatedCarriage.esm,zxACSkinFoxArcticAsDog,,non-playable record
0x9F1~AnimatedCarriage.esm,AnimatedCarriage.esm,zxACArmorGoods01Weathered,,non-playable record
0x9F2~AnimatedCarriage.esm,AnimatedCarriage.esm,zxACHorseHarness,,non-playable record
0x9F3~AnimatedCarriage.esm,AnimatedCarriage.esm,zxACSkinCowNew,,non-playable record
0x9F4~AnimatedCarriage.esm,AnimatedCarriage.esm,zxACArmorGoodsGuard_Windhelm,,non-playable record
0x9F5~AnimatedCarriage.esm,AnimatedCarriage.esm,zxACArmorGoodsGuard_Markarth,,non-playable record
0x9F6~AnimatedCarriage.esm,AnimatedCarriage.esm,zxACArmorGoodsGuard_Riften,,non-playable record
0x9F7~AnimatedCarriage.esm,AnimatedCarriage.esm,zxACArmorGoodsHay,,non-playable record
0x9F8~AnimatedCarriage.esm,AnimatedCarriage.esm,zxACSkinHareMarker,,non-playable record
0x9F9~AnimatedCarriage.esm,AnimatedCarriage.esm,zxACArmorTsunCuirass,Tsun's Armor,non-playable record
0x9FA~AnimatedCarriage.esm,AnimatedCarriage.esm,zxACArmorGoodsAlchemy,,non-playable record
0x9FB~AnimatedCarriage.esm,AnimatedCarriage.esm,zxACArmorGoodsThalmor,,non-playable record
0x9FC~AnimatedCarriage.esm,AnimatedCarriage.esm,zxACArmorGoodsImperial,,non-playable record
0x9FD~AnimatedCarriage.esm,AnimatedCarriage.esm,zxACArmorGoodsGuard_Dawnstar,,non-playable record
0x9FE~AnimatedCarriage.esm,AnimatedCarriage.esm,zxACArmorGoodsFood,,non-playable record
0x9FF~AnimatedCarriage.esm,AnimatedCarriage.esm,zxACArmorGoodsGuard_Solitude,,non-playable record
0xA00~AnimatedCarriage.esm,AnimatedCarriage.esm,zxACArmorGoodsGuard_Winterhold,,non-playable record
0xA01~AnimatedCarriage.esm,AnimatedCarriage.esm,zxACArmorGoodsGuard_Morthal,,non-playable record
0xA02~AnimatedCarriage.esm,AnimatedCarriage.esm,zxACArmorGoodsGuard_Falkreath,,non-playable record
0xA03~AnimatedCarriage.esm,AnimatedCarriage.esm,zxACArmorGoodsGuard_Whiterun,,non-playable record
0xA04~AnimatedCarriage.esm,AnimatedCarriage.esm,zxACArmorMarkerman,,non-playable record
0xA05~AnimatedCarriage.esm,AnimatedCarriage.esm,zxACArmorGoodsMead,,non-playable record
0xA06~AnimatedCarriage.esm,AnimatedCarriage.esm,zxACArmorGoodsAlchemy_Weathered,,non-playable record
0xA07~AnimatedCarriage.esm,AnimatedCarriage.esm,zxACArmorGoodsEnchanter,,non-playable record
0xA08~AnimatedCarriage.esm,AnimatedCarriage.esm,zxACArmorGoodsEnchanter_Weathered,,non-playable record
0xA09~AnimatedCarriage.esm,AnimatedCarriage.esm,zxACArmorGoodsEnchanter_Necro,,non-playable record
0xA0A~AnimatedCarriage.esm,AnimatedCarriage.esm,zxACArmorGoodsFencer,,non-playable record
0xA0B~AnimatedCarriage.esm,AnimatedCarriage.esm,zxACArmorGoodsSmith_Weathered,,non-playable record
0xA0C~AnimatedCarriage.esm,AnimatedCarriage.esm,zxACArmorGoodsFencer_Weathered,,non-playable record
0xA0D~AnimatedCarriage.esm,AnimatedCarriage.esm,zxACArmorGoodsFood_Weathered,,non-playable record
0xA0E~AnimatedCarriage.esm,AnimatedCarriage.esm,zxACArmorGoods01,,non-playable record
0xA0F~AnimatedCarriage.esm,AnimatedCarriage.esm,zxACArmorGoods_Base,,non-playable record
0xA10~AnimatedCarriage.esm,AnimatedCarriage.esm,zxACArmorGoodsMine,,non-playable record
0xDD0~AnimatedCarriage.esm,AnimatedCarriage.esm,zxACArmorGoodsCoffin,,non-playable record
0xDD1~AnimatedCarriage.esm,AnimatedCarriage.esm,zxACArmorGoodsCoffin_Nordic,,non-playable record
0xDD2~AnimatedCarriage.esm,AnimatedCarriage.esm,zxACArmorBoneMan,,non-playable record
0xA6E~AnimatedShips.esl,AnimatedShips.esl,zxSHSkinWolfDog,,non-playable record
0x10013C~Apocalypse - Magic of Skyrim.esp,Apocalypse - Magic of Skyrim.esp,WB_ConjureKyrkrim_Skin,,non-playable record
0x1028F~Apocalypse - Magic of Skyrim.esp,Apocalypse - Magic of Skyrim.esp,WB_ConjureDremoraAssassin_Boots,Valkynaz Archer's Boots,non-playable record
0x107FE~Apocalypse - Magic of Skyrim.esp,Apocalypse - Magic of Skyrim.esp,WB_ConjureDremoraChampion_Armor,Dregas Volar's Armor,non-playable record
0x107FF~Apocalypse - Magic of Skyrim.esp,Apocalypse - Magic of Skyrim.esp,WB_ConjureDremoraChampion_Boots,Dregas Volar's Boots,non-playable record
0x10800~Apocalypse - Magic of Skyrim.esp,Apocalypse - Magic of Skyrim.esp,WB_ConjureDremoraChampion_Gloves,Dregas Volar's Gauntlets,non-playable record
0x10804~Apocalypse - Magic of Skyrim.esp,Apocalypse - Magic of Skyrim.esp,WB_ConjureDremoraChampion_Bones,Dregas Volar's Bones,non-playable record
0x10D68~Apocalypse - Magic of Skyrim.esp,Apocalypse - Magic of Skyrim.esp,WB_ConjureDremoraPitFighter_Bones,Lord Mhas' Pauldrons,non-playable record
0x10D6B~Apocalypse - Magic of Skyrim.esp,Apocalypse - Magic of Skyrim.esp,WB_ConjureXivilaiLord_Armor,Anaxes' Armor,non-playable record
0x10D6C~Apocalypse - Magic of Skyrim.esp,Apocalypse - Magic of Skyrim.esp,WB_ConjureXivilaiLord_Gloves,Anaxes' Claws,non-playable record
0x10D6E~Apocalypse - Magic of Skyrim.esp,Apocalypse - Magic of Skyrim.esp,WB_ConjureDremoraChurl_Body,Churl's Body,non-playable record
0x10D70~Apocalypse - Magic of Skyrim.esp,Apocalypse - Magic of Skyrim.esp,WB_ConjureXivilaiSorcerer_Bones,Moath's Bones,non-playable record
0x10D71~Apocalypse - Magic of Skyrim.esp,Apocalypse - Magic of Skyrim.esp,WB_ConjureXivilaiSorcerer_Tail,Moath's Collar,non-playable record
0x10D76~Apocalypse - Magic of Skyrim.esp,Apocalypse - Magic of Skyrim.esp,WB_ConjureDremoraChampion_Body,Dregas Volar's Body,non-playable record
0x10D80~Apocalypse - Magic of Skyrim.esp,Apocalypse - Magic of Skyrim.esp,WB_ConjureXivilaiLord_Body,Anaxes' Body,non-playable record
0x112EC~Apocalypse - Magic of Skyrim.esp,Apocalypse - Magic of Skyrim.esp,WB_ConjureGoldenSaint_Boots,Golden Saint's Boots,non-playable record
0x112ED~Apocalypse - Magic of Skyrim.esp,Apocalypse - Magic of Skyrim.esp,WB_ConjureGoldenSaint_Armor,Golden Saint's Armor,non-playable record
0x112EE~Apocalypse - Magic of Skyrim.esp,Apocalypse - Magic of Skyrim.esp,WB_ConjureGoldenSaint_Gloves,Golden Saint's Gauntlets,non-playable record
0x112EF~Apocalypse - Magic of Skyrim.esp,Apocalypse - Magic of Skyrim.esp,WB_ConjureGeneric_BodyFemale,Daedric Body,non-playable record
0x112F5~Apocalypse - Magic of Skyrim.esp,Apocalypse - Magic of Skyrim.esp,WB_ConjureDremoraChurl_Armor,Churl's Robes,non-playable record
0x112F9~Apocalypse - Magic of Skyrim.esp,Apocalypse - Magic of Skyrim.esp,WB_ConjureDremoraChurl_Bones,Churl's Torc,non-playable record
0x112FF~Apocalypse - Magic of Skyrim.esp,Apocalypse - Magic of Skyrim.esp,WB_ConjureLich_Actor,Lich's Armor,non-playable record
0x1186A~Apocalypse - Magic of Skyrim.esp,Apocalypse - Magic of Skyrim.esp,WB_ConjureNetherLich_Actor,Nether Lich's Armor,non-playable record
0x1186E~Apocalypse - Magic of Skyrim.esp,Apocalypse - Magic of Skyrim.esp,WB_ConjureHerne_Armor,Herne's Robes,non-playable record
0x11871~Apocalypse - Magic of Skyrim.esp,Apocalypse - Magic of Skyrim.esp,WB_ConjureHerne_Bones,Herne's Bones,non-playable record
0x11873~Apocalypse - Magic of Skyrim.esp,Apocalypse - Magic of Skyrim.esp,WB_ConjureHerne_Boots,Herne's Shoes,non-playable record
0x11876~Apocalypse - Magic of Skyrim.esp,Apocalypse - Magic of Skyrim.esp,WB_ConjureHerne_Helm,Herne's Headdress,non-playable record
0x123E5F~Apocalypse - Magic of Skyrim.esp,Apocalypse - Magic of Skyrim.esp,WB_ConjureCraftlord_Hood,Craftlord's Hood,non-playable record
0x132781~Apocalypse - Magic of Skyrim.esp,Apocalypse - Magic of Skyrim.esp,WB_Necrowitch_Armor,Necrowitch's Robe,non-playable record
0x132788~Apocalypse - Magic of Skyrim.esp,Apocalypse - Magic of Skyrim.esp,WB_Necrowitch_Boots,Necrowitch's Sandals,non-playable record
0x14000A~Apocalypse - Magic of Skyrim.esp,Apocalypse - Magic of Skyrim.esp,WB_ConjureDremoraAssassin_Armor,Valkynaz' Armor,non-playable record
0x14000C~Apocalypse - Magic of Skyrim.esp,Apocalypse - Magic of Skyrim.esp,WB_ConjureDremoraAssassin_Gloves,Valkynaz' Gloves,non-playable record
0x140013~Apocalypse - Magic of Skyrim.esp,Apocalypse - Magic of Skyrim.esp,WB_ConjureXivilaiSorcerer_Gloves,Moath's Claws,non-playable record
0x140014~Apocalypse - Magic of Skyrim.esp,Apocalypse - Magic of Skyrim.esp,WB_ConjureXivilaiSorcerer_Armor,Moath's Armor,non-playable record
0x17514~Apocalypse - Magic of Skyrim.esp,Apocalypse - Magic of Skyrim.esp,WB_ConjureAvengingWraith_Boots,Avenger's Boots,non-playable record
0x17515~Apocalypse - Magic of Skyrim.esp,Apocalypse - Magic of Skyrim.esp,WB_ConjureAvengingWraith_Armor,Avenger's Robes,non-playable record
0x17516~Apocalypse - Magic of Skyrim.esp,Apocalypse - Magic of Skyrim.esp,WB_ConjureAvengingWraith_Hood,Avenger's Hood,non-playable record
0x17AB4~Apocalypse - Magic of Skyrim.esp,Apocalypse - Magic of Skyrim.esp,WB_ConjureAvengingWraith_Decapitated,Avenger's Head,non-playable record
0x19B1B~Apocalypse - Magic of Skyrim.esp,Apocalypse - Magic of Skyrim.esp,WB_ConjureLordOfBindings_Armor,Lord's Armor,non-playable record
0x19B1C~Apocalypse - Magic of Skyrim.esp,Apocalypse - Magic of Skyrim.esp,WB_ConjureLordOfBindings_Boots,Lord's Boots,non-playable record
0x19B1D~Apocalypse - Magic of Skyrim.esp,Apocalypse - Magic of Skyrim.esp,WB_ConjureLordOfBindings_Gloves,Lord's Gloves,non-playable record
0x19B1F~Apocalypse - Magic of Skyrim.esp,Apocalypse - Magic of Skyrim.esp,WB_ConjureLordOfBindings_Helm,Lord's Wreath,non-playable record
0x8ACAD~Apocalypse - Magic of Skyrim.esp,Apocalypse - Magic of Skyrim.esp,WB_ConjureDremoraMentor_Robe,Mentor Robes,non-playable record
0x8ACB0~Apocalypse - Magic of Skyrim.esp,Apocalypse - Magic of Skyrim.esp,WB_ConjureDremoraMentor_Boots,Mentor Boots,non-playable record
0x9035B~Apocalypse - Magic of Skyrim.esp,Apocalypse - Magic of Skyrim.esp,WB_ConjureWeepingDaedra_Robe,Weeping Daedra Robe,non-playable record
0xB0BCB~Apocalypse - Magic of Skyrim.esp,Apocalypse - Magic of Skyrim.esp,WB_ConjureBearTotem_Armor,Shaman's Robes,non-playable record
0xB0BD7~Apocalypse - Magic of Skyrim.esp,Apocalypse - Magic of Skyrim.esp,WB_ConjureBearTotem_Boots,Shaman's Boots,non-playable record
0xB0BD8~Apocalypse - Magic of Skyrim.esp,Apocalypse - Magic of Skyrim.esp,WB_ConjureBearTotem_Gloves,Shaman's Bracers,non-playable record
0xB1C12~Apocalypse - Magic of Skyrim.esp,Apocalypse - Magic of Skyrim.esp,WB_ConjureCraftlord_Cloak,Craftlord's Cloak,non-playable record
0xB21A3~Apocalypse - Magic of Skyrim.esp,Apocalypse - Magic of Skyrim.esp,WB_ConjureCatTotem_Armor,Wild's Robes,non-playable record
0xB21A4~Apocalypse - Magic of Skyrim.esp,Apocalypse - Magic of Skyrim.esp,WB_ConjureCatTotem_Boots,Wild's Boots,non-playable record
0xB72B4~Apocalypse - Magic of Skyrim.esp,Apocalypse - Magic of Skyrim.esp,WB_ConjureDeadeyeCaptain_Armor,Pirate's Armor,non-playable record
0xB781B~Apocalypse - Magic of Skyrim.esp,Apocalypse - Magic of Skyrim.esp,WB_ConjureDeadeyeCaptain_NiceHat,Pirate's Hat,non-playable record
0xBBEEF~Apocalypse - Magic of Skyrim.esp,Apocalypse - Magic of Skyrim.esp,WB_ConjureBattlemage_Armor,Battlemage's Robes,non-playable record
0xBBEF7~Apocalypse - Magic of Skyrim.esp,Apocalypse - Magic of Skyrim.esp,WB_ConjureBattlemage_Boots,Battlemage's Boots,non-playable record
0xBBEF8~Apocalypse - Magic of Skyrim.esp,Apocalypse - Magic of Skyrim.esp,WB_ConjureBattlemage_Gauntlets,Battlemage's Gauntlets,non-playable record
0xF236~Apocalypse - Magic of Skyrim.esp,Apocalypse - Magic of Skyrim.esp,WB_ConjureDremoraPitFighter_Armor,Lord Mhas' Armor,non-playable record
0xF7AC~Apocalypse - Magic of Skyrim.esp,Apocalypse - Magic of Skyrim.esp,WB_ConjureGeneric_Body,Daedric Body,non-playable record
0xF7AE~Apocalypse - Magic of Skyrim.esp,Apocalypse - Magic of Skyrim.esp,WB_ConjureDremoraPitFighter_Gloves,Lord Mhas' Gauntlets,non-playable record
0xF7AF~Apocalypse - Magic of Skyrim.esp,Apocalypse - Magic of Skyrim.esp,WB_ConjureDremoraPitFighter_Boots,Lord Mhas' Boots,non-playable record
0xF7B2~Apocalypse - Magic of Skyrim.esp,Apocalypse - Magic of Skyrim.esp,WB_ConjureXivilaiSorcerer_Body,Moath's Body,non-playable record
0xFD17~Apocalypse - Magic of Skyrim.esp,Apocalypse - Magic of Skyrim.esp,WB_ConjureDremoraAssassin_Body,Valkynaz' Body,non-playable record
0xFD18~Apocalypse - Magic of Skyrim.esp,Apocalypse - Magic of Skyrim.esp,WB_ConjureDremoraAssassin_Hood,Valkynaz' Hood,non-playable record
0xFD23~Apocalypse - Magic of Skyrim.esp,Apocalypse - Magic of Skyrim.esp,WB_ConjureDremoraHonorGuard_Armor,Khash-Ti Dhrur's Armor,non-playable record
0xFD24~Apocalypse - Magic of Skyrim.esp,Apocalypse - Magic of Skyrim.esp,WB_ConjureDremoraHonorGuard_Body,Khash-Ti Dhrur's Body,non-playable record
0xFD25~Apocalypse - Magic of Skyrim.esp,Apocalypse - Magic of Skyrim.esp,WB_ConjureDremoraHonorGuard_Gloves,Khash-Ti Dhrur's Gauntlets,non-playable record
0xFD26~Apocalypse - Magic of Skyrim.esp,Apocalypse - Magic of Skyrim.esp,WB_ConjureDremoraHonorGuard_Boots,Khash-Ti Dhrur's Boots,non-playable record
0xFD2A~Apocalypse - Magic of Skyrim.esp,Apocalypse - Magic of Skyrim.esp,WB_ConjureDremoraHonorGuard_Hood,Khash-Ti Dhrur's Hood,non-playable record
0x19767~Ark of Chanterelle.esp,Ark of Chanterelle.esp,0AcSkinBurntSabrecat,,non-playable record
0xFD2A16~Ark of Chanterelle.esp,Ark of Chanterelle.esp,SkinHydra,,non-playable record
0xFD2A1F~Ark of Chanterelle.esp,Ark of Chanterelle.esp,SkinHydraPhase2,,non-playable record
0xFD2A25~Ark of Chanterelle.esp,Ark of Chanterelle.esp,SkinSeveredHydraHead,Chaurus,non-playable record
0xFD2A29~Ark of Chanterelle.esp,Ark of Chanterelle.esp,SkinHydraPhase3,,non-playable record
0xFD2A49~Ark of Chanterelle.esp,Ark of Chanterelle.esp,SkinHydraPhase4,,non-playable record
0xFD2AEA~Ark of Chanterelle.esp,Ark of Chanterelle.esp,SkinPygmyParahadrosaur,Pygmy Parasaur,non-playable record
0xFD2AFD~Ark of Chanterelle.esp,Ark of Chanterelle.esp,ArmorHideShield_goblin,Hide Shield,non-playable record
0xFD2AFE~Ark of Chanterelle.esp,Ark of Chanterelle.esp,ArmorIronShield_goblin,Iron Shield,non-playable record
0xFD2AFF~Ark of Chanterelle.esp,Ark of Chanterelle.esp,ArmorIronBandedShield_goblin,Banded Iron Shield,non-playable record
0xFD2B03~Ark of Chanterelle.esp,Ark of Chanterelle.esp,mihaildurzog_naked_skin,Durzog,non-playable record
0xFD2B08~Ark of Chanterelle.esp,Ark of Chanterelle.esp,SkinBlacktipHadrosaur,Black Tipped Hadrosaur,non-playable record
0xFD2B0C~Ark of Chanterelle.esp,Ark of Chanterelle.esp,SkinOviraptor,Oviraptor,non-playable record
0xFD2B14~Ark of Chanterelle.esp,Ark of Chanterelle.esp,SkinOtter,,non-playable record
0xFD2B31~Ark of Chanterelle.esp,Ark of Chanterelle.esp,SkinCeratopsidTriceratops,Triceratops,non-playable record
0xFD2B44~Ark of Chanterelle.esp,Ark of Chanterelle.esp,SkinCeratopsidTriceratops2,Triceratops,non-playable record
0xFD2B45~Ark of Chanterelle.esp,Ark of Chanterelle.esp,SkinCeratopsidTriceratops3,Triceratops,non-playable record
0xFD2B46~Ark of Chanterelle.esp,Ark of Chanterelle.esp,SkinCeratopsidTriceratops4,Triceratops,non-playable record
0xFD2B51~Ark of Chanterelle.esp,Ark of Chanterelle.esp,SkinCeratopsidStyracosaurus,Styracosaurus,non-playable record
0xFD2B5E~Ark of Chanterelle.esp,Ark of Chanterelle.esp,SkinCeratopsidStyracosaurus2,Styracosaurus,non-playable record
0xFD2B5F~Ark of Chanterelle.esp,Ark of Chanterelle.esp,SkinCeratopsidStyracosaurus3,Styracosaurus,non-playable record
0xFD2B60~Ark of Chanterelle.esp,Ark of Chanterelle.esp,SkinCeratopsidStyracosaurus4,Styracosaurus,non-playable record
0xFD2B61~Ark of Chanterelle.esp,Ark of Chanterelle.esp,SkinCeratopsidStyracosaurus5,Styracosaurus,non-playable record
0xFD2B62~Ark of Chanterelle.esp,Ark of Chanterelle.esp,SkinCeratopsidStyracosaurus6,Styracosaurus,non-playable record
0xFD2B6A~Ark of Chanterelle.esp,Ark of Chanterelle.esp,SkinCeratopsidPachyrhinosaurus,Pachyrhinosaurus,non-playable record
0xFD2B79~Ark of Chanterelle.esp,Ark of Chanterelle.esp,SkinCeratopsidPachyrhinosaurus2,Pachyrhinosaurus,non-playable record
0xFD2B7A~Ark of Chanterelle.esp,Ark of Chanterelle.esp,SkinCeratopsidPachyrhinosaurus3,Pachyrhinosaurus,non-playable record
0xFD2B7B~Ark of Chanterelle.esp,Ark of Chanterelle.esp,SkinCeratopsidPachyrhinosaurus4,Pachyrhinosaurus,non-playable record
0xFD2B7C~Ark of Chanterelle.esp,Ark of Chanterelle.esp,SkinCeratopsidPachyrhinosaurus5,Pachyrhinosaurus,non-playable record
0xFD2B7D~Ark of Chanterelle.esp,Ark of Chanterelle.esp,SkinCeratopsidPachyrhinosaurus6,Pachyrhinosaurus,non-playable record
0xFD2B7E~Ark of Chanterelle.esp,Ark of Chanterelle.esp,SkinCeratopsidPachyrhinosaurus7,Pachyrhinosaurus,non-playable record
0xFD2B8E~Ark of Chanterelle.esp,Ark of Chanterelle.esp,SkinDimorphodon,Dimorphodon,non-playable record
0xFD2B96~Ark of Chanterelle.esp,Ark of Chanterelle.esp,SkinDimorphodon2,Dimorphodon,non-playable record
0xFD2B99~Ark of Chanterelle.esp,Ark of Chanterelle.esp,SkinDimorphodon3,Dimorphodon,non-playable record
0xFD2B9C~Ark of Chanterelle.esp,Ark of Chanterelle.esp,SkinDimorphodon4,Dimorphodon,non-playable record
0xFD2BC5~Ark of Chanterelle.esp,Ark of Chanterelle.esp,SkinStegosaur,Stegosaurus,non-playable record
0xFD2BC8~Ark of Chanterelle.esp,Ark of Chanterelle.esp,SkinStegosaur2,Stegosaurus,non-playable record
0xFD2BCB~Ark of Chanterelle.esp,Ark of Chanterelle.esp,SkinStegosaur3,Stegosaurus,non-playable record
0xFD2BCE~Ark of Chanterelle.esp,Ark of Chanterelle.esp,SkinStegosaur4,Stegosaurus,non-playable record
0xFD2BD2~Ark of Chanterelle.esp,Ark of Chanterelle.esp,SkinStegoChungkingosaurus,Chungkingosaurus,non-playable record
0xFD2BD6~Ark of Chanterelle.esp,Ark of Chanterelle.esp,SkinStegoKentrosaurus,Kentrosaurus,non-playable record
0xFD2BEB~Ark of Chanterelle.esp,Ark of Chanterelle.esp,SkinStegoGigantspinosaurus,Gigantspinosaurus,non-playable record
0xFD2BEF~Ark of Chanterelle.esp,Ark of Chanterelle.esp,SkinStegoWuerhosaurus,Wuerhosaurus,non-playable record
0xFD2BFF~Ark of Chanterelle.esp,Ark of Chanterelle.esp,SkinShroomBeetleRed,Shroom Beetled,non-playable record
0xFD310F~Ark of Chanterelle.esp,Ark of Chanterelle.esp,SkinShroomBeetleYellow,Shroom Beetle,non-playable record
0xFD3112~Ark of Chanterelle.esp,Ark of Chanterelle.esp,SkinShroomBeetleBlue,Shroom Beetle,non-playable record
0xFD3115~Ark of Chanterelle.esp,Ark of Chanterelle.esp,SkinShroomBeetleBlackReach,Blackreach Shroom Beetle,non-playable record
0xFD3418~Ark of Chanterelle.esp,Ark of Chanterelle.esp,SkinShroomBeetleBlackReachPet,Blackreach Shroom Beetle,non-playable record
0xFD3419~Ark of Chanterelle.esp,Ark of Chanterelle.esp,SkinShroomBeetleBluePet,Shroom Beetle,non-playable record
0xFD341A~Ark of Chanterelle.esp,Ark of Chanterelle.esp,SkinShroomBeetleRedPet,Shroom Beetle,non-playable record
0xFD341B~Ark of Chanterelle.esp,Ark of Chanterelle.esp,SkinShroomBeetleYellowPet,Shroom Beetle,non-playable record
0xFD3529~Ark of Chanterelle.esp,Ark of Chanterelle.esp,mihailgorgonopsraceskin,,non-playable record
0xFD353A~Ark of Chanterelle.esp,Ark of Chanterelle.esp,mihailgoblinskin,,non-playable record
0xFD353B~Ark of Chanterelle.esp,Ark of Chanterelle.esp,mihailgoblinskin2,,non-playable record
0xFD353C~Ark of Chanterelle.esp,Ark of Chanterelle.esp,mihailgoblinskin3,,non-playable record
0xFD35C5~Ark of Chanterelle.esp,Ark of Chanterelle.esp,Skinwalker21SkinAlit,,non-playable record
0xFD35C8~Ark of Chanterelle.esp,Ark of Chanterelle.esp,Skinwalker21SkinAlit2,,non-playable record
0xFD35CB~Ark of Chanterelle.esp,Ark of Chanterelle.esp,Skinwalker21SkinAlit3,,non-playable record
0xFD3614~Ark of Chanterelle.esp,Ark of Chanterelle.esp,SkinShalk1,,non-playable record
0xFD3615~Ark of Chanterelle.esp,Ark of Chanterelle.esp,SkinShalk0,,non-playable record
0xFD3627~Ark of Chanterelle.esp,Ark of Chanterelle.esp,SkinTyrannosauridRex,,non-playable record
0xFD3630~Ark of Chanterelle.esp,Ark of Chanterelle.esp,SkinTyrannosauridTarbosaurus,,non-playable record
0xFD3634~Ark of Chanterelle.esp,Ark of Chanterelle.esp,SkinTyrannosauridAlbertosaurus,,non-playable record
0xFD363A~Ark of Chanterelle.esp,Ark of Chanterelle.esp,SkinTyrannosauridGorgosaurus,,non-playable record
0xFD363F~Ark of Chanterelle.esp,Ark of Chanterelle.esp,SkinTyrannosauridDaspletosaurus,,non-playable record
0xFD3644~Ark of Chanterelle.esp,Ark of Chanterelle.esp,SkinTyrannosauridZhuchengtyrannus,,non-playable record
0xFD369D~Ark of Chanterelle.esp,Ark of Chanterelle.esp,SK21UtahRaptorSkin,,non-playable record
0xFD36A1~Ark of Chanterelle.esp,Ark of Chanterelle.esp,SK21DeinonychusSkin,,non-playable record
0xFD36A4~Ark of Chanterelle.esp,Ark of Chanterelle.esp,SK21VelociraptorSkin,,non-playable record
0xFD3767~Ark of Chanterelle.esp,Ark of Chanterelle.esp,SkinBlacktipHadrosaur_F,Black Tipped Hadrosaur,non-playable record
0xFD376A~Ark of Chanterelle.esp,Ark of Chanterelle.esp,SkinReindeerhadrosaur_F,Reindrosaur,non-playable record
0xFD376C~Ark of Chanterelle.esp,Ark of Chanterelle.esp,SkinReindeerHadrosaur,Reindrosaur,non-playable record
0xFD376E~Ark of Chanterelle.esp,Ark of Chanterelle.esp,SkinLambeoHadrosaur,Lambeosaurus,non-playable record
0xFD3774~Ark of Chanterelle.esp,Ark of Chanterelle.esp,Skinmallardhadrosaur,Hypacrosaurus,non-playable record
0xFD3775~Ark of Chanterelle.esp,Ark of Chanterelle.esp,Skinmallardhadrosaurgreenhead,Hypacrosaurus,non-playable record
0xFD3991~Ark of Chanterelle.esp,Ark of Chanterelle.esp,SkinStegoKentrosaurus2,Kentrosaurus,non-playable record
0xFD3AF9~Ark of Chanterelle.esp,Ark of Chanterelle.esp,SkinUnicorn,,non-playable record
0xFD3D9B~Ark of Chanterelle.esp,Ark of Chanterelle.esp,mihailogresskin,,non-playable record
0xFD3D9E~Ark of Chanterelle.esp,Ark of Chanterelle.esp,mihailogresskincommon,,non-playable record
0xFD3DA3~Ark of Chanterelle.esp,Ark of Chanterelle.esp,mihailogresskinSNOW,,non-playable record
0xFD3DA6~Ark of Chanterelle.esp,Ark of Chanterelle.esp,mihailogresskinSNOWcommon,,non-playable record
0xFD3DA9~Ark of Chanterelle.esp,Ark of Chanterelle.esp,mihailogresskinORC,,non-playable record
0xFD3DAC~Ark of Chanterelle.esp,Ark of Chanterelle.esp,mihailogreclaws,,non-playable record
0xFD3DB7~Ark of Chanterelle.esp,Ark of Chanterelle.esp,SkinLambeoHadrosaur2,Lambeosaurus,non-playable record
0xFD3DBB~Ark of Chanterelle.esp,Ark of Chanterelle.esp,SkinShantungosaurushadrosaur,Shantungosaurus,non-playable record
0xFD3DC0~Ark of Chanterelle.esp,Ark of Chanterelle.esp,SkinTelmatohadrosaur,Telmatosaurus,non-playable record
0xFD3DC5~Ark of Chanterelle.esp,Ark of Chanterelle.esp,mihaildurzog_naked_skin2,Durzog,non-playable record
0xFD3DC6~Ark of Chanterelle.esp,Ark of Chanterelle.esp,SkinParahadrosaur,Parasaur,non-playable record
0xFD45E6~Ark of Chanterelle.esp,Ark of Chanterelle.esp,0AcSkinAshcrabLarge,,non-playable record
0xFD4916~Ark of Chanterelle.esp,Ark of Chanterelle.esp,0AcSkinPurpleDeerGlow,Purple Glow Deer,non-playable record
0xFD491A~Ark of Chanterelle.esp,Ark of Chanterelle.esp,0AcSkinOrangeGoat,Orange Goat,non-playable record
0xFD4920~Ark of Chanterelle.esp,Ark of Chanterelle.esp,0AcSkinFireGiant,Fire Giant,non-playable record
0xFD4923~Ark of Chanterelle.esp,Ark of Chanterelle.esp,0AcSkinRedSabrecat,,non-playable record
0xFD532D~Ark of Chanterelle.esp,Ark of Chanterelle.esp,BW21_SkinPlesiosaur,Plesiosaur,non-playable record
0xFD5330~Ark of Chanterelle.esp,Ark of Chanterelle.esp,BW21_SkinLakeLlinaltaMonster,Lake Llinalta Monster,non-playable record
0x16D18B~AX ValSerano.esp,AX ValSerano.esp,AX_CrewGloves,Dark Rose Crew Bracers,non-playable record
0x23A07D~AX ValSerano.esp,AX ValSerano.esp,AX_SkinGhostFoxArctic,,non-playable record
0x23F37~AX ValSerano.esp,AX ValSerano.esp,AX_ValBoots,Val's Boots,non-playable record
0x23F39~AX ValSerano.esp,AX ValSerano.esp,AX_ValClothes,Val's Clothes,non-playable record
0x2AEF40~AX ValSerano.esp,AX ValSerano.esp,AX_DLC1SkinGargoyle,,non-playable record
0x2DCBCF~AX ValSerano.esp,AX ValSerano.esp,AX_CrowWraithBody,Crow Wraith,non-playable record
0x2DCBD0~AX ValSerano.esp,AX ValSerano.esp,AX_CrowWraithRaven,Crow Daedra,non-playable record
0x31703F~AX ValSerano.esp,AX ValSerano.esp,AX_ValSparePants,Val's Spare Pants,non-playable record
0x32E1DB~AX ValSerano.esp,AX ValSerano.esp,AX_DaedrothBody,,non-playable record
0x39B494~AX ValSerano.esp,AX ValSerano.esp,AX_CthulhoidBody,,non-playable record
0x3AF9E9~AX ValSerano.esp,AX ValSerano.esp,AX_BloodwraithBody,,non-playable record
0x3BEE11~AX ValSerano.esp,AX ValSerano.esp,AX_BloodWSkeletonBody,,non-playable record
0x3C90B6~AX ValSerano.esp,AX ValSerano.esp,AX_WatcherBody,Watcher,non-playable record
0x41283D~AX ValSerano.esp,AX ValSerano.esp,AX_ElinNakedBody,,non-playable record
0x41F7C0~AX ValSerano.esp,AX ValSerano.esp,AX_StormGolemBody,,non-playable record
0x424925~AX ValSerano.esp,AX ValSerano.esp,AX_StormGolemBodyFx,,non-playable record
0x48528C~AX ValSerano.esp,AX ValSerano.esp,AX_ValPants,Val's Pants,non-playable record
0x4DDC23~AX ValSerano.esp,AX ValSerano.esp,AX_SkinScuttler,,non-playable record
0x4EEFC5~AX ValSerano.esp,AX ValSerano.esp,AX_ValUndies,Val's Smallclothes,non-playable record
0x54535D~AX ValSerano.esp,AX ValSerano.esp,AX_PirateBasicHat,Pirate's Hat,non-playable record
0x545C4~AX ValSerano.esp,AX ValSerano.esp,AX_BoundShield,Serano's Bound Shield,non-playable record
0x545C5~AX ValSerano.esp,AX ValSerano.esp,AX_BoundShieldMystic,Serano's Mystic Bound Shield,non-playable record
0x56DC73~AX ValSerano.esp,AX ValSerano.esp,AX_ValOtherClothes,Val's Other Clothes,non-playable record
0x59CD19~AX ValSerano.esp,AX ValSerano.esp,AX_ValPrisonerRags,Ragged Trousers,non-playable record
0x65744F~AX ValSerano.esp,AX ValSerano.esp,AX_FathisPants,Pirate Pants,non-playable record
0x67C816~AX ValSerano.esp,AX ValSerano.esp,AX_XivkynNakedBody,,non-playable record
0x6DC9F~AX ValSerano.esp,AX ValSerano.esp,AX_WindwardSaddle,Windward's Tack,non-playable record
0x6DCA0~AX ValSerano.esp,AX ValSerano.esp,AX_WindwardBody,,non-playable record
0x6E9EE2~AX ValSerano.esp,AX ValSerano.esp,AX_ValAzimuthTorsoNoArmor,Val's Seafaring Mage Robes,non-playable record
0x6E9EE3~AX ValSerano.esp,AX ValSerano.esp,AX_ValAzimuthBootsNoArmor,Val's Seafaring Mage Boots,non-playable record
0x6E9EE4~AX ValSerano.esp,AX ValSerano.esp,AX_ValAzimuthBracersNoArmor,Val's Seafaring Mage Bracers,non-playable record
0x6F92E3~AX ValSerano.esp,AX ValSerano.esp,AX_ValLOTDArmor,Val's Explorer Armor,non-playable record
0x6F92E4~AX ValSerano.esp,AX ValSerano.esp,AX_ValLOTDBoots,Val's Explorer Boots,non-playable record
0x6F92E5~AX ValSerano.esp,AX ValSerano.esp,AX_ValLOTDBracers,Val's Explorer Bracers,non-playable record
0x785282~AX ValSerano.esp,AX ValSerano.esp,AX_BurnValNakedBody,,non-playable record
0x7A061~AX ValSerano.esp,AX ValSerano.esp,AX_ValRing,Val's Sapphire Ring,non-playable record
0x7AB896~AX ValSerano.esp,AX ValSerano.esp,AX_PirateLadyToso,Lady Pirate's Clothing,non-playable record
0x7ADDB1~AX ValSerano.esp,AX ValSerano.esp,AX_SparkyBody,Sparky,non-playable record
0x7CF20C~AX ValSerano.esp,AX ValSerano.esp,AX_FathisLastriemClothes,Pirate Clothes,non-playable record
0x7D94A4~AX ValSerano.esp,AX ValSerano.esp,AX_HorseBronzeBody,,non-playable record
0x81DAC7~AX ValSerano.esp,AX ValSerano.esp,AX_DremoraNakedBody,,non-playable record
0x822C21~AX ValSerano.esp,AX ValSerano.esp,AX_CasualPirateClothes,Casual Pirate Clothing,non-playable record
0x8F8320~AX ValSerano.esp,AX ValSerano.esp,AX_ValElmlockPants,Val's Mage Pants,non-playable record
0x90597B~AX ValSerano.esp,AX ValSerano.esp,AX_FathisNakedBody,,non-playable record
0x905982~AX ValSerano.esp,AX ValSerano.esp,AX_ValNakedBody,,non-playable record
0x90FC01~AX ValSerano.esp,AX ValSerano.esp,AX_TarekNakedBody,,non-playable record
0x92923D~AX ValSerano.esp,AX ValSerano.esp,AX_RavaniNakedBody,,non-playable record
0x9334BE~AX ValSerano.esp,AX ValSerano.esp,AX_RavaniShoes,Ravani's Shoes,non-playable record
0x9334BF~AX ValSerano.esp,AX ValSerano.esp,AX_RavaniDress,Ravani's Teal Dress,non-playable record
0x9484E~AX ValSerano.esp,AX ValSerano.esp,AX_ValStalhrimBoots,Val's Stalhrim Boots,non-playable record
0x9484F~AX ValSerano.esp,AX ValSerano.esp,AX_ValStalhrimArmor,Val's Stalhrim Armor,non-playable record
0x94850~AX ValSerano.esp,AX ValSerano.esp,AX_ValStalhrimGauntlets,Val's Stalhrim Gauntlets,non-playable record
0x951C34~AX ValSerano.esp,AX ValSerano.esp,AX_FathisPantsHealed,Pirate Pants,non-playable record
0x9703D8~AX ValSerano.esp,AX ValSerano.esp,AX_ValWeddingBoots,Val's Dress Boots,non-playable record
0x9703D9~AX ValSerano.esp,AX ValSerano.esp,AX_ValWeddingClothes,Val's Dress Clothes,non-playable record
0x99FE53~AX ValSerano.esp,AX ValSerano.esp,AX_ElinDress,Elin's Clothes,non-playable record
0x9B447C~AX ValSerano.esp,AX ValSerano.esp,AX_ElinShoes,Elin's Shoes,non-playable record
0x9F960F~AX ValSerano.esp,AX ValSerano.esp,AX_FathisCaptainGloves,Fathis's Gloves,non-playable record
0x9F9610~AX ValSerano.esp,AX ValSerano.esp,AX_FathisCaptainBoots,Fathis's Boots,non-playable record
0x9F9611~AX ValSerano.esp,AX ValSerano.esp,AX_FathisCaptainArmor,Fathis's Armor,non-playable record
0x9F9613~AX ValSerano.esp,AX ValSerano.esp,AX_FathisCaptainScarf,Fathis's Scarf,non-playable record
0xA822F8~AX ValSerano.esp,AX ValSerano.esp,AX_YoungValNakedBody,,non-playable record
0xA822FC~AX ValSerano.esp,AX ValSerano.esp,AX_YoungValClothes,Young Val's Clothes,non-playable record
0xA822FD~AX ValSerano.esp,AX ValSerano.esp,AX_YoungValShoes,Young Val's Shoes,non-playable record
0xB0B968~AX ValSerano.esp,AX ValSerano.esp,AX_ValElmlockArmor,Val's Mage Armor,non-playable record
0xB0B969~AX ValSerano.esp,AX ValSerano.esp,AX_ValElmlockBoots,Val's Mage Boots,non-playable record
0xB0B96A~AX ValSerano.esp,AX ValSerano.esp,AX_ValElmlockGloves,Val's Mage Gloves,non-playable record
0xBF82F2~AX ValSerano.esp,AX ValSerano.esp,AX_PlushieChaurusBody,Plushie Chaurus,non-playable record
0xBFD447~AX ValSerano.esp,AX ValSerano.esp,AX_RavaniDressWarm,Ravani's Warm Coat,non-playable record
0xBFD449~AX ValSerano.esp,AX ValSerano.esp,AX_RavaniBootsWarm,Ravani's Warm Boots,non-playable record
0xC3285A~AX ValSerano.esp,AX ValSerano.esp,AX_ValCasualCaptainTorso,Val's Casual Captain Clothes,non-playable record
0xC3285B~AX ValSerano.esp,AX ValSerano.esp,AX_ValCasualCaptainBoots,Val's Casual Captain Boots,non-playable record
0xCDA4EF~AX ValSerano.esp,AX ValSerano.esp,AX_ValUndiesTNG,Val's Smallclothes,non-playable record
0xCF6939~AX ValSerano.esp,AX ValSerano.esp,AX_CCValSpellKnightBoots,Val's Spell Knight Boots,non-playable record
0xCF693A~AX ValSerano.esp,AX ValSerano.esp,AX_CCValSpellKnightCuirass,Val's Spell Knight Armor,non-playable record
0xCF693B~AX ValSerano.esp,AX ValSerano.esp,AX_CCValSpellKnightGloves,Val's Spell Knight Gauntlets,non-playable record
0xEA94AE~AX ValSerano.esp,AX ValSerano.esp,AX_CrystalMudcrabSmol,,non-playable record
0xEDEBE6~AX ValSerano.esp,AX ValSerano.esp,AX_RavaniShoesNew,Ravani's Best Teal Shoes,non-playable record
0xEDEBE7~AX ValSerano.esp,AX ValSerano.esp,AX_RavaniDressNew,Ravani's Best Teal Dress,non-playable record
0x182D~BaboInteractiveDia.esp,BaboInteractiveDia.esp,BaboCumLowerBod1,CumLowerBody,non-playable record
0x1D92~BaboInteractiveDia.esp,BaboInteractiveDia.esp,BaboCumUpperBody,BaboCumUpperBody,non-playable record
0x27899D~BaboInteractiveDia.esp,BaboInteractiveDia.esp,BaboGagLogBitNPC,Logbit,non-playable record
0x30158B~BaboInteractiveDia.esp,BaboInteractiveDia.esp,BaboKeywordRingCurtain,Outfit Style: Curtain,missing armor addon/model links
0x30158C~BaboInteractiveDia.esp,BaboInteractiveDia.esp,BaboKeywordRingTransparent,Outfit Style: Transparent,missing armor addon/model links
0x30158D~BaboInteractiveDia.esp,BaboInteractiveDia.esp,BaboKeywordRingLewdLeotard,Outfit Style: Lewd Leotard,missing armor addon/model links
0x3327~BaboInteractiveDia.esp,BaboInteractiveDia.esp,BaboTearsMesh1,BaboTearsMesh,non-playable record
0x38BA8~BaboInteractiveDia.esp,BaboInteractiveDia.esp,BaboCumMesh1,CumMesh1,non-playable record
0x3DEE~BaboInteractiveDia.esp,BaboInteractiveDia.esp,BaboCumVaginaMesh,BaboCumVagina,non-playable record
0x42DB4~BaboInteractiveDia.esp,BaboInteractiveDia.esp,BaboArmorSteelBootsBNonplayable,Steel Boots,non-playable record
0x42DB5~BaboInteractiveDia.esp,BaboInteractiveDia.esp,BaboArmorSteelGauntletsBNonplayable,Imperial Steel Gloves ,non-playable record
0x42DB6~BaboInteractiveDia.esp,BaboInteractiveDia.esp,BaboArmorSteelGauntletsANonplayable,Steel Gauntlets,non-playable record
0x42DB7~BaboInteractiveDia.esp,BaboInteractiveDia.esp,BaboArmorSteelBootsANonplayable,Steel Boots,non-playable record
0x42DBA~BaboInteractiveDia.esp,BaboInteractiveDia.esp,BaboArmorOrcishBootsNonplayable,Orcish Boots,non-playable record
0x42DBB~BaboInteractiveDia.esp,BaboInteractiveDia.esp,BaboArmorOrcishGauntletsNonplayable,Orcish Gauntlets,non-playable record
0x42DBD~BaboInteractiveDia.esp,BaboInteractiveDia.esp,BaboArmorLeatherBootsNonplayable,Leather Boots,non-playable record
0x42DBE~BaboInteractiveDia.esp,BaboInteractiveDia.esp,BaboArmorLeatherGauntletsNonplayable,Leather Gauntlets,non-playable record
0x8B1E70~BaboInteractiveDia.esp,BaboInteractiveDia.esp,BaboWristRopeTest,Wrist restraint rope test ,suspicious invisible/test/skin record; add to includedSuspiciousForms to force inclusion
0xA00194~BaboInteractiveDia.esp,BaboInteractiveDia.esp,BaboKeywordRingPretty,Outfit Style: Pretty,missing armor addon/model links
0xA00195~BaboInteractiveDia.esp,BaboInteractiveDia.esp,BaboKeywordRingErotic,Outfit Style: Sexy,missing armor addon/model links
0xA00196~BaboInteractiveDia.esp,BaboInteractiveDia.esp,BaboKeywordRingEroSpendex,Outfit Style: Spandex,missing armor addon/model links
0xA00197~BaboInteractiveDia.esp,BaboInteractiveDia.esp,BaboKeywordRingHalfNakedBikini,Outfit Style: Bikini,missing armor addon/model links
0xA00198~BaboInteractiveDia.esp,BaboInteractiveDia.esp,BaboKeywordRingHalfNaked,Outfit Style: Skimpy,missing armor addon/model links
0xAE411B~BaboInteractiveDia.esp,BaboInteractiveDia.esp,BaboTearsMesh2,BaboTearsMesh,non-playable record
0xB908A5~BaboInteractiveDia.esp,BaboInteractiveDia.esp,BaboKeywordRingTest,Babo Dialogue Test Ring,suspicious invisible/test/skin record; add to includedSuspiciousForms to force inclusion
0xC51036~BaboInteractiveDia.esp,BaboInteractiveDia.esp,BaboXmarkerArmor,Xmarker Armor,non-playable record
0xB64A54~BalazarTheHusky.esp,BalazarTheHusky.esp,BLZR_DremoraDaedricBoots,Daedric Boots,non-playable record
0xB64A55~BalazarTheHusky.esp,BalazarTheHusky.esp,BLZR_DremoraDaedricCuirass,Daedric Armor,non-playable record
0xB64A56~BalazarTheHusky.esp,BalazarTheHusky.esp,BLZR_DremoraDaedricGauntlets,Daedric Gauntlets,non-playable record
0xB83080~BalazarTheHusky.esp,BalazarTheHusky.esp,BLZR_DremoraDaedricHelmet,Daedric Helmet,non-playable record
0x940~BIRDS.esl,BIRDS.esl,EN_SkinRaven,Raven,non-playable record
0x99F~BIRDS.esl,BIRDS.esl,EN_SkinPheasant,Pheasant,non-playable record
0x102D18~BPUFXelzazFollower.esp,BPUFXelzazFollower.esp,BPUFTelvanniSpellswordBoots,Xelzaz's Telvanni Boots,non-playable record
0x102D19~BPUFXelzazFollower.esp,BPUFXelzazFollower.esp,BPUFTelvanniSpellswordCuirass,Xelzaz's Telvanni Spellsword Cuirass,non-playable record
0x102D1A~BPUFXelzazFollower.esp,BPUFXelzazFollower.esp,BPUFTelvanniSpellswordGauntlets,Xelzaz's Telvanni Spellsword Gauntlets,non-playable record
0x560EB2~BPUFXelzazFollower.esp,BPUFXelzazFollower.esp,BPUFTelvanniSpellswordTailTempered,Xelzaz's Tempered Telvanni Spellsword Tail Armor,non-playable record
0x66A415~BPUFXelzazFollower.esp,BPUFXelzazFollower.esp,BPUFXelzazHood,Xelzaz's Padded Hood,non-playable record
0x7A4610~BPUFXelzazFollower.esp,BPUFXelzazFollower.esp,BPUFXelzazGuarSkin,,non-playable record
0xD06893~BPUFXelzazFollower.esp,BPUFXelzazFollower.esp,BPUFXelzazHoodTempered,Xelzaz's Tempered Padded Hood,non-playable record
0xD06894~BPUFXelzazFollower.esp,BPUFXelzazFollower.esp,BPUFTelvanniSpellswordGauntletsTempered,Xelzaz's Tempered Telvanni Spellsword Gauntlets,non-playable record
0xD06895~BPUFXelzazFollower.esp,BPUFXelzazFollower.esp,BPUFTelvanniSpellswordCuirassTempered,Xelzaz's Tempered Telvanni Spellsword Cuirass,non-playable record
0xD06896~BPUFXelzazFollower.esp,BPUFXelzazFollower.esp,BPUFTelvanniSpellswordBootsTempered,Xelzaz's Tempered Telvanni Boots,non-playable record
0xDF494D~BPUFXelzazFollower.esp,BPUFXelzazFollower.esp,BPUFXelzazSeryneScarf,Xelzaz's Scarf,non-playable record
0xF298F1~BPUFXelzazFollower.esp,BPUFXelzazFollower.esp,BPUFXelzazSeryneScarfCowl,Xelzaz's Scarf Cowl,non-playable record
0x4A15~BSAssets.esm,BSAssets.esm,BSHRSkinGoblin,,non-playable record
0x6018A9~BSAssets.esm,BSAssets.esm,BSKSkinWolfTimber,,non-playable record
0x601B05~BSAssets.esm,BSAssets.esm,BSKSkinRhinoVlt,WoollyRhino,non-playable record
0x601C04~BSAssets.esm,BSAssets.esm,BSKSkinSkeletonArgonian,,non-playable record
0x601C05~BSAssets.esm,BSAssets.esm,BSKSkinSkeletonKhajiit,,non-playable record
0x601C06~BSAssets.esm,BSAssets.esm,BSKSkinSkeletonOrc,,non-playable record
0x601C07~BSAssets.esm,BSAssets.esm,BSKSkinSkeletonElf,,non-playable record
0x601FAA~BSAssets.esm,BSAssets.esm,BSKSkinScamp,,non-playable record
0x601FC0~BSAssets.esm,BSAssets.esm,BSKSkinOgre,,non-playable record
0x601FC5~BSAssets.esm,BSAssets.esm,BSKSkinSload,,non-playable record
0x601FCF~BSAssets.esm,BSAssets.esm,BSKSkinNaked,,missing display name
0x601FD5~BSAssets.esm,BSAssets.esm,BSKDecapitatedHead,,non-playable record
0x6020A5~BSAssets.esm,BSAssets.esm,BSKSkinNakedSnowElf,,missing display name
0x6020C1~BSAssets.esm,BSAssets.esm,BSKSkinRat,,non-playable record
0x6020C2~BSAssets.esm,BSAssets.esm,BSKSkinZombieMale01,,non-playable record
0x6020D4~BSAssets.esm,BSAssets.esm,BSKSkinBoar,Boar,non-playable record
0x602631~BSAssets.esm,BSAssets.esm,BSKSkinGoblin02,,non-playable record
0x602632~BSAssets.esm,BSAssets.esm,BSKSkinGoblin02b,,non-playable record
0x602638~BSAssets.esm,BSAssets.esm,BSKSkinGoblin03,,non-playable record
0x602639~BSAssets.esm,BSAssets.esm,BSKSkinGoblin04,,non-playable record
0x60263A~BSAssets.esm,BSAssets.esm,BSKSkinGoblin05,,non-playable record
0x60263B~BSAssets.esm,BSAssets.esm,BSKSkinGoblin06,,non-playable record
0x60263C~BSAssets.esm,BSAssets.esm,BSKSkinGoblin07,,non-playable record
0x602663~BSAssets.esm,BSAssets.esm,BSKSkinGoblin02c,,non-playable record
0x602664~BSAssets.esm,BSAssets.esm,BSKSkinGoblin02d,,non-playable record
0x602668~BSAssets.esm,BSAssets.esm,BSKSkinGoblin03b,,non-playable record
0x602669~BSAssets.esm,BSAssets.esm,BSKSkinGoblin03c,,non-playable record
0x60266A~BSAssets.esm,BSAssets.esm,BSKSkinGoblin03d,,non-playable record
0x60266E~BSAssets.esm,BSAssets.esm,BSKSkinGoblin05b,,non-playable record
0x60266F~BSAssets.esm,BSAssets.esm,BSKSkinGoblin05c,,non-playable record
0x602682~BSAssets.esm,BSAssets.esm,BSKSkinGoblin,,non-playable record
0x602689~BSAssets.esm,BSAssets.esm,BSKSkinAtronachColdFlame,,non-playable record
0x6026BD~BSAssets.esm,BSAssets.esm,SkinOgre01,,non-playable record
0x6026D0~BSAssets.esm,BSAssets.esm,SkinOgre02,,non-playable record
0x6026DD~BSAssets.esm,BSAssets.esm,CYRSkinMinotaur02,,non-playable record
0x6026E8~BSAssets.esm,BSAssets.esm,CYRSkinMinotaur01,,non-playable record
0x6026FC~BSAssets.esm,BSAssets.esm,BSKSkinAyleidLich,,non-playable record
0x602734~BSAssets.esm,BSAssets.esm,BSKSkinAyleidZombie,,non-playable record
0x602735~BSAssets.esm,BSAssets.esm,BSKSkinAyleidZombie01,,non-playable record
0x60273C~BSAssets.esm,BSAssets.esm,BSKSkinNakedWereboarBeast,,missing display name
0x6029A0~BSAssets.esm,BSAssets.esm,BSKSkinImp,Imp,non-playable record
0x6029A1~BSAssets.esm,BSAssets.esm,BSKSkinImpDark,Imp,non-playable record
0x602BDC~BSAssets.esm,BSAssets.esm,BSKSkinSprigganBlue,,non-playable record
0x602BDD~BSAssets.esm,BSAssets.esm,BSKSkinSprigganRed,,non-playable record
0x602BDE~BSAssets.esm,BSAssets.esm,BSKSkinSprigganFrozen,,non-playable record
0x38F7~BSHeartland.esm,BSHeartland.esm,CYRSkinMudcrab,,non-playable record
0x38F9~BSHeartland.esm,BSHeartland.esm,CYRSkinMudcrabLarge,,non-playable record
0x38FB~BSHeartland.esm,BSHeartland.esm,CYRSkinMudcrabMedium,,non-playable record
0x3C85~BSHeartland.esm,BSHeartland.esm,CYRSkinWolf,,non-playable record
0x5BC36~BSHeartland.esm,BSHeartland.esm,CYRSkinSkeleton,,non-playable record
0x6180A~BSHeartland.esm,BSHeartland.esm,CYRSkinHorseBay,,non-playable record
0x6180B~BSHeartland.esm,BSHeartland.esm,CYRSkinHorsePaint,,non-playable record
0x6180C~BSHeartland.esm,BSHeartland.esm,CYRSkinHorseChestnut,,non-playable record
0x6180D~BSHeartland.esm,BSHeartland.esm,CYRSkinHorseBlack,,non-playable record
0x6180E~BSHeartland.esm,BSHeartland.esm,CYRSkinHorseWhite,,non-playable record
0x6DAD2~BSHeartland.esm,BSHeartland.esm,CYRArmorBonemoldCuirassNonPlayable,Bonemold Armor,non-playable record
0x6DAD3~BSHeartland.esm,BSHeartland.esm,CYRArmorBonemoldGauntletsNonPlayable,Bonemold Gauntlets,non-playable record
0x6DAD4~BSHeartland.esm,BSHeartland.esm,CYRArmorBonemoldBootsNonPlayable,Bonemold Boots,non-playable record
0x6DAD5~BSHeartland.esm,BSHeartland.esm,CYRArmorBonemoldHelmetNonPlayable,Bonemold Helmet,non-playable record
0x6DAD6~BSHeartland.esm,BSHeartland.esm,CYRArmorBonemoldShieldNonPlayable,Bonemold Shield,non-playable record
0x717CD~BSHeartland.esm,BSHeartland.esm,CYRSkinDeer,Deer,non-playable record
0x718F1~BSHeartland.esm,BSHeartland.esm,CYRSkinFoxBlack,,non-playable record
0x71A0B~BSHeartland.esm,BSHeartland.esm,CYRSkinWolfTimber,,non-playable record
0x71A80~BSHeartland.esm,BSHeartland.esm,CYRSkinFoxGray,,non-playable record
0x782C1~BSHeartland.esm,BSHeartland.esm,CYRSkinWillotheWisp,,non-playable record
0x78313~BSHeartland.esm,BSHeartland.esm,CYRSkinGreenTroll,,non-playable record
0x78315~BSHeartland.esm,BSHeartland.esm,CYRSkinBossTroll,,non-playable record
0x8BB6A~BSHeartland.esm,BSHeartland.esm,CYRSkinBossTrollFrost,,non-playable record
0xAD6B2~BSHeartland.esm,BSHeartland.esm,CYRSkinDogNibeneseYellow,,non-playable record
0xADFAF~BSHeartland.esm,BSHeartland.esm,CYRSkinNakedDaedraDaedroth,,missing display name
0xAE5AD~BSHeartland.esm,BSHeartland.esm,CYRSkinHorsePaintDUPLICATE001,,non-playable record
0xAE5B1~BSHeartland.esm,BSHeartland.esm,CYRHorseSaddleImperial,,non-playable record
0xAE5B4~BSHeartland.esm,BSHeartland.esm,CYRSkinHorseWhiteDUPLICATE001,,non-playable record
0xAE5B9~BSHeartland.esm,BSHeartland.esm,CYRSkinHorseDun,,non-playable record
0xAE5BD~BSHeartland.esm,BSHeartland.esm,CYRSkinHorseBayDUPLICATE001,,non-playable record
0xAE5C1~BSHeartland.esm,BSHeartland.esm,CYRSkinHorseStrawberryRoan,,non-playable record
0xAE5C5~BSHeartland.esm,BSHeartland.esm,CYRSkinHorseChestnutDUPLICATE001,,non-playable record
0xAE5C9~BSHeartland.esm,BSHeartland.esm,CYRSkinHorseAppaloosa,,non-playable record
0xAE5CD~BSHeartland.esm,BSHeartland.esm,CYRSkinHorseBlackDUPLICATE001,,non-playable record
0xAE5D1~BSHeartland.esm,BSHeartland.esm,CYRSkinHorseUnicorn,,non-playable record
0xAEB18~BSHeartland.esm,BSHeartland.esm,CYRSkinSheepDomestic,Sheep,non-playable record
0xAEB1C~BSHeartland.esm,BSHeartland.esm,CYRSkinSheepWild,Sheep,non-playable record
0xAEB20~BSHeartland.esm,BSHeartland.esm,CYRSkinDogColovian,,non-playable record
0xAEB25~BSHeartland.esm,BSHeartland.esm,CYRSkinDogNibeneseBrown,,non-playable record
0xAEB29~BSHeartland.esm,BSHeartland.esm,CYRSkinDogNibeneseBlack,,non-playable record
0xAEB2D~BSHeartland.esm,BSHeartland.esm,CYRSkinRamDomestic,Ram,non-playable record
0xAEB31~BSHeartland.esm,BSHeartland.esm,CYRSkinRamWild,Ram,non-playable record
0xB2263~BSHeartland.esm,BSHeartland.esm,CYRKvatchArc02Shackles,Okarr's Wrist Irons,non-playable record
0xB559A~BSHeartland.esm,BSHeartland.esm,CYRSkinRiverTroll,,non-playable record
0xB61CF~BSHeartland.esm,BSHeartland.esm,CYRBlindFold,Blindfold,non-playable record
0xB61D1~BSHeartland.esm,BSHeartland.esm,CYRdunPOISnow_DecapitatedHead,,non-playable record
0xCC0CB~BSHeartland.esm,BSHeartland.esm,BSKSkinAyleidLichCanTalk,,non-playable record
0xD51B8~BSHeartland.esm,BSHeartland.esm,CYRSkinMountainLion,,non-playable record
0xD5662~BSHeartland.esm,BSHeartland.esm,CYRSkinBearMasked,Masked Bear,non-playable record
0xD5668~BSHeartland.esm,BSHeartland.esm,CYRSkinBearBrown,Brown Bear,non-playable record
0xD6B7D~BSHeartland.esm,BSHeartland.esm,CYRSkinOgreAlt,,non-playable record
0xDDC2C~BSHeartland.esm,BSHeartland.esm,CYRArmorGuardGauntletsKvatch,Kvatch Guard's Gauntlets,missing armor addon/model links
0xDF0DF~BSHeartland.esm,BSHeartland.esm,CYRSkinMizreg,,non-playable record
0xDF0EC~BSHeartland.esm,BSHeartland.esm,CYRSkinColovianShepherd,,non-playable record
0xE9DA6~BSHeartland.esm,BSHeartland.esm,CYRSkinGoblinDeepRoot06,,non-playable record
0xE9DB2~BSHeartland.esm,BSHeartland.esm,CYRSkinGoblinDeepRoot01,,non-playable record
0xE9DDB~BSHeartland.esm,BSHeartland.esm,CYRSkinGoblinDeepRoot02,,non-playable record
0xE9DDC~BSHeartland.esm,BSHeartland.esm,CYRSkinGoblinDeepRoot03,,non-playable record
0xE9DDD~BSHeartland.esm,BSHeartland.esm,CYRSkinGoblinDeepRoot04,,non-playable record
0xE9DDE~BSHeartland.esm,BSHeartland.esm,CYRSkinGoblinDeepRoot05,,non-playable record
0xE9DDF~BSHeartland.esm,BSHeartland.esm,CYRSkinGoblinDeepRoot07,,non-playable record
0xE9E02~BSHeartland.esm,BSHeartland.esm,CYRSkinGoblinBaldTail01,,non-playable record
0xE9E0C~BSHeartland.esm,BSHeartland.esm,CYRSkinGoblinBaldTail02,,non-playable record
0xE9E0D~BSHeartland.esm,BSHeartland.esm,CYRSkinGoblinBaldTail03,,non-playable record
0xE9E0E~BSHeartland.esm,BSHeartland.esm,CYRSkinGoblinBaldTail04,,non-playable record
0xE9E0F~BSHeartland.esm,BSHeartland.esm,CYRSkinGoblinBaldTail05,,non-playable record
0xE9E10~BSHeartland.esm,BSHeartland.esm,CYRSkinGoblinBaldTail06,,non-playable record
0xE9E11~BSHeartland.esm,BSHeartland.esm,CYRSkinGoblinBaldTail07,,non-playable record
0xE9E41~BSHeartland.esm,BSHeartland.esm,CYRSkinGoblinGoldFinger01,,non-playable record
0xE9E42~BSHeartland.esm,BSHeartland.esm,CYRSkinGoblinGoldFinger02,,non-playable record
0xE9E43~BSHeartland.esm,BSHeartland.esm,CYRSkinGoblinGoldFinger03,,non-playable record
0xE9E44~BSHeartland.esm,BSHeartland.esm,CYRSkinGoblinGoldFinger04,,non-playable record
0xE9E45~BSHeartland.esm,BSHeartland.esm,CYRSkinGoblinGoldFinger05,,non-playable record
0xE9E46~BSHeartland.esm,BSHeartland.esm,CYRSkinGoblinGoldFinger06,,non-playable record
0xE9E47~BSHeartland.esm,BSHeartland.esm,CYRSkinGoblinGoldFinger07,,non-playable record
0xE9E7A~BSHeartland.esm,BSHeartland.esm,CYRSkinGoblinRedFace01,,non-playable record
0xE9E7B~BSHeartland.esm,BSHeartland.esm,CYRSkinGoblinRedFace02,,non-playable record
0xE9E7C~BSHeartland.esm,BSHeartland.esm,CYRSkinGoblinRedFace03,,non-playable record
0xE9E7D~BSHeartland.esm,BSHeartland.esm,CYRSkinGoblinRedFace04,,non-playable record
0xE9E7E~BSHeartland.esm,BSHeartland.esm,CYRSkinGoblinRedFace05,,non-playable record
0xE9E7F~BSHeartland.esm,BSHeartland.esm,CYRSkinGoblinRedFace06,,non-playable record
0xE9E80~BSHeartland.esm,BSHeartland.esm,CYRSkinGoblinRedFace07,,non-playable record
0xE9EB3~BSHeartland.esm,BSHeartland.esm,CYRSkinGoblinBlueScalp01,,non-playable record
0xE9EB4~BSHeartland.esm,BSHeartland.esm,CYRSkinGoblinBlueScalp02,,non-playable record
0xE9EB5~BSHeartland.esm,BSHeartland.esm,CYRSkinGoblinBlueScalp03,,non-playable record
0xE9EB6~BSHeartland.esm,BSHeartland.esm,CYRSkinGoblinBlueScalp04,,non-playable record
0xE9EB7~BSHeartland.esm,BSHeartland.esm,CYRSkinGoblinBlueScalp05,,non-playable record
0xE9EB8~BSHeartland.esm,BSHeartland.esm,CYRSkinGoblinBlueScalp06,,non-playable record
0xE9EB9~BSHeartland.esm,BSHeartland.esm,CYRSkinGoblinBlueScalp07,,non-playable record
0xE9EED~BSHeartland.esm,BSHeartland.esm,CYRSkinGoblinFireBelly01,,non-playable record
0xE9EEE~BSHeartland.esm,BSHeartland.esm,CYRSkinGoblinFireBelly02,,non-playable record
0xE9EEF~BSHeartland.esm,BSHeartland.esm,CYRSkinGoblinFireBelly03,,non-playable record
0xE9EF0~BSHeartland.esm,BSHeartland.esm,CYRSkinGoblinFireBelly04,,non-playable record
0xE9EF1~BSHeartland.esm,BSHeartland.esm,CYRSkinGoblinFireBelly05,,non-playable record
0xE9EF2~BSHeartland.esm,BSHeartland.esm,CYRSkinGoblinFireBelly06,,non-playable record
0xE9EF3~BSHeartland.esm,BSHeartland.esm,CYRSkinGoblinFireBelly07,,non-playable record
0xE9F0E~BSHeartland.esm,BSHeartland.esm,CYRSkinGoblinBloodyHand01,,non-playable record
0xE9F0F~BSHeartland.esm,BSHeartland.esm,CYRSkinGoblinBloodyHand02,,non-playable record
0xE9F10~BSHeartland.esm,BSHeartland.esm,CYRSkinGoblinBloodyHand03,,non-playable record
0xE9F11~BSHeartland.esm,BSHeartland.esm,CYRSkinGoblinBloodyHand04,,non-playable record
0xE9F12~BSHeartland.esm,BSHeartland.esm,CYRSkinGoblinBloodyHand05,,non-playable record
0xE9F13~BSHeartland.esm,BSHeartland.esm,CYRSkinGoblinBloodyHand06,,non-playable record
0xE9F14~BSHeartland.esm,BSHeartland.esm,CYRSkinGoblinBloodyHand07,,non-playable record
0xE9F1C~BSHeartland.esm,BSHeartland.esm,CYRSkinGoblinCrackedSkull01,,non-playable record
0xE9F1D~BSHeartland.esm,BSHeartland.esm,CYRSkinGoblinCrackedSkull02,,non-playable record
0xE9F1E~BSHeartland.esm,BSHeartland.esm,CYRSkinGoblinCrackedSkull03,,non-playable record
0xE9F1F~BSHeartland.esm,BSHeartland.esm,CYRSkinGoblinCrackedSkull04,,non-playable record
0xE9F20~BSHeartland.esm,BSHeartland.esm,CYRSkinGoblinCrackedSkull05,,non-playable record
0xE9F21~BSHeartland.esm,BSHeartland.esm,CYRSkinGoblinCrackedSkull06,,non-playable record
0xE9F22~BSHeartland.esm,BSHeartland.esm,CYRSkinGoblinCrackedSkull07,,non-playable record
0xE9F2A~BSHeartland.esm,BSHeartland.esm,CYRSkinGoblinVenomVeins01,,non-playable record
0xE9F2B~BSHeartland.esm,BSHeartland.esm,CYRSkinGoblinVenomVeins02,,non-playable record
0xE9F2C~BSHeartland.esm,BSHeartland.esm,CYRSkinGoblinVenomVeins03,,non-playable record
0xE9F2D~BSHeartland.esm,BSHeartland.esm,CYRSkinGoblinVenomVeins04,,non-playable record
0xE9F2E~BSHeartland.esm,BSHeartland.esm,CYRSkinGoblinVenomVeins05,,non-playable record
0xE9F2F~BSHeartland.esm,BSHeartland.esm,CYRSkinGoblinVenomVeins06,,non-playable record
0xE9F30~BSHeartland.esm,BSHeartland.esm,CYRSkinGoblinVenomVeins07,,non-playable record
0x7FCD~cfl_LolaAddon.esp,cfl_LolaAddon.esp,cfl_noWaitItem,,missing display name
0xDE5~Chanterelle Horse Herds.esp,Chanterelle Horse Herds.esp,002SkinHorseMarbleChestnut,,non-playable record
0xDE6~Chanterelle Horse Herds.esp,Chanterelle Horse Herds.esp,002SkinHorseBlackHide,,non-playable record
0xDE7~Chanterelle Horse Herds.esp,Chanterelle Horse Herds.esp,002SkinHorseBlacknWhiteHide,,non-playable record
0xDE8~Chanterelle Horse Herds.esp,Chanterelle Horse Herds.esp,002SkinHorseGreyHide,,non-playable record
0xDE9~Chanterelle Horse Herds.esp,Chanterelle Horse Herds.esp,002SkinHorseDunHide,,non-playable record
0xE27~Chanterelle Horse Herds.esp,Chanterelle Horse Herds.esp,002SkinHorseDkGreyHide,,non-playable record
0x802~Chanterelle World.esp,Chanterelle World.esp,mihailsquirrelskin,,non-playable record
0x854C78~Chanterelle World.esp,Chanterelle World.esp,aaTFClothesDirtRagOfSmolf,Smolfs Dirt Rag,missing armor addon/model links
0xD0AAD0~Chanterelle World.esp,Chanterelle World.esp,mihailcentaurskin,BoarRiekling,non-playable record
0xD0AAD1~Chanterelle World.esp,Chanterelle World.esp,mihailcentaurskin2,BoarRiekling,non-playable record
0xD0AAD2~Chanterelle World.esp,Chanterelle World.esp,mihailcentaurskin3,BoarRiekling,non-playable record
0xD0AAD3~Chanterelle World.esp,Chanterelle World.esp,mihailcentaurskin4,BoarRiekling,non-playable record
0xD0FF96~Chanterelle World.esp,Chanterelle World.esp,mihailcthulhoidskin,,non-playable record
0x11FE68~ChanterelleExpandedTweaks.esp,ChanterelleExpandedTweaks.esp,CTEMihailGriffinSkin,,non-playable record
0x11FE6B~ChanterelleExpandedTweaks.esp,ChanterelleExpandedTweaks.esp,CTEMihailGriffinSkin2,,non-playable record
0x800~ChooeysChoiceRequirements.esp,ChooeysChoiceRequirements.esp,ChooeysChoiceSkin,ChooeysChoiceSkin,non-playable record
0x285F~CitizensComplete.esp,CitizensComplete.esp,CoT_ArmorDaedricBoots,Daedric Boots,non-playable record
0x2860~CitizensComplete.esp,CitizensComplete.esp,CoT_ArmorDaedricCuirass,Daedric Armor,non-playable record
0x2861~CitizensComplete.esp,CitizensComplete.esp,CoT_ArmorDaedricGauntlets,Daedric Gauntlets,non-playable record
0x2862~CitizensComplete.esp,CitizensComplete.esp,CoT_ArmorDaedricHelmet,Daedric Helmet,non-playable record
0x848~ClavicusVileArtifactsRework.esp,ClavicusVileArtifactsRework.esp,aaaRuefulIAxeEvilWolfSkin,,missing display name
0x8A3~ClavicusVileArtifactsRework.esp,ClavicusVileArtifactsRework.esp,aaaVileMaskBarbasUniqueSkin,,non-playable record
0x8AD~Cloaks.esp,Cloaks.esp,CloakTest,Test,suspicious invisible/test/skin record; add to includedSuspiciousForms to force inclusion
0x9A6~College Of Winterhold - Quest Expansion.esp,College Of Winterhold - Quest Expansion.esp,Cow_ClothesChild,Adara's Robes,non-playable record
0x809~Creation Club Integration - Anniversary Edition.esp,Creation Club Integration - Anniversary Edition.esp,ArmoredCircletDwarvenLight_CCOR,,missing display name
0x9A1~Creation Club Integration - Anniversary Edition.esp,Creation Club Integration - Anniversary Edition.esp,ccBGSSSE050_ArmorBladesCuirassDremora,Daedric Plate Armor,non-playable record
0x9A2~Creation Club Integration - Anniversary Edition.esp,Creation Club Integration - Anniversary Edition.esp,ccBGSSSE050_ArmorBladesHelmetDremora,Daedric Plate Helmet,non-playable record
0x9A3~Creation Club Integration - Anniversary Edition.esp,Creation Club Integration - Anniversary Edition.esp,ccBGSSSE051_ArmorDaedricMailBootsDremora,Daedric Mail Boots,non-playable record
0x9A4~Creation Club Integration - Anniversary Edition.esp,Creation Club Integration - Anniversary Edition.esp,ccBGSSSE051_ArmorDaedricMailCuirassDremora,Daedric Mail,non-playable record
0x9A5~Creation Club Integration - Anniversary Edition.esp,Creation Club Integration - Anniversary Edition.esp,ccBGSSSE051_ArmorDaedricMailGauntletsDremora,Daedric Mail Gauntlets,non-playable record
0x86F1~CreatureFramework.esm,CreatureFramework.esm,CFFakeSkin,,non-playable record
0x567~CWE_DialogueAddon.esp,CWE_DialogueAddon.esp,CW01BossNoHead,No_Head,non-playable record
0x3042~DAc0da.esm,DAc0da.esm,zDcdSkinBearAtmora,,non-playable record
0x3056~DAc0da.esm,DAc0da.esm,zDcdSkinSloadSea,,non-playable record
0x3057~DAc0da.esm,DAc0da.esm,zDcdSkinSloadRobe,,non-playable record
0x3058~DAc0da.esm,DAc0da.esm,zDcdSkinSloadSea2,,non-playable record
0x3072~DAc0da.esm,DAc0da.esm,zDcdArmorMannimarcoBody,Mannimarco Body,non-playable record
0x3073~DAc0da.esm,DAc0da.esm,zDcdArmorMannimarcoHelmet,Mannimarco Head,non-playable record
0x3090~DAc0da.esm,DAc0da.esm,zDcdSkinYaghraFalmer,,non-playable record
0x3091~DAc0da.esm,DAc0da.esm,zDcdSkinYaghraFalmerBlue,,non-playable record
0x3092~DAc0da.esm,DAc0da.esm,zDcdSkinYaghraFalmerPurple,,non-playable record
0x30B4~DAc0da.esm,DAc0da.esm,zDcdSkinYaghraMatron,,non-playable record
0x30B5~DAc0da.esm,DAc0da.esm,zDcdSkinYaghraMatronYellow,,non-playable record
0x30B6~DAc0da.esm,DAc0da.esm,zDcdSkinYaghraMatronRed,,non-playable record
0x30CF~DAc0da.esm,DAc0da.esm,zDcdSkinYaghraSpider,,non-playable record
0x30E4~DAc0da.esm,DAc0da.esm,zDcdSkinYaghraGargoyle,,non-playable record
0x30E5~DAc0da.esm,DAc0da.esm,zDcdSkinYaghraGargoyleRed,,non-playable record
0x30F3~DAc0da.esm,DAc0da.esm,zDcdSkinYaghraDraugr,,non-playable record
0x30F4~DAc0da.esm,DAc0da.esm,zDcdSkinYaghraDraugrDark,,non-playable record
0x3102~DAc0da.esm,DAc0da.esm,zDcdSkinZombieDragon,,non-playable record
0x3137~DAc0da.esm,DAc0da.esm,zDcdSkinManThing,,non-playable record
0x3194~DAc0da.esm,DAc0da.esm,zDcdNpIvoryBoots,Ancient Falmer Boots,non-playable record
0x3195~DAc0da.esm,DAc0da.esm,zDcdNpIvoryCrown,Ancient Falmer Crown,non-playable record
0x3196~DAc0da.esm,DAc0da.esm,zDcdNpIvoryCuirass,Ancient Falmer Cuirass,non-playable record
0x3197~DAc0da.esm,DAc0da.esm,zDcdNpIvoryGauntlets,Ancient Falmer Gauntlets,non-playable record
0x33BE~DAc0da.esm,DAc0da.esm,zDcdSkinDragonGold,,non-playable record
0x4308~DAc0da.esm,DAc0da.esm,zDcdNpVikingBoots,Atmoran Boots,non-playable record
0x4309~DAc0da.esm,DAc0da.esm,zDcdNpVikingCloak,Atmoran Cloak,non-playable record
0x430A~DAc0da.esm,DAc0da.esm,zDcdNpVikingCuirass,Atmoran Armor,non-playable record
0x430B~DAc0da.esm,DAc0da.esm,zDcdNpVikingGauntlets,Atmoran Gauntlets,non-playable record
0x430C~DAc0da.esm,DAc0da.esm,zDcdNpVikingHelmet,Atmoran Helmet,non-playable record
0x4355~DAc0da.esm,DAc0da.esm,zDcdArmorTsunBoots,Tsun's Boots,non-playable record
0x4356~DAc0da.esm,DAc0da.esm,zDcdArmorTsunCuirass,Tsun's Armor,non-playable record
0x4388~DAc0da.esm,DAc0da.esm,zDcdNpNcrBoots,Necromancer Boots,non-playable record
0x4389~DAc0da.esm,DAc0da.esm,zDcdNpNcrCuirass,Necromancer Armor,non-playable record
0x438A~DAc0da.esm,DAc0da.esm,zDcdNpNcrGauntlets,Necromancer Gauntlets,non-playable record
0x438B~DAc0da.esm,DAc0da.esm,zDcdNpNcrHelmet,Necromancer Helmet,non-playable record
0x43F2~DAc0da.esm,DAc0da.esm,zDcdNpChsBoots,Yaghra Chimera Boots,non-playable record
0x43F3~DAc0da.esm,DAc0da.esm,zDcdNpChsCuirassUpperNaked,Yaghra Chimera Armor,non-playable record
0x43F4~DAc0da.esm,DAc0da.esm,zDcdNpChsGauntlets,Yaghra Chimera Gauntlets,non-playable record
0x454A~DAc0da.esm,DAc0da.esm,zDcdSkinStormLurker,,non-playable record
0x4551~DAc0da.esm,DAc0da.esm,zDcdSkinStormWraithL,,non-playable record
0x4552~DAc0da.esm,DAc0da.esm,zDcdSkinStormWraithR,,non-playable record
0x4763~DAc0da.esm,DAc0da.esm,zDcdSkinManThingWithered,,non-playable record
0x4788~DAc0da.esm,DAc0da.esm,zDcdSkinIceSerpent,,non-playable record
0x478D~DAc0da.esm,DAc0da.esm,zDcdSkinWoodWraith,,non-playable record
0x478E~DAc0da.esm,DAc0da.esm,zDcdArmorWoodWraithHorn,,non-playable record
0x478F~DAc0da.esm,DAc0da.esm,zDcdArmorWoodWraithWing,,non-playable record
0x47B1~DAc0da.esm,DAc0da.esm,zDcdNpObscureHead,,non-playable record
0x48DD~DAc0da.esm,DAc0da.esm,zDcdSkinSacrifice,,non-playable record
0x4919~DAc0da.esm,DAc0da.esm,zDcdSkinKannimarco,,non-playable record
0x492E~DAc0da.esm,DAc0da.esm,zDcdSkinCrabSpirit,,non-playable record
0x49D4~DAc0da.esm,DAc0da.esm,zDcdNpChsGauntletsRightOnly,Yaghra Chimera Gauntlets,non-playable record
0x49EB~DAc0da.esm,DAc0da.esm,zDcdArmorYaghraTransitionSkin,,non-playable record
0x49EC~DAc0da.esm,DAc0da.esm,zDcdArmorYaghraTransitionSkin2,,non-playable record
0x4DAE~DAc0da.esm,DAc0da.esm,zDcdNpArmorYngolCuirassScaled,Yngol's Pants,non-playable record
0x4EE1~DAc0da.esm,DAc0da.esm,zDcdSkinSprigganAtmora,,non-playable record
0x4FF2~DAc0da.esm,DAc0da.esm,zDcdYngolDragonAspectArmor03,,non-playable record
0x50A6~DAc0da.esm,DAc0da.esm,zDcdNpArmorYngolCuirass,Yngol's Pants,non-playable record
0x50A8~DAc0da.esm,DAc0da.esm,zDcdSkinNakedDragonord,,missing display name
0x50AE~DAc0da.esm,DAc0da.esm,zDcdNpArmorBeynhaal,BeynhaalArmor,non-playable record
0x514F~DAc0da.esm,DAc0da.esm,zDcdSkinSloadZombie,,non-playable record
0x517D~DAc0da.esm,DAc0da.esm,zDcdArmorTurtleBody,Turtle Body,non-playable record
0x517E~DAc0da.esm,DAc0da.esm,zDcdArmorTurtleHelmet,Turtle Head,non-playable record
0x5188~DAc0da.esm,DAc0da.esm,zDcdSkinSeaFleshAtronach,,non-playable record
0x5194~DAc0da.esm,DAc0da.esm,zDcdSkinDragoman,,non-playable record
0x51AD~DAc0da.esm,DAc0da.esm,zDcdArmorWereDrakeTransitionSkin,,non-playable record
0x51AF~DAc0da.esm,DAc0da.esm,zDcdSkinNakedWereDrake,,non-playable record
0x51C2~DAc0da.esm,DAc0da.esm,zDcdSkinXribAngel,,non-playable record
0x51D2~DAc0da.esm,DAc0da.esm,zDcdSkinAkaviriSpiritFlame,,non-playable record
0x51D3~DAc0da.esm,DAc0da.esm,zDcdSkinAkaviriSpiritShock,,non-playable record
0x5257~DAc0da.esm,DAc0da.esm,zDcdNpAbnurArmor,General Tullius' Armor,non-playable record
0x5258~DAc0da.esm,DAc0da.esm,zDcdNpAbnurGauntlets,Imperial Bracers,non-playable record
0x5259~DAc0da.esm,DAc0da.esm,zDcdNpAbnurHelmet,Imperial Helmet,non-playable record
0x539C~DAc0da.esm,DAc0da.esm,zDcdSkinYaghraWorm,,non-playable record
0x53B5~DAc0da.esm,DAc0da.esm,zDcdSkinFleshHusk,,non-playable record
0x53CC~DAc0da.esm,DAc0da.esm,zDcdSkinFleshGargoyle,,non-playable record
0x5504~DAc0da.esm,DAc0da.esm,zDcdSkinFleshHuskBlue,,non-playable record
0x5F29~DAc0da.esm,DAc0da.esm,zDcdSkinGoldBoneman,,non-playable record
0x5F2E~DAc0da.esm,DAc0da.esm,zDcdSkinGiantGoldman,,non-playable record
0x5F32~DAc0da.esm,DAc0da.esm,zDcdSkinGoldBoneSpider,,non-playable record
0x5F36~DAc0da.esm,DAc0da.esm,zDcdSkinGoldboneCenturion,,non-playable record
0x5F3A~DAc0da.esm,DAc0da.esm,zDcdSkinGoldboneSphere,,non-playable record
0x5FC1~DAc0da.esm,DAc0da.esm,zDcdSkinGoldbonrFalmer,,non-playable record
0x5FDA~DAc0da.esm,DAc0da.esm,zDcdSkinGoldboneStorm,,non-playable record
0x606C~DAc0da.esm,DAc0da.esm,zDcdArmorMannimarcoMoonFX,Mannimarco Head moon,non-playable record
0x6080~DAc0da.esm,DAc0da.esm,zDcdArmorMannimarcoNoHead,Mannimarco Head moon,non-playable record
0x608A~DAc0da.esm,DAc0da.esm,zDcdArmorDreughElderEnemy,,non-playable record
0x60AA~DAc0da.esm,DAc0da.esm,zDcdSkinSoulAnomaly,,non-playable record
0x60B7~DAc0da.esm,DAc0da.esm,zDcdNpShieldTalismanWorm,Talisman of Worms,non-playable record
0x6B66~DAc0da.esm,DAc0da.esm,zDcdSkinDweGeneral,,non-playable record
0x6B67~DAc0da.esm,DAc0da.esm,zDcdCrArmorDweGeneral,,non-playable record
0x6B6D~DAc0da.esm,DAc0da.esm,zDcdCrArmorDweCloak,,non-playable record
0x79BF~DAc0da.esm,DAc0da.esm,zDcdArmorGC9CuirassNPC,Ghost Choir 9 Armor,non-playable record
0x79C1~DAc0da.esm,DAc0da.esm,zDcdArmorGC9HeadNPC,Ghost Choir 9 Head,non-playable record
0x79C6~DAc0da.esm,DAc0da.esm,zDcdArmorGC9BootsNPC,Ghost Choir 9 Boots,non-playable record
0x79C7~DAc0da.esm,DAc0da.esm,zDcdArmorGC9GauntletsNPC,Ghost Choir 9 Gauntlets,non-playable record
0x84E0~DAc0da.esm,DAc0da.esm,zDcdArmorGC9HoodNPC,Ghost Choir 9 Hood,non-playable record
0x84E4~DAc0da.esm,DAc0da.esm,zDcdSkinDweDraugr,,non-playable record
0x84F5~DAc0da.esm,DAc0da.esm,zDcdSkinDweFalmer,,non-playable record
0x8599~DAc0da.esm,DAc0da.esm,zDcdSkinHushedDraugr,,non-playable record
0x859C~DAc0da.esm,DAc0da.esm,zDcdSkinHushedFalmer,,non-playable record
0x85A3~DAc0da.esm,DAc0da.esm,zDcdSkinBenthicHound,,non-playable record
0x85A6~DAc0da.esm,DAc0da.esm,zDcdSkinBenthicHunter,,missing display name
0xAF0E~DAc0da.esm,DAc0da.esm,zDcdArmorZurinBody1H,Zurin Body,non-playable record
0xAF0F~DAc0da.esm,DAc0da.esm,zDcdArmorZurinHelmetSane,Zurin Head,non-playable record
0xB1EC~DAc0da.esm,DAc0da.esm,zDcdNpArmorDwkBoots,King Dumac's Boots,non-playable record
0xB1ED~DAc0da.esm,DAc0da.esm,zDcdNpArmorDwkCloak,King Dumac's Cloak,non-playable record
0xB1EE~DAc0da.esm,DAc0da.esm,zDcdNpArmorDwKCuirass,King Dumac's Armor,non-playable record
0xB1EF~DAc0da.esm,DAc0da.esm,zDcdNpArmorDwKGauntlets,King Dumac's Gauntlets,non-playable record
0xB1F0~DAc0da.esm,DAc0da.esm,zDcdNpArmorDwkHelmet,King Dumac's Helmet,non-playable record
0xB210~DAc0da.esm,DAc0da.esm,zDcdNpArmorMiraakBoots,Miraak's Boots,non-playable record
0xB211~DAc0da.esm,DAc0da.esm,zDcdNpArmorMiraakGloves,Miraak's Gloves,non-playable record
0xB212~DAc0da.esm,DAc0da.esm,zDcdNpArmorMiraakRobes,Miraak's Robes,non-playable record
0xB2DE~DAc0da.esm,DAc0da.esm,zDcdBallofLightArmor,,non-playable record
0xB3B8~DAc0da.esm,DAc0da.esm,zDcdSkinFireOrb,,non-playable record
0xB757~DAc0da.esm,DAc0da.esm,zDcdClothesPsiijicRobes_Bit,Psijic Robes,non-playable record
0xB75C~DAc0da.esm,DAc0da.esm,zDcdSkinJill,,non-playable record
0xB760~DAc0da.esm,DAc0da.esm,zDcdSkinNakedFarGold,,non-playable record
0xB761~DAc0da.esm,DAc0da.esm,zDcdSkinNakedFarJill,,non-playable record
0xCCBD~DAc0da.esm,DAc0da.esm,zDcdSkinSloadRobeBoss,,non-playable record
0xD023~DAc0da.esm,DAc0da.esm,zDcdSkinDweKanra,,non-playable record
0xD6A~DAc0da.esm,DAc0da.esm,zDcdArmorDreughElder,,non-playable record
0xD6B~DAc0da.esm,DAc0da.esm,zDcdArmorZurinBody,Zurin Body,non-playable record
0xD6C~DAc0da.esm,DAc0da.esm,zDcdArmorZurinHelmet,Zurin Head,non-playable record
0xD6D~DAc0da.esm,DAc0da.esm,zDcdSkinDreughElder,,non-playable record
0xD6E~DAc0da.esm,DAc0da.esm,zDcdSkinDreugh,,non-playable record
0xAD8~Damsels in Distress.esp,Damsels in Distress.esp,damsel0_EyesGlow,Veil's Eye Glow,non-playable record
0x82E~Daughters of Malacath.esp,Daughters of Malacath.esp,_domBodyOrc,,non-playable record
0x859~Daughters of Malacath.esp,Daughters of Malacath.esp,_domBodyOld,,non-playable record
0x7CA69B~Deep Chanterelle.esp,Deep Chanterelle.esp,0SkinBlondTroll,,non-playable record
0x1326E7~DemonicCreatures.esp,DemonicCreatures.esp,DEMSkin4thUnK_OgrimLordHARD,,non-playable record
0x1326E8~DemonicCreatures.esp,DemonicCreatures.esp,DEMSkin4thUnK_feralogrim,,non-playable record
0x1326E9~DemonicCreatures.esp,DemonicCreatures.esp,DEMSkin4thUnK_OgrimLord,,non-playable record
0x1326FB~DemonicCreatures.esp,DemonicCreatures.esp,DEMSkin4thUnK_feralogrimHARD,,non-playable record
0x1326FE~DemonicCreatures.esp,DemonicCreatures.esp,DEMSkin4thUnScamp,,non-playable record
0x1326FF~DemonicCreatures.esp,DemonicCreatures.esp,DEMSkin4thUnScampCreeper,,non-playable record
0x132705~DemonicCreatures.esp,DemonicCreatures.esp,DEMSkin4thUnScampHARD,,non-playable record
0x132706~DemonicCreatures.esp,DemonicCreatures.esp,DEMSkin4thUnScampCreeperHARD,,non-playable record
0x13780E~DemonicCreatures.esp,DemonicCreatures.esp,DEMSkinDwarvenripper,,non-playable record
0x137811~DemonicCreatures.esp,DemonicCreatures.esp,DEMSkinDwarvenripperHARD,,non-playable record
0x137816~DemonicCreatures.esp,DemonicCreatures.esp,DEMSkinAbhorredDemon,,missing display name
0x137819~DemonicCreatures.esp,DemonicCreatures.esp,DEMSkinAbhorredDemonHARD,,missing display name
0x150D2A~DemonicCreatures.esp,DemonicCreatures.esp,DEMSkinDwarvenWereconstruct,,missing display name
0x150D2B~DemonicCreatures.esp,DemonicCreatures.esp,DEMSkinDwarvenWereconstructHARD,,missing display name
0x15AF3D~DemonicCreatures.esp,DemonicCreatures.esp,DEMSkinLittleCenturion,,non-playable record
0x15AF3E~DemonicCreatures.esp,DemonicCreatures.esp,DEMSkinLittleCenturionHARD,,non-playable record
0x15AF42~DemonicCreatures.esp,DemonicCreatures.esp,DEMSkinfemalezombie,,non-playable record
0x15AF43~DemonicCreatures.esp,DemonicCreatures.esp,DEMSkinfemalezombieHARD,,non-playable record
0x15AF46~DemonicCreatures.esp,DemonicCreatures.esp,DEMSkinDwarvenEmpress,,non-playable record
0x15AF4A~DemonicCreatures.esp,DemonicCreatures.esp,DEMSkinDwemerMasher,,non-playable record
0x15AF4B~DemonicCreatures.esp,DemonicCreatures.esp,DEMSkinDwemerMasherHARD,,non-playable record
0x15AF54~DemonicCreatures.esp,DemonicCreatures.esp,DEMSkinVargrDog,,non-playable record
0x15AF55~DemonicCreatures.esp,DemonicCreatures.esp,DEMSkinVargrDogHARD,,non-playable record
0x15AF5E~DemonicCreatures.esp,DemonicCreatures.esp,DEMSkinDwarvenWorker,,non-playable record
0x15AF5F~DemonicCreatures.esp,DemonicCreatures.esp,DEMSkinDwarvenWorkerHARD,,non-playable record
0x15AF76~DemonicCreatures.esp,DemonicCreatures.esp,DEMSkinDemonHorse,,non-playable record
0x15AF79~DemonicCreatures.esp,DemonicCreatures.esp,DEMSkinDemonHorseHARD,,non-playable record
0x15AF7C~DemonicCreatures.esp,DemonicCreatures.esp,DEMskinSkeletonHellknight,,non-playable record
0x15AF7F~DemonicCreatures.esp,DemonicCreatures.esp,DEMskinSkeletonMasterHARD,,non-playable record
0x15AF87~DemonicCreatures.esp,DemonicCreatures.esp,DEMSkinBonelord,,non-playable record
0x15AF8A~DemonicCreatures.esp,DemonicCreatures.esp,DEMSkinBonelordHARD,,non-playable record
0x15AF9D~DemonicCreatures.esp,DemonicCreatures.esp,DEMSkinAncientSkeleton01,,non-playable record
0x15AFA0~DemonicCreatures.esp,DemonicCreatures.esp,DEMSkinAncientSkeleton01HARD,,non-playable record
0x1600BF~DemonicCreatures.esp,DemonicCreatures.esp,DEMmihaildaedratskin,,non-playable record
0x1600C0~DemonicCreatures.esp,DemonicCreatures.esp,DEMmihailduskpantherskin,,non-playable record
0x1600C1~DemonicCreatures.esp,DemonicCreatures.esp,DEMmihailduskratskin,,non-playable record
0x1600C5~DemonicCreatures.esp,DemonicCreatures.esp,DEMmihaildaedratSkinnedSkin,,non-playable record
0x1600F8~DemonicCreatures.esp,DemonicCreatures.esp,DEMmihailduskpantherskinHARD,,non-playable record
0x1600F9~DemonicCreatures.esp,DemonicCreatures.esp,DEMmihailduskratskinHARD,,non-playable record
0x1600FA~DemonicCreatures.esp,DemonicCreatures.esp,DEMmihaildaedratskinHARD,,non-playable record
0x1600FB~DemonicCreatures.esp,DemonicCreatures.esp,DEMmihaildaedratSkinnedSkinHARD,,non-playable record
0x160104~DemonicCreatures.esp,DemonicCreatures.esp,DEMSkinSkeletonDevilHARD,,non-playable record
0x160105~DemonicCreatures.esp,DemonicCreatures.esp,DEMSkinSkeletonDevil,,non-playable record
0x160109~DemonicCreatures.esp,DemonicCreatures.esp,DEMSkinBurnedSkeleton,,non-playable record
0x16010A~DemonicCreatures.esp,DemonicCreatures.esp,DEMSkinBurnedSkeletonHARD,,non-playable record
0x174525~DemonicCreatures.esp,DemonicCreatures.esp,DEMSkinRatSmall,,non-playable record
0x182B~DemonicCreatures.esp,DemonicCreatures.esp,DEMSkinDegonianBeasthard,,missing display name
0x192B5D~DemonicCreatures.esp,DemonicCreatures.esp,DEMmihaillesserwerewolfskin,,non-playable record
0x192B63~DemonicCreatures.esp,DemonicCreatures.esp,DEMmihaillesserwerewolfskinHARD,,non-playable record
0x197C6A~DemonicCreatures.esp,DemonicCreatures.esp,DEMmihailskinnedhoundskin,,non-playable record
0x197C6B~DemonicCreatures.esp,DemonicCreatures.esp,DEMmihailzombiedog1skin,,non-playable record
0x197C80~DemonicCreatures.esp,DemonicCreatures.esp,DEMmihailskinnedhoundskinHARD,,non-playable record
0x197C81~DemonicCreatures.esp,DemonicCreatures.esp,DEMmihailzombiedog1skinHARD,,non-playable record
0x197C88~DemonicCreatures.esp,DemonicCreatures.esp,DEMmihailzombiedog2skin,,non-playable record
0x197C89~DemonicCreatures.esp,DemonicCreatures.esp,DEMmihailzombiedog2skinHARD,,non-playable record
0x197C8A~DemonicCreatures.esp,DemonicCreatures.esp,DEMmihailzombiedog3skin,,non-playable record
0x197C8B~DemonicCreatures.esp,DemonicCreatures.esp,DEMmihailzombiedog3skinHARD,,non-playable record
0x197C8C~DemonicCreatures.esp,DemonicCreatures.esp,DEMmihailzombiedog4skin,,non-playable record
0x197C8D~DemonicCreatures.esp,DemonicCreatures.esp,DEMmihailzombiedog4skinHARD,,non-playable record
0x1A1EFD~DemonicCreatures.esp,DemonicCreatures.esp,DEMSkinDwarvenSkulbot,,non-playable record
0x1A1F00~DemonicCreatures.esp,DemonicCreatures.esp,DEMSkinDwarvenSkullbotHARD,,non-playable record
0x1B1223~DemonicCreatures.esp,DemonicCreatures.esp,DEMSkinBlackRat,,non-playable record
0x1B812~DemonicCreatures.esp,DemonicCreatures.esp,DEMFemaleDaedrothSkin,,missing display name
0x1D4992~DemonicCreatures.esp,DemonicCreatures.esp,DEMSkinBlackRatHARD,,non-playable record
0x22FA~DemonicCreatures.esp,DemonicCreatures.esp,DEMSkinShiveringBishop,,missing display name
0x22FD~DemonicCreatures.esp,DemonicCreatures.esp,DEMSkinShiveringBishopHARD,,missing display name
0x25A1B~DemonicCreatures.esp,DemonicCreatures.esp,DEMmihailogroidskin,,non-playable record
0x25A1C~DemonicCreatures.esp,DemonicCreatures.esp,DEMmihailogroidskinHARD,,non-playable record
0x25A4C~DemonicCreatures.esp,DemonicCreatures.esp,DEMmihailgoblinskin1,,non-playable record
0x25A4D~DemonicCreatures.esp,DemonicCreatures.esp,DEMmihailgoblinskin2,,non-playable record
0x25A4E~DemonicCreatures.esp,DemonicCreatures.esp,DEMmihailgoblinskin3,,non-playable record
0x25A56~DemonicCreatures.esp,DemonicCreatures.esp,DEMmihailgoblinskin1HARD,,non-playable record
0x25A57~DemonicCreatures.esp,DemonicCreatures.esp,DEMmihailgoblinskin2HARD,,non-playable record
0x25A58~DemonicCreatures.esp,DemonicCreatures.esp,DEMmihailgoblinskin3HARD,,non-playable record
0x2A438B~DemonicCreatures.esp,DemonicCreatures.esp,DEMSkinDrownerUW,,non-playable record
0x2A438C~DemonicCreatures.esp,DemonicCreatures.esp,DEMSkinDrownerUWHARD,,non-playable record
0x2A4397~DemonicCreatures.esp,DemonicCreatures.esp,DEMSkinfemalezombie2,,non-playable record
0x2A4398~DemonicCreatures.esp,DemonicCreatures.esp,DEMSkinfemalezombie2HARD,,non-playable record
0x2A4399~DemonicCreatures.esp,DemonicCreatures.esp,DEMSkinfemalezombie3,,non-playable record
0x2A439A~DemonicCreatures.esp,DemonicCreatures.esp,DEMSkinfemalezombie3HARD,,non-playable record
0x2A439B~DemonicCreatures.esp,DemonicCreatures.esp,DEMSkinfemalezombie4,,non-playable record
0x2A439C~DemonicCreatures.esp,DemonicCreatures.esp,DEMSkinfemalezombie4HARD,,non-playable record
0x2A43B0~DemonicCreatures.esp,DemonicCreatures.esp,DEMSkinAncientSkeleton03,,non-playable record
0x2A43B1~DemonicCreatures.esp,DemonicCreatures.esp,DEMSkinAncientSkeleton03HARD,,non-playable record
0x2A94BD~DemonicCreatures.esp,DemonicCreatures.esp,DEMSkinSkeletonPriest,,missing display name
0x2A94C9~DemonicCreatures.esp,DemonicCreatures.esp,DEMSkinSkeletonPriestHARD,,missing display name
0x2A94CD~DemonicCreatures.esp,DemonicCreatures.esp,DEMSkinDaedraWorshipper,,missing display name
0x2A94CE~DemonicCreatures.esp,DemonicCreatures.esp,DEMSkinDaedraWorshipperHARD,,missing display name
0x2B3705~DemonicCreatures.esp,DemonicCreatures.esp,DEMSkinSilverDemon,,non-playable record
0x2B3708~DemonicCreatures.esp,DemonicCreatures.esp,DEMSkinSilverDemonHARD,,non-playable record
0x2F0325~DemonicCreatures.esp,DemonicCreatures.esp,DEMskinDwarvenDoll,,non-playable record
0x30E945~DemonicCreatures.esp,DemonicCreatures.esp,DEMSkinBoneDragon,,non-playable record
0x30E946~DemonicCreatures.esp,DemonicCreatures.esp,DEMSkinBoneDragonHARD,,non-playable record
0x30E947~DemonicCreatures.esp,DemonicCreatures.esp,DEMSkinGryphon,,non-playable record
0x30E948~DemonicCreatures.esp,DemonicCreatures.esp,DEMSkinGryphonHARD,,non-playable record
0x30E949~DemonicCreatures.esp,DemonicCreatures.esp,DEMSkinGryphonGrey,,non-playable record
0x30E94A~DemonicCreatures.esp,DemonicCreatures.esp,DEMSkinGryphonGreyHARD,,non-playable record
0x313A53~DemonicCreatures.esp,DemonicCreatures.esp,DEMskinSanguineMistressARMOR,,missing display name
0x322D6D~DemonicCreatures.esp,DemonicCreatures.esp,DEMSkinChimp,,non-playable record
0x322D6F~DemonicCreatures.esp,DemonicCreatures.esp,DEMSkinChimpAlbino,,non-playable record
0x322D71~DemonicCreatures.esp,DemonicCreatures.esp,DEMSkinGorila,,non-playable record
0x322D73~DemonicCreatures.esp,DemonicCreatures.esp,DEMSkinGorilaAlbino,,non-playable record
0x3413BE~DemonicCreatures.esp,DemonicCreatures.esp,DEMDeerHooves001,Hooves,non-playable record
0x34B5C5~DemonicCreatures.esp,DemonicCreatures.esp,DEMSkinDaedrothferal,,non-playable record
0x34B5C8~DemonicCreatures.esp,DemonicCreatures.esp,DEMSkinDaedrothferalHARD,,non-playable record
0x3A1846~DemonicCreatures.esp,DemonicCreatures.esp,DEMClothesSanguineMistress,Lisa Armor,non-playable record
0x3A694E~DemonicCreatures.esp,DemonicCreatures.esp,DEMSkinfemalezombie5,,non-playable record
0x3A694F~DemonicCreatures.esp,DemonicCreatures.esp,DEMSkinfemalezombie5HARD,,non-playable record
0x3B5C5F~DemonicCreatures.esp,DemonicCreatures.esp,DEMSkinSilverSlaughterfish,,non-playable record
0x3E86A7~DemonicCreatures.esp,DemonicCreatures.esp,DEMmihailthrikreenskin,,non-playable record
0x3E86C7~DemonicCreatures.esp,DemonicCreatures.esp,DEMmihailthrikreenskinHARD,,non-playable record
0x3E86D2~DemonicCreatures.esp,DemonicCreatures.esp,DEMSkinKwamaForager,,non-playable record
0x3E86D6~DemonicCreatures.esp,DemonicCreatures.esp,DEMSkinKwamaForagerHARD,,non-playable record
0x3E86D9~DemonicCreatures.esp,DemonicCreatures.esp,DEMSkinKwamaScrib,,non-playable record
0x3E86DC~DemonicCreatures.esp,DemonicCreatures.esp,DEMSkinKwamaScribHARD,,non-playable record
0x3E86E0~DemonicCreatures.esp,DemonicCreatures.esp,DEMSkinCrawler,,non-playable record
0x3E86E1~DemonicCreatures.esp,DemonicCreatures.esp,DEMSkinBoneLooperHARD,,non-playable record
0x3E86E5~DemonicCreatures.esp,DemonicCreatures.esp,DEMSkinDwarvenWorm,,non-playable record
0x3E86E6~DemonicCreatures.esp,DemonicCreatures.esp,DEMSkinDwarvenWormHARD,,non-playable record
0x3E86E9~DemonicCreatures.esp,DemonicCreatures.esp,DEMSkinAncientTreeGuardian,,non-playable record
0x3E86EC~DemonicCreatures.esp,DemonicCreatures.esp,DEMSkinAncientTreeGuardianHARD,,non-playable record
0x3ED807~DemonicCreatures.esp,DemonicCreatures.esp,DEMSkinWaterdemon,,non-playable record
0x41B184~DemonicCreatures.esp,DemonicCreatures.esp,DEMSkinOgreMalacath,,non-playable record
0x41B18C~DemonicCreatures.esp,DemonicCreatures.esp,DEMSkinMummy02,,non-playable record
0x41B191~DemonicCreatures.esp,DemonicCreatures.esp,DEMSkinMummy02HARD,,non-playable record
0x41B192~DemonicCreatures.esp,DemonicCreatures.esp,DEMSkinMummy03,,non-playable record
0x41B193~DemonicCreatures.esp,DemonicCreatures.esp,DEMSkinMummy03HARD,,non-playable record
0x43E8E0~DemonicCreatures.esp,DemonicCreatures.esp,DEMSkinFalmerbrute02,,non-playable record
0x43E8E1~DemonicCreatures.esp,DemonicCreatures.esp,DEMSkinFalmerbrute02HARD,,non-playable record
0x43E8E2~DemonicCreatures.esp,DemonicCreatures.esp,DEMSkinFalmerbrute03,,non-playable record
0x43E8E3~DemonicCreatures.esp,DemonicCreatures.esp,DEMSkinFalmerbrute03HARD,,non-playable record
0x43E8E4~DemonicCreatures.esp,DemonicCreatures.esp,DEMSkinFalmerbrute04,,non-playable record
0x43E8E5~DemonicCreatures.esp,DemonicCreatures.esp,DEMSkinFalmerbrute04HARD,,non-playable record
0x43E8EE~DemonicCreatures.esp,DemonicCreatures.esp,DEMskinmihailWaterHag1,,non-playable record
0x43E8EF~DemonicCreatures.esp,DemonicCreatures.esp,DEMskinMihailSwampHag1,,non-playable record
0x43E8F0~DemonicCreatures.esp,DemonicCreatures.esp,DEMskinMihailGraveHag1,,non-playable record
0x44DC45~DemonicCreatures.esp,DemonicCreatures.esp,DEMSkinHorseShoeCrab,,non-playable record
0x44DC4B~DemonicCreatures.esp,DemonicCreatures.esp,DEMSkinmrmushc01,,non-playable record
0x44DC4E~DemonicCreatures.esp,DemonicCreatures.esp,DEMSkinmrmushb02,,non-playable record
0x44DC51~DemonicCreatures.esp,DemonicCreatures.esp,DEMSkinmrmushc03,,non-playable record
0x44DC54~DemonicCreatures.esp,DemonicCreatures.esp,DEMSkinmrmushc04,,non-playable record
0x44DC57~DemonicCreatures.esp,DemonicCreatures.esp,DEMSkinmrmusha05,,non-playable record
0x44DC5A~DemonicCreatures.esp,DemonicCreatures.esp,DEMSkinmrmushb06,,non-playable record
0x44DC5E~DemonicCreatures.esp,DemonicCreatures.esp,DEMSkinMushroomD,,non-playable record
0x44DC63~DemonicCreatures.esp,DemonicCreatures.esp,DEMSkinMushroomDHARD,,non-playable record
0x44DC65~DemonicCreatures.esp,DemonicCreatures.esp,DEMSkinMountedFalmer04,,non-playable record
0x46C282~DemonicCreatures.esp,DemonicCreatures.esp,DEMskinLesserDaedrothEbony,,missing display name
0x46C284~DemonicCreatures.esp,DemonicCreatures.esp,DEMskinLesserDaedrothEbonyHARD,,missing display name
0x46C287~DemonicCreatures.esp,DemonicCreatures.esp,DEMSkinNecroSpider,,non-playable record
0x46C289~DemonicCreatures.esp,DemonicCreatures.esp,DEMSkinNecroSpiderHARD,,non-playable record
0x47B5E2~DemonicCreatures.esp,DemonicCreatures.esp,DEMSkinMountedFalmer04HARD,,non-playable record
0x47B5ED~DemonicCreatures.esp,DemonicCreatures.esp,DEMSkinMountedFalmer00,,non-playable record
0x47B5EE~DemonicCreatures.esp,DemonicCreatures.esp,DEMSkinMountedFalmer00HARD,,non-playable record
0x47B5EF~DemonicCreatures.esp,DemonicCreatures.esp,DEMSkinMountedFalmer01,,non-playable record
0x47B5F0~DemonicCreatures.esp,DemonicCreatures.esp,DEMSkinMountedFalmer01HARD,,non-playable record
0x47B5F1~DemonicCreatures.esp,DemonicCreatures.esp,DEMSkinMountedFalmer02,,non-playable record
0x47B5F2~DemonicCreatures.esp,DemonicCreatures.esp,DEMSkinMountedFalmer02HARD,,non-playable record
0x47B5F3~DemonicCreatures.esp,DemonicCreatures.esp,DEMSkinMountedFalmer03,,non-playable record
0x47B5F4~DemonicCreatures.esp,DemonicCreatures.esp,DEMSkinMountedFalmer03HARD,,non-playable record
0x47B5F5~DemonicCreatures.esp,DemonicCreatures.esp,DEMSkinMountedFalmer05,,non-playable record
0x47B5F6~DemonicCreatures.esp,DemonicCreatures.esp,DEMSkinMountedFalmer05HARD,,non-playable record
0x4A8F7C~DemonicCreatures.esp,DemonicCreatures.esp,DEMSkinBigFishy,,non-playable record
0x4B3190~DemonicCreatures.esp,DemonicCreatures.esp,DEMSkinMummy04,,non-playable record
0x4B3191~DemonicCreatures.esp,DemonicCreatures.esp,DEMSkinMummy04HARD,,non-playable record
0x4B319F~DemonicCreatures.esp,DemonicCreatures.esp,DEMSkinMolestedZombieFemale01,,non-playable record
0x4E27B~DemonicCreatures.esp,DemonicCreatures.esp,DEMSkinOldLusty,,non-playable record
0x4E27F~DemonicCreatures.esp,DemonicCreatures.esp,DEMSkinOldLustyNude,,non-playable record
0x4E285~DemonicCreatures.esp,DemonicCreatures.esp,DEMFemArachneSkin,,non-playable record
0x4E286~DemonicCreatures.esp,DemonicCreatures.esp,DEMFemArachneColdSkin,,non-playable record
0x4E287~DemonicCreatures.esp,DemonicCreatures.esp,DEMFemDaedraSkin,,non-playable record
0x4E28E~DemonicCreatures.esp,DemonicCreatures.esp,DEMFemArachneSkinHARD,,non-playable record
0x4E291~DemonicCreatures.esp,DemonicCreatures.esp,DEMFemArachneColdSkinHARD,,non-playable record
0x4E292~DemonicCreatures.esp,DemonicCreatures.esp,DEMFemDaedraSkinHARD,,non-playable record
0x4E2AA~DemonicCreatures.esp,DemonicCreatures.esp,DEMSkinOgrim,,non-playable record
0x4E2B7~DemonicCreatures.esp,DemonicCreatures.esp,DEMSkinOgrimHARD,,non-playable record
0x4E2B9~DemonicCreatures.esp,DemonicCreatures.esp,DEMSkinDrowner,,non-playable record
0x4E2BC~DemonicCreatures.esp,DemonicCreatures.esp,DEMSkinDrownerHARD,,non-playable record
0x4E2BD~DemonicCreatures.esp,DemonicCreatures.esp,DEMSkinDrownerDead,,non-playable record
0x4E2C0~DemonicCreatures.esp,DemonicCreatures.esp,DEMSkinDrownerDeadHARD,,non-playable record
0x4E2C3~DemonicCreatures.esp,DemonicCreatures.esp,DEMSkinAncientTroll,,non-playable record
0x4E2CE~DemonicCreatures.esp,DemonicCreatures.esp,DEMSkinDraugrDog,,non-playable record
0x4E2D1~DemonicCreatures.esp,DemonicCreatures.esp,DEMskinDraugrDogHARD,,non-playable record
0x4E2DA~DemonicCreatures.esp,DemonicCreatures.esp,DEMskinGrummite02,,non-playable record
0x4E2DD~DemonicCreatures.esp,DemonicCreatures.esp,DEMskinGrummite02HARD,,non-playable record
0x4E2DF~DemonicCreatures.esp,DemonicCreatures.esp,DEMSkinScamp,,non-playable record
0x4E2E1~DemonicCreatures.esp,DemonicCreatures.esp,DEMSkinScampHARD,,non-playable record
0x4E2E6~DemonicCreatures.esp,DemonicCreatures.esp,DEMSkinSnowgoblin01,,non-playable record
0x4E2E7~DemonicCreatures.esp,DemonicCreatures.esp,DEMSkinSnowgoblin02,,non-playable record
0x4E2E8~DemonicCreatures.esp,DemonicCreatures.esp,DEMSkinSnowgoblin03,,non-playable record
0x4E2F0~DemonicCreatures.esp,DemonicCreatures.esp,DEMSkinSnowgoblin01HARD,,non-playable record
0x4E2F2~DemonicCreatures.esp,DemonicCreatures.esp,DEMSkinSnowgoblin02_03HARD,,non-playable record
0x4E2F6~DemonicCreatures.esp,DemonicCreatures.esp,DEMSkinfalmergargoyle,,non-playable record
0x4E2F7~DemonicCreatures.esp,DemonicCreatures.esp,DEMSkinfalmergargoyleHARD,,non-playable record
0x4E2FA~DemonicCreatures.esp,DemonicCreatures.esp,DEMSkinFalmerSentinel,,non-playable record
0x4E2FD~DemonicCreatures.esp,DemonicCreatures.esp,DEMSkinFalmerSentinelHARD,,non-playable record
0x4E300~DemonicCreatures.esp,DemonicCreatures.esp,DEMSkinFalmerSentinel01,,non-playable record
0x4E307~DemonicCreatures.esp,DemonicCreatures.esp,DEMSkinFalmerSentinel01HARD,,non-playable record
0x4E308~DemonicCreatures.esp,DemonicCreatures.esp,DEMSkinFalmerSentinel02,,non-playable record
0x4E309~DemonicCreatures.esp,DemonicCreatures.esp,DEMSkinFalmerSentinel02HARD,,non-playable record
0x4E30A~DemonicCreatures.esp,DemonicCreatures.esp,DEMSkinFalmerSentinel03,,non-playable record
0x4E30B~DemonicCreatures.esp,DemonicCreatures.esp,DEMSkinFalmerSentinel03HARD,,non-playable record
0x4E30C~DemonicCreatures.esp,DemonicCreatures.esp,DEMSkinFalmerSentinel04,,non-playable record
0x4E30D~DemonicCreatures.esp,DemonicCreatures.esp,DEMSkinFalmerSentinel04HARD,,non-playable record
0x4E314~DemonicCreatures.esp,DemonicCreatures.esp,DEMspiderironmaidenSkin,,non-playable record
0x4E316~DemonicCreatures.esp,DemonicCreatures.esp,DEMspiderironmaidenSkinHARD,,non-playable record
0x4E319~DemonicCreatures.esp,DemonicCreatures.esp,DEMspidermaraSkin,,non-playable record
0x4E31A~DemonicCreatures.esp,DemonicCreatures.esp,DEMspidermaraSkinHARD,,non-playable record
0x4E31D~DemonicCreatures.esp,DemonicCreatures.esp,DEMSkinBaliwog,,non-playable record
0x4E320~DemonicCreatures.esp,DemonicCreatures.esp,DEMSkinBaliwogHARD,,non-playable record
0x5127D~DemonicCreatures.esp,DemonicCreatures.esp,DEMSkinWerewolfScourgeBeastWhite,,missing display name
0x5127E~DemonicCreatures.esp,DemonicCreatures.esp,DEMSkinWerewolfScourgeBeastWhiteHARD,,missing display name
0x545F0E~DemonicCreatures.esp,DemonicCreatures.esp,DEMskinmihailbat,,non-playable record
0x545F0F~DemonicCreatures.esp,DemonicCreatures.esp,DEMskinmihailbatELDER,,non-playable record
0x545F1C~DemonicCreatures.esp,DemonicCreatures.esp,DEMskinFleshGrinder,,missing display name
0x545F1F~DemonicCreatures.esp,DemonicCreatures.esp,DEMskinFleshGrinderHARD,,missing display name
0x57DB09~DemonicCreatures.esp,DemonicCreatures.esp,DEMskinmihailracoon,,non-playable record
0x57DB0A~DemonicCreatures.esp,DemonicCreatures.esp,DEMmihailSkunkSnowSkin,,non-playable record
0x57DB28~DemonicCreatures.esp,DemonicCreatures.esp,DEMskindeermusk,,non-playable record
0x57DB2A~DemonicCreatures.esp,DemonicCreatures.esp,DEMskindeermarsh,,non-playable record
0x58531~DemonicCreatures.esp,DemonicCreatures.esp,DEMSkinLittleshoggoth,,non-playable record
0x58533~DemonicCreatures.esp,DemonicCreatures.esp,DEMSkinBenthicangler,,non-playable record
0x58536~DemonicCreatures.esp,DemonicCreatures.esp,DEMSkinbloodsuckerfish,,non-playable record
0x5853A~DemonicCreatures.esp,DemonicCreatures.esp,DEMSkinDraugrBrute02,,non-playable record
0x5853B~DemonicCreatures.esp,DemonicCreatures.esp,DEMSkinDraugrBrute02HARD,,non-playable record
0x5853F~DemonicCreatures.esp,DemonicCreatures.esp,DEMSkinDraugrBrute01,,non-playable record
0x58540~DemonicCreatures.esp,DemonicCreatures.esp,DEMSkinDraugrBrute01HARD,,non-playable record
0x58544~DemonicCreatures.esp,DemonicCreatures.esp,DEMSkinFalmerbrute,,non-playable record
0x58545~DemonicCreatures.esp,DemonicCreatures.esp,DEMSkinFalmerbruteHARD,,non-playable record
0x58549~DemonicCreatures.esp,DemonicCreatures.esp,DEMSkinFalmerbrute01,,non-playable record
0x5854A~DemonicCreatures.esp,DemonicCreatures.esp,DEMSkinFalmerbrute01HARD,,non-playable record
0x5854E~DemonicCreatures.esp,DemonicCreatures.esp,DEMSkinRedDemon,,non-playable record
0x5854F~DemonicCreatures.esp,DemonicCreatures.esp,DEMSkinRedDemonHARD,,non-playable record
0x58551~DemonicCreatures.esp,DemonicCreatures.esp,DEMSkinBlueDemon,,non-playable record
0x58552~DemonicCreatures.esp,DemonicCreatures.esp,DEMSkinBlueDemonHARD,,non-playable record
0x58557~DemonicCreatures.esp,DemonicCreatures.esp,DEMSkinOldDaedroth,,missing display name
0x5855A~DemonicCreatures.esp,DemonicCreatures.esp,DEMSkinOldDaedrothHARD,,missing display name
0x5855D~DemonicCreatures.esp,DemonicCreatures.esp,DEMSkinHunger,,missing display name
0x5855E~DemonicCreatures.esp,DemonicCreatures.esp,DEMSkinHungerHARD,,missing display name
0x58561~DemonicCreatures.esp,DemonicCreatures.esp,DEMSkinAncientTrollHARD,,non-playable record
0x58564~DemonicCreatures.esp,DemonicCreatures.esp,DEMSkinNekker,,missing display name
0x5856B~DemonicCreatures.esp,DemonicCreatures.esp,DEMSkinNekkerHARD,,missing display name
0x5856D~DemonicCreatures.esp,DemonicCreatures.esp,DEMSkinKraken,,non-playable record
0x58570~DemonicCreatures.esp,DemonicCreatures.esp,DEMskinKrakenHARD,,non-playable record
0x58572~DemonicCreatures.esp,DemonicCreatures.esp,DEMSkinSacrificialPriestess,,non-playable record
0x5857B~DemonicCreatures.esp,DemonicCreatures.esp,DEMSkinDwarvenmatron,,non-playable record
0x5857E~DemonicCreatures.esp,DemonicCreatures.esp,DEMSkinDwarvenmatronHARD,,non-playable record
0x58581~DemonicCreatures.esp,DemonicCreatures.esp,DEMSkinUndeadwerewolf,,missing display name
0x58582~DemonicCreatures.esp,DemonicCreatures.esp,DEMSkinUndeadwerewolfHARD,,missing display name
0x597068~DemonicCreatures.esp,DemonicCreatures.esp,DEMmihailSkunkStripedSkin,,non-playable record
0x597073~DemonicCreatures.esp,DemonicCreatures.esp,DEMSkinSnowgoblin04,,non-playable record
0x597074~DemonicCreatures.esp,DemonicCreatures.esp,DEMSkinSnowgoblin04HARD,,non-playable record
0x597082~DemonicCreatures.esp,DemonicCreatures.esp,DEMSkinMolestedZombieFemale01HARD,,non-playable record
0x59C194~DemonicCreatures.esp,DemonicCreatures.esp,DEMSkinMolestedZombieMale01,,non-playable record
0x59C195~DemonicCreatures.esp,DemonicCreatures.esp,DEMSkinMolestedZombieMale01HARD,,non-playable record
0x5A12A5~DemonicCreatures.esp,DemonicCreatures.esp,DEMskinGrummite01,,non-playable record
0x5A12A6~DemonicCreatures.esp,DemonicCreatures.esp,DEMskinGrummite01HARD,,non-playable record
0x5A12AB~DemonicCreatures.esp,DemonicCreatures.esp,DEMskinGrummite03,,non-playable record
0x5A12AC~DemonicCreatures.esp,DemonicCreatures.esp,DEMskinGrummite03HARD,,non-playable record
0x5A12AD~DemonicCreatures.esp,DemonicCreatures.esp,DEMskinGrummite04,,non-playable record
0x5A12AE~DemonicCreatures.esp,DemonicCreatures.esp,DEMskinGrummite04HARD,,non-playable record
0x5A12C0~DemonicCreatures.esp,DemonicCreatures.esp,DEMmihailgrummiteweapon_shieldlight_skin,Grummite Light Shield,suspicious invisible/test/skin record; add to includedSuspiciousForms to force inclusion
0x5A12C1~DemonicCreatures.esp,DemonicCreatures.esp,DEMmihailgrummiteweapon_shieldheavy_skin,Grummite Heavy Shield,suspicious invisible/test/skin record; add to includedSuspiciousForms to force inclusion
0x5E3040~DemonicCreatures.esp,DemonicCreatures.esp,DEMSkinRockBiterTribegoblin01,,non-playable record
0x5E3041~DemonicCreatures.esp,DemonicCreatures.esp,DEMSkinRockBiterTribegoblin01HARD,,non-playable record
0x5E3042~DemonicCreatures.esp,DemonicCreatures.esp,DEMSkinRockBiterTribegoblin02,,non-playable record
0x5E3043~DemonicCreatures.esp,DemonicCreatures.esp,DEMSkinRockBiterTribegoblin02HARD,,non-playable record
0x5E3044~DemonicCreatures.esp,DemonicCreatures.esp,DEMSkinRockBiterTribegoblin03,,non-playable record
0x5E3045~DemonicCreatures.esp,DemonicCreatures.esp,DEMSkinRockBiterTribegoblin03HARD,,non-playable record
0x5E3046~DemonicCreatures.esp,DemonicCreatures.esp,DEMSkinRockBiterTribegoblin04,,non-playable record
0x5E3047~DemonicCreatures.esp,DemonicCreatures.esp,DEMSkinRockBiterTribegoblin04HARD,,non-playable record
0x5E3048~DemonicCreatures.esp,DemonicCreatures.esp,DEMSkinRockBiterTribegoblin05,,non-playable record
0x5E3049~DemonicCreatures.esp,DemonicCreatures.esp,DEMSkinRockBiterTribegoblin05HARD,,non-playable record
0x5E304A~DemonicCreatures.esp,DemonicCreatures.esp,DEMSkinRockBiterTribegoblin06,,non-playable record
0x5E304B~DemonicCreatures.esp,DemonicCreatures.esp,DEMSkinRockBiterTribegoblin06HARD,,non-playable record
0x5E304C~DemonicCreatures.esp,DemonicCreatures.esp,DEMSkinRockBiterTribegoblin07,,non-playable record
0x5E304D~DemonicCreatures.esp,DemonicCreatures.esp,DEMSkinRockBiterTribegoblin07HARD,,non-playable record
0x5E305E~DemonicCreatures.esp,DemonicCreatures.esp,DEMskinmihaildurzogGreen,,non-playable record
0x5E305F~DemonicCreatures.esp,DemonicCreatures.esp,DEMskinmihaildurzogWhite,,non-playable record
0x5E306D~DemonicCreatures.esp,DemonicCreatures.esp,DEMskinmihaildurzogGreenHARD,,non-playable record
0x5E306E~DemonicCreatures.esp,DemonicCreatures.esp,DEMskinmihaildurzogWhiteHARD,,non-playable record
0x5E3070~DemonicCreatures.esp,DemonicCreatures.esp,DEMSkinOgreMalacathHARD,,non-playable record
0x5E308A~DemonicCreatures.esp,DemonicCreatures.esp,DEMSkinOgreMalacathArmored,,non-playable record
0x5E308B~DemonicCreatures.esp,DemonicCreatures.esp,DEMSkinOgreMalacathArmoredHARD,,non-playable record
0x5E308F~DemonicCreatures.esp,DemonicCreatures.esp,DEMskinmihailsquirrels,,non-playable record
0x6016BD~DemonicCreatures.esp,DemonicCreatures.esp,DEMskinCrippledSkeleton00,,non-playable record
0x6016BE~DemonicCreatures.esp,DemonicCreatures.esp,DEMskinCrippledSkeleton00HARD,,non-playable record
0x6016D3~DemonicCreatures.esp,DemonicCreatures.esp,DEMskinCrippledSkeleton01,,non-playable record
0x6016D4~DemonicCreatures.esp,DemonicCreatures.esp,DEMskinCrippledSkeleton01HARD,,non-playable record
0x6016D5~DemonicCreatures.esp,DemonicCreatures.esp,DEMskinCrippledSkeleton02,,non-playable record
0x6016D6~DemonicCreatures.esp,DemonicCreatures.esp,DEMskinCrippledSkeleton02HARD,,non-playable record
0x6016D7~DemonicCreatures.esp,DemonicCreatures.esp,DEMskinCrippledSkeleton03,,non-playable record
0x6016D8~DemonicCreatures.esp,DemonicCreatures.esp,DEMskinCrippledSkeleton03HARD,,non-playable record
0x6016D9~DemonicCreatures.esp,DemonicCreatures.esp,DEMskinCrippledSkeleton04,,non-playable record
0x6016DA~DemonicCreatures.esp,DemonicCreatures.esp,DEMskinCrippledSkeleton04HARD,,non-playable record
0x6016E1~DemonicCreatures.esp,DemonicCreatures.esp,DEMSkinDraugrWitch00,,non-playable record
0x6016E4~DemonicCreatures.esp,DemonicCreatures.esp,DEMSkinDraugrWitch01,,non-playable record
0x6016E7~DemonicCreatures.esp,DemonicCreatures.esp,DEMSkinDraugrWitch02,,non-playable record
0x6016EA~DemonicCreatures.esp,DemonicCreatures.esp,DEMSkinDraugrWitch03,,non-playable record
0x6016F0~DemonicCreatures.esp,DemonicCreatures.esp,DEMSkinDraugrWitch04,,non-playable record
0x6016F6~DemonicCreatures.esp,DemonicCreatures.esp,DEMSkinFemGiant01,,non-playable record
0x6016F9~DemonicCreatures.esp,DemonicCreatures.esp,DEMSkinFemGiant01HARD,,non-playable record
0x601700~DemonicCreatures.esp,DemonicCreatures.esp,DEMSkinFemGiant02,,non-playable record
0x601701~DemonicCreatures.esp,DemonicCreatures.esp,DEMSkinFemGiant02HARD,,non-playable record
0x601702~DemonicCreatures.esp,DemonicCreatures.esp,DEMSkinFemGiant03,,non-playable record
0x601703~DemonicCreatures.esp,DemonicCreatures.esp,DEMSkinFemGiant03HARD,,non-playable record
0x601704~DemonicCreatures.esp,DemonicCreatures.esp,DEMSkinFemGiant04,,non-playable record
0x601705~DemonicCreatures.esp,DemonicCreatures.esp,DEMSkinFemGiant04HARD,,non-playable record
0x60170A~DemonicCreatures.esp,DemonicCreatures.esp,DEMSkinZombieDobermann,,non-playable record
0x60170D~DemonicCreatures.esp,DemonicCreatures.esp,DEMSkinZombieDobermannHARD,,non-playable record
0x601718~DemonicCreatures.esp,DemonicCreatures.esp,DEMSkinMihailwampaskin,,non-playable record
0x601729~DemonicCreatures.esp,DemonicCreatures.esp,DEMSkinMihailwampaskinHARD,,non-playable record
0x6278E~DemonicCreatures.esp,DemonicCreatures.esp,DEMSkinSacrificialPriestessHARD,,non-playable record
0x62796~DemonicCreatures.esp,DemonicCreatures.esp,DEMSkinMummy01,,non-playable record
0x62797~DemonicCreatures.esp,DemonicCreatures.esp,DEMSkinMummy01HARD,,non-playable record
0x6279C~DemonicCreatures.esp,DemonicCreatures.esp,DEMSkinPanther,,non-playable record
0x627C1~DemonicCreatures.esp,DemonicCreatures.esp,DEMSkinDraugrGiant,,non-playable record
0x627C2~DemonicCreatures.esp,DemonicCreatures.esp,DEMSkinDraugrGiantHARD,,non-playable record
0x627C6~DemonicCreatures.esp,DemonicCreatures.esp,DEMSkinGoblinSlave,,non-playable record
0x627C9~DemonicCreatures.esp,DemonicCreatures.esp,DEMSkinGoblinSlaveHARD,,non-playable record
0x627D6~DemonicCreatures.esp,DemonicCreatures.esp,DEMSkinGoblinScout,,non-playable record
0x627D7~DemonicCreatures.esp,DemonicCreatures.esp,DEMSkinGoblinSoldier,,non-playable record
0x627D8~DemonicCreatures.esp,DemonicCreatures.esp,DEMSkinGoblinWarrior,,non-playable record
0x627D9~DemonicCreatures.esp,DemonicCreatures.esp,DEMSkinGoblinChief,,non-playable record
0x627E0~DemonicCreatures.esp,DemonicCreatures.esp,DEMSkinGoblinChiefHARD,,non-playable record
0x627E1~DemonicCreatures.esp,DemonicCreatures.esp,DEMSkinGoblinWarriorHARD,,non-playable record
0x627E2~DemonicCreatures.esp,DemonicCreatures.esp,DEMSkinGoblinSoldierHARD,,non-playable record
0x627E3~DemonicCreatures.esp,DemonicCreatures.esp,DEMSkinGoblinScoutHARD,,non-playable record
0x627E9~DemonicCreatures.esp,DemonicCreatures.esp,DEMSkinMountedGoblin01,,non-playable record
0x627EC~DemonicCreatures.esp,DemonicCreatures.esp,DemSkinArsinoitherium,,non-playable record
0x627F0~DemonicCreatures.esp,DemonicCreatures.esp,DemSkinAurochs,,non-playable record
0x627F6~DemonicCreatures.esp,DemonicCreatures.esp,DEMSkinBeakedDinosaurGrey,,non-playable record
0x627FC~DemonicCreatures.esp,DemonicCreatures.esp,DEMSkinBeakedDinosaurZebra,,non-playable record
0x627FD~DemonicCreatures.esp,DemonicCreatures.esp,DEMSkinBeakedDinosaurBrown,,non-playable record
0x627FE~DemonicCreatures.esp,DemonicCreatures.esp,DEMSkinBeakedDinosaurLeo,,non-playable record
0x62803~DemonicCreatures.esp,DemonicCreatures.esp,DEMSkinCyroslaughterfish,,non-playable record
0x6280F~DemonicCreatures.esp,DemonicCreatures.esp,DEMSkinPigman,,non-playable record
0x62812~DemonicCreatures.esp,DemonicCreatures.esp,DEMSkinPigmanHARD,,non-playable record
0x62815~DemonicCreatures.esp,DemonicCreatures.esp,DEMskinWereWendigo,,missing display name
0x6281B~DemonicCreatures.esp,DemonicCreatures.esp,DEMskinFiendewerewolfHARD,,missing display name
0x62827~DemonicCreatures.esp,DemonicCreatures.esp,DEMSkinHowler1,,non-playable record
0x62828~DemonicCreatures.esp,DemonicCreatures.esp,DEMSkinHowler2,,non-playable record
0x62829~DemonicCreatures.esp,DemonicCreatures.esp,DEMSkinWendigo1,,non-playable record
0x6282A~DemonicCreatures.esp,DemonicCreatures.esp,DEMSkinWendigo2,,non-playable record
0x62838~DemonicCreatures.esp,DemonicCreatures.esp,DEMSkinHowler1HARD,,non-playable record
0x6283C~DemonicCreatures.esp,DemonicCreatures.esp,DEMSkinHowler2HARD,,non-playable record
0x6283D~DemonicCreatures.esp,DemonicCreatures.esp,DEMSkinWendigo1HARD,,non-playable record
0x6283E~DemonicCreatures.esp,DemonicCreatures.esp,DEMSkinWendigo2HARD,,non-playable record
0x62848~DemonicCreatures.esp,DemonicCreatures.esp,DEMskinMightyDaedroth,,missing display name
0x62849~DemonicCreatures.esp,DemonicCreatures.esp,DEMskinLesserDaedroth,,missing display name
0x6284F~DemonicCreatures.esp,DemonicCreatures.esp,DEMskinMightyDaedrothHARD,,missing display name
0x62850~DemonicCreatures.esp,DemonicCreatures.esp,DEMskinLesserDaedrothHARD,,missing display name
0x6286A~DemonicCreatures.esp,DemonicCreatures.esp,DEMSkinSprigganElite,,non-playable record
0x6286B~DemonicCreatures.esp,DemonicCreatures.esp,DEMSkinSentinelsithisHARD,,non-playable record
0x628DD~DemonicCreatures.esp,DemonicCreatures.esp,DEMSkavenSkin,,non-playable record
0x628DE~DemonicCreatures.esp,DemonicCreatures.esp,DEMSkavenSkinElite1,,non-playable record
0x628DF~DemonicCreatures.esp,DemonicCreatures.esp,DEMSkavenSkinHornedRat,,non-playable record
0x628E1~DemonicCreatures.esp,DemonicCreatures.esp,DEMSkavenSkinGlobadier1,,non-playable record
0x628E2~DemonicCreatures.esp,DemonicCreatures.esp,DEMSkinSkavenRider04,,non-playable record
0x628E3~DemonicCreatures.esp,DemonicCreatures.esp,DEMSkinSkavenDraugrRider,,non-playable record
0x628E4~DemonicCreatures.esp,DemonicCreatures.esp,DEMSkinSkavenDraugrRider02,,non-playable record
0x628E6~DemonicCreatures.esp,DemonicCreatures.esp,DEMSkavenSkinElite2,,non-playable record
0x628E7~DemonicCreatures.esp,DemonicCreatures.esp,DEMSkavenSkinElite3,,non-playable record
0x628EA~DemonicCreatures.esp,DemonicCreatures.esp,DEMSkavenSkinElite4,,non-playable record
0x628EC~DemonicCreatures.esp,DemonicCreatures.esp,DEMSkavenSkinGlobadier2,,non-playable record
0x628ED~DemonicCreatures.esp,DemonicCreatures.esp,DEMSkavenSkinGlobadier3,,non-playable record
0x628EE~DemonicCreatures.esp,DemonicCreatures.esp,DEMSkinSkavenRiderRadRat,,non-playable record
0x628EF~DemonicCreatures.esp,DemonicCreatures.esp,DEMSkavenSkinPeon1,,non-playable record
0x628F0~DemonicCreatures.esp,DemonicCreatures.esp,DEMSkavenSkinPeon2,,non-playable record
0x628F1~DemonicCreatures.esp,DemonicCreatures.esp,DEMSkavenSkinPeon3,,non-playable record
0x628F2~DemonicCreatures.esp,DemonicCreatures.esp,DEMSkavenSkinPeon4,,non-playable record
0x628F3~DemonicCreatures.esp,DemonicCreatures.esp,DEMSkavenSkinPeon5,,non-playable record
0x62911~DemonicCreatures.esp,DemonicCreatures.esp,DEMSkavenSkinGlobadier1HARD,,non-playable record
0x62916~DemonicCreatures.esp,DemonicCreatures.esp,DEMSkavenSkinHARD,,non-playable record
0x62918~DemonicCreatures.esp,DemonicCreatures.esp,DEMSkavenSkinHornedRatHARD,,non-playable record
0x6291D~DemonicCreatures.esp,DemonicCreatures.esp,DEMSkavenSkinElite1HARD,,non-playable record
0x6291E~DemonicCreatures.esp,DemonicCreatures.esp,DEMSkavenSkinElite2HARD,,non-playable record
0x6291F~DemonicCreatures.esp,DemonicCreatures.esp,DEMSkavenSkinElite3HARD,,non-playable record
0x62920~DemonicCreatures.esp,DemonicCreatures.esp,DEMSkavenSkinElite4HARD,,non-playable record
0x62926~DemonicCreatures.esp,DemonicCreatures.esp,DEMSkavenSkinPeon1HARD,,non-playable record
0x62927~DemonicCreatures.esp,DemonicCreatures.esp,DEMSkavenSkinPeon2HARD,,non-playable record
0x62928~DemonicCreatures.esp,DemonicCreatures.esp,DEMSkavenSkinPeon3HARD,,non-playable record
0x62929~DemonicCreatures.esp,DemonicCreatures.esp,DEMSkavenSkinPeon4HARD,,non-playable record
0x6292A~DemonicCreatures.esp,DemonicCreatures.esp,DEMSkavenSkinPeon5HARD,,non-playable record
0x62993~DemonicCreatures.esp,DemonicCreatures.esp,DEMSkinclannfear,,missing display name
0x62994~DemonicCreatures.esp,DemonicCreatures.esp,DEMSkinclannfearHARD,,missing display name
0x629A9~DemonicCreatures.esp,DemonicCreatures.esp,DEMSkinDraugrBrute04,,non-playable record
0x629AA~DemonicCreatures.esp,DemonicCreatures.esp,DEMSkinDraugrBrute04HARD,,non-playable record
0x629AE~DemonicCreatures.esp,DemonicCreatures.esp,DEMSkinDraugrBrute05,,non-playable record
0x629AF~DemonicCreatures.esp,DemonicCreatures.esp,DEMSkinDraugrBrute05HARD,,non-playable record
0x629B3~DemonicCreatures.esp,DemonicCreatures.esp,DEMSkinDraugrBrute03,,non-playable record
0x629B4~DemonicCreatures.esp,DemonicCreatures.esp,DEMSkinDraugrBrute03HARD,,non-playable record
0x629C5~DemonicCreatures.esp,DemonicCreatures.esp,DEMSkavenSkinGlobadier2HARD,,non-playable record
0x629C6~DemonicCreatures.esp,DemonicCreatures.esp,DEMSkavenSkinGlobadier3HARD,,non-playable record
0x629CB~DemonicCreatures.esp,DemonicCreatures.esp,DEMSkinSkavenRider04HARD,,non-playable record
0x629CC~DemonicCreatures.esp,DemonicCreatures.esp,DEMSkinSkavenDraugrRiderHARD,,non-playable record
0x629CD~DemonicCreatures.esp,DemonicCreatures.esp,DEMSkinSkavenDraugrRider02HARD,,non-playable record
0x629CE~DemonicCreatures.esp,DemonicCreatures.esp,DEMSkinSkavenRiderRadRatHARD,,non-playable record
0x629DA~DemonicCreatures.esp,DemonicCreatures.esp,DEMSkinIbex,,non-playable record
0x629E1~DemonicCreatures.esp,DemonicCreatures.esp,DEMSkinWerelion,,missing display name
0x629E2~DemonicCreatures.esp,DemonicCreatures.esp,DEMSkinWerelionHARD,,missing display name
0x629EF~DemonicCreatures.esp,DemonicCreatures.esp,DEMSkinTreeduckbillJUNGLE,,non-playable record
0x629F1~DemonicCreatures.esp,DemonicCreatures.esp,DEMSkinTreeduckbillMountain,,non-playable record
0x629F3~DemonicCreatures.esp,DemonicCreatures.esp,DEMSkinTreeduckbillTUNDRA,,non-playable record
0x65CA9A~DemonicCreatures.esp,DemonicCreatures.esp,DEMSkinBonebreaker01,,non-playable record
0x65CA9D~DemonicCreatures.esp,DemonicCreatures.esp,DEMSkinBonebreaker01HARD,,non-playable record
0x65CAAA~DemonicCreatures.esp,DemonicCreatures.esp,DEMSkinBonebreaker02,,non-playable record
0x65CAAB~DemonicCreatures.esp,DemonicCreatures.esp,DEMSkinBonebreaker02HARD,,non-playable record
0x65CAAC~DemonicCreatures.esp,DemonicCreatures.esp,DEMSkinBonebreaker03,,non-playable record
0x65CAAD~DemonicCreatures.esp,DemonicCreatures.esp,DEMSkinBonebreaker03HARD,,non-playable record
0x65CAAE~DemonicCreatures.esp,DemonicCreatures.esp,DEMSkinBonebreaker04,,non-playable record
0x65CAAF~DemonicCreatures.esp,DemonicCreatures.esp,DEMSkinBonebreaker04HARD,,non-playable record
0x65CAB0~DemonicCreatures.esp,DemonicCreatures.esp,DEMSkinBonebreaker05,,non-playable record
0x65CAB1~DemonicCreatures.esp,DemonicCreatures.esp,DEMSkinBonebreaker05HARD,,non-playable record
0x6A3970~DemonicCreatures.esp,DemonicCreatures.esp,DEMskinCaretaker01,,non-playable record
0x6A3971~DemonicCreatures.esp,DemonicCreatures.esp,DEMskinCaretaker01HARD,,non-playable record
0x6A3972~DemonicCreatures.esp,DemonicCreatures.esp,DEMskinCaretaker02,,non-playable record
0x6A3973~DemonicCreatures.esp,DemonicCreatures.esp,DEMskinCaretaker02HARD,,non-playable record
0x6A3974~DemonicCreatures.esp,DemonicCreatures.esp,DEMskinCaretaker03,,non-playable record
0x6A3975~DemonicCreatures.esp,DemonicCreatures.esp,DEMskinCaretaker03HARD,,non-playable record
0x6A3976~DemonicCreatures.esp,DemonicCreatures.esp,DEMskinCaretaker04,,non-playable record
0x6A3977~DemonicCreatures.esp,DemonicCreatures.esp,DEMskinCaretaker04HARD,,non-playable record
0x6A3978~DemonicCreatures.esp,DemonicCreatures.esp,DEMskinCaretaker05,,non-playable record
0x6A3979~DemonicCreatures.esp,DemonicCreatures.esp,DEMskinCaretaker05HARD,,non-playable record
0x76E11~DemonicCreatures.esp,DemonicCreatures.esp,DEMmihailgrahlskin,,non-playable record
0x76E12~DemonicCreatures.esp,DemonicCreatures.esp,DEMmihailgrahlskinhard,,non-playable record
0x7BF20~DemonicCreatures.esp,DemonicCreatures.esp,DEMSkinOgre01,,non-playable record
0x7BF21~DemonicCreatures.esp,DemonicCreatures.esp,DEMSkinOgreWarrior,,non-playable record
0x7BF22~DemonicCreatures.esp,DemonicCreatures.esp,DEMCYRSkinMinotaur02,,non-playable record
0x7BF23~DemonicCreatures.esp,DemonicCreatures.esp,DEMCYRSkinMinotaur01,,non-playable record
0x7BF44~DemonicCreatures.esp,DemonicCreatures.esp,DEMSkinOgreWarriorHARD,,non-playable record
0x7C44CC~DemonicCreatures.esp,DemonicCreatures.esp,DEMSkinDwarvenSkelly01,,non-playable record
0x7C44CD~DemonicCreatures.esp,DemonicCreatures.esp,DEMSkinDwarvenSkelly01HARD,,non-playable record
0x801130~DemonicCreatures.esp,DemonicCreatures.esp,DEMskinMihailhummingbird,,non-playable record
0x801131~DemonicCreatures.esp,DemonicCreatures.esp,DEMskinMihailhummingbird2,,non-playable record
0x801132~DemonicCreatures.esp,DemonicCreatures.esp,DEMskinMihailhummingbird3,,non-playable record
0x801133~DemonicCreatures.esp,DemonicCreatures.esp,DEMskinMihailhummingbird4,,non-playable record
0x801134~DemonicCreatures.esp,DemonicCreatures.esp,DEMskinMihailhummingbird5,,non-playable record
0x806256~DemonicCreatures.esp,DemonicCreatures.esp,DEMSkinReinSnowDeer,,non-playable record
0x80625E~DemonicCreatures.esp,DemonicCreatures.esp,DEMSkinForestDeer,,non-playable record
0x81F788~DemonicCreatures.esp,DemonicCreatures.esp,DEMSkinAncientSkeleton04,,non-playable record
0x81F789~DemonicCreatures.esp,DemonicCreatures.esp,DEMSkinAncientSkeleton04HARD,,non-playable record
0x82489F~DemonicCreatures.esp,DemonicCreatures.esp,DEMSkinDwarvenSkelly02,,non-playable record
0x8248A0~DemonicCreatures.esp,DemonicCreatures.esp,DEMSkinDwarvenSkelly02HARD,,non-playable record
0x8299AF~DemonicCreatures.esp,DemonicCreatures.esp,DEMSkinWerehound02,,missing display name
0x8299B2~DemonicCreatures.esp,DemonicCreatures.esp,DEMSkinWerehound02HARD,,missing display name
0x8299BE~DemonicCreatures.esp,DemonicCreatures.esp,DEMSkinDeerWhitetail,,non-playable record
0x8299C3~DemonicCreatures.esp,DemonicCreatures.esp,DEMskinLeopard,,non-playable record
0x8299C7~DemonicCreatures.esp,DemonicCreatures.esp,DEMSkinWerehound01,,missing display name
0x8299C8~DemonicCreatures.esp,DemonicCreatures.esp,DEMSkinWerehound01HARD,,missing display name
0x87AA59~DemonicCreatures.esp,DemonicCreatures.esp,DEMskinSSSLeopard,,non-playable record
0x87AA5B~DemonicCreatures.esp,DemonicCreatures.esp,DEMskinMountainLion,,non-playable record
0x8D0B9F~DemonicCreatures.esp,DemonicCreatures.esp,DEMSkinMallard,,non-playable record
0x8D0BA0~DemonicCreatures.esp,DemonicCreatures.esp,DEMSkinRabbitWhite,,non-playable record
0x8D0BA5~DemonicCreatures.esp,DemonicCreatures.esp,DEMSkinRabbitGrey,,non-playable record
0x8D0BA6~DemonicCreatures.esp,DemonicCreatures.esp,DEMSkinRabbitBrown,,non-playable record
0x8D0BAF~DemonicCreatures.esp,DemonicCreatures.esp,DEMSkinWoodduck,,non-playable record
0x8D0BB3~DemonicCreatures.esp,DemonicCreatures.esp,DEMSkinPheasant,,non-playable record
0x8D0BB7~DemonicCreatures.esp,DemonicCreatures.esp,DEMSkinTealduck,,non-playable record
0x8D0BBB~DemonicCreatures.esp,DemonicCreatures.esp,DEMSkinGooseBrown,,non-playable record
0x8D0BBE~DemonicCreatures.esp,DemonicCreatures.esp,DEMSkinGooseWhite,,non-playable record
0x8E5002~DemonicCreatures.esp,DemonicCreatures.esp,DEMSkinGhoulDoggy01,,non-playable record
0x8F4309~DemonicCreatures.esp,DemonicCreatures.esp,DEMSkinGhoulDoggy01HARD,,non-playable record
0x90399~DemonicCreatures.esp,DemonicCreatures.esp,DEMCYRSkinMinotaur01HARD,,non-playable record
0x9039B~DemonicCreatures.esp,DemonicCreatures.esp,DEMCYRSkinMinotaur02HARD,,non-playable record
0x9039D~DemonicCreatures.esp,DemonicCreatures.esp,DEMSkinOgre01HARD,,non-playable record
0x91CB29~DemonicCreatures.esp,DemonicCreatures.esp,DEMSkinGhoulDoggy02,,non-playable record
0x91CB2A~DemonicCreatures.esp,DemonicCreatures.esp,DEMSkinGhoulDoggy02HARD,,non-playable record
0x91CB2B~DemonicCreatures.esp,DemonicCreatures.esp,DEMSkinGhoulDoggy03,,non-playable record
0x91CB2C~DemonicCreatures.esp,DemonicCreatures.esp,DEMSkinGhoulDoggy03HARD,,non-playable record
0x930F4D~DemonicCreatures.esp,DemonicCreatures.esp,DEMskinmihailWaterHag2,,non-playable record
0x930F4E~DemonicCreatures.esp,DemonicCreatures.esp,DEMskinMihailSwampHag2,,non-playable record
0x930F4F~DemonicCreatures.esp,DemonicCreatures.esp,DEMskinMihailGraveHag2,,non-playable record
0x930F5B~DemonicCreatures.esp,DemonicCreatures.esp,DEMSkinGhoulrRiekl01,,non-playable record
0x930F5C~DemonicCreatures.esp,DemonicCreatures.esp,DEMSkinGhoulrRiekl01HARD,,non-playable record
0x936063~DemonicCreatures.esp,DemonicCreatures.esp,DEMSkinWarzog,,non-playable record
0x936065~DemonicCreatures.esp,DemonicCreatures.esp,DEMSkinWarzogHARD,,non-playable record
0x93606A~DemonicCreatures.esp,DemonicCreatures.esp,DEMSkinDrowner3,,non-playable record
0x93606B~DemonicCreatures.esp,DemonicCreatures.esp,DEMSkinDrowner3HARD,,non-playable record
0x94F5A6~DemonicCreatures.esp,DemonicCreatures.esp,DEMSkinFalmerKing,,non-playable record
0x94F5AA~DemonicCreatures.esp,DemonicCreatures.esp,DEMSkinFalmerKingHARD,,non-playable record
0x9B9B8C~DemonicCreatures.esp,DemonicCreatures.esp,DEMSkinGoblinBerserker04,,non-playable record
0x9B9B8D~DemonicCreatures.esp,DemonicCreatures.esp,DEMSkinGoblinBerserker04HARD,,non-playable record
0x9C8EA3~DemonicCreatures.esp,DemonicCreatures.esp,DEMSkinWerehog,,missing display name
0x9C8EA4~DemonicCreatures.esp,DemonicCreatures.esp,DEMSkinWerehogHARD,,missing display name
0x9C8EAF~DemonicCreatures.esp,DemonicCreatures.esp,DEMSkinGhoulrRiekl02,,non-playable record
0x9C8EB0~DemonicCreatures.esp,DemonicCreatures.esp,DEMSkinGhoulrRiekl02HARD,,non-playable record
0x9C8EB1~DemonicCreatures.esp,DemonicCreatures.esp,DEMSkinGhoulrRiekl03,,non-playable record
0x9C8EB2~DemonicCreatures.esp,DemonicCreatures.esp,DEMSkinGhoulrRiekl03HARD,,non-playable record
0x9EC5CE~DemonicCreatures.esp,DemonicCreatures.esp,DEMSkinGhoulrRiekl04,,non-playable record
0x9EC5CF~DemonicCreatures.esp,DemonicCreatures.esp,DEMSkinGhoulrRiekl04HARD,,non-playable record
0x9EC5D5~DemonicCreatures.esp,DemonicCreatures.esp,DEMSkinWerewolfScourgeBeast,,missing display name
0x9EC5D9~DemonicCreatures.esp,DemonicCreatures.esp,DEMSkinWerewolfScourgeBeastHARD,,missing display name
0xA7F32B~DemonicCreatures.esp,DemonicCreatures.esp,DEMSkinBjaergtroll,,non-playable record
0xA7F32E~DemonicCreatures.esp,DemonicCreatures.esp,DEMSkinBjaergtrollHARD,,non-playable record
0xBF0D5B~DemonicCreatures.esp,DemonicCreatures.esp,DEMSkinGoblinBerserker01,,non-playable record
0xBF0D5C~DemonicCreatures.esp,DemonicCreatures.esp,DEMSkinGoblinBerserker01HARD,,non-playable record
0xBF0D61~DemonicCreatures.esp,DemonicCreatures.esp,DEMSkinGoblinBerserker02,,non-playable record
0xBF0D62~DemonicCreatures.esp,DemonicCreatures.esp,DEMSkinGoblinBerserker02HARD,,non-playable record
0xBF0D63~DemonicCreatures.esp,DemonicCreatures.esp,DEMSkinGoblinBerserker03,,non-playable record
0xBF0D64~DemonicCreatures.esp,DemonicCreatures.esp,DEMSkinGoblinBerserker03HARD,,non-playable record
0xC6F7E4~DemonicCreatures.esp,DemonicCreatures.esp,DEMSkinPantherMidnight,,non-playable record
0xC9D110~DemonicCreatures.esp,DemonicCreatures.esp,DEMSkinMountedGoblin02,,non-playable record
0xC9D111~DemonicCreatures.esp,DemonicCreatures.esp,DEMSkinMountedGoblin02HARD,,non-playable record
0xC9D112~DemonicCreatures.esp,DemonicCreatures.esp,DEMSkinMountedGoblin03,,non-playable record
0xC9D113~DemonicCreatures.esp,DemonicCreatures.esp,DEMSkinMountedGoblin03HARD,,non-playable record
0xC9D114~DemonicCreatures.esp,DemonicCreatures.esp,DEMSkinMountedGoblin04,,non-playable record
0xC9D115~DemonicCreatures.esp,DemonicCreatures.esp,DEMSkinMountedGoblin04HARD,,non-playable record
0xC9D11A~DemonicCreatures.esp,DemonicCreatures.esp,DEMSkinApexWerewolf06,,missing display name
0xC9D11D~DemonicCreatures.esp,DemonicCreatures.esp,DEMSkinApexWerewolf06HARD,,missing display name
0xD63~DemonicCreatures.esp,DemonicCreatures.esp,DEMSkinDegonianBeast,,missing display name
0xDFA796~DemonicCreatures.esp,DemonicCreatures.esp,DEMSkinDwarvenSnowElf,,non-playable record
0xDFA797~DemonicCreatures.esp,DemonicCreatures.esp,DEMSkinDwarvenSnowElfHARD,,non-playable record
0xE0EBB8~DemonicCreatures.esp,DemonicCreatures.esp,DEMSkinBitterFishGoblin01,,non-playable record
0xE0EBBB~DemonicCreatures.esp,DemonicCreatures.esp,DEMSkinBitterFishGoblin01HARD,,non-playable record
0xE13CD2~DemonicCreatures.esp,DemonicCreatures.esp,DEMSkinBitterFishGoblin02,,non-playable record
0xE13CD3~DemonicCreatures.esp,DemonicCreatures.esp,DEMSkinBitterFishGoblin02HARD,,non-playable record
0xE13CD4~DemonicCreatures.esp,DemonicCreatures.esp,DEMSkinBitterFishGoblin03,,non-playable record
0xE13CD5~DemonicCreatures.esp,DemonicCreatures.esp,DEMSkinBitterFishGoblin03HARD,,non-playable record
0xE13CD6~DemonicCreatures.esp,DemonicCreatures.esp,DEMSkinBitterFishGoblin04,,non-playable record
0xE13CD7~DemonicCreatures.esp,DemonicCreatures.esp,DEMSkinBitterFishGoblin04HARD,,non-playable record
0xE13CD8~DemonicCreatures.esp,DemonicCreatures.esp,DEMSkinBitterFishGoblin05,,non-playable record
0xE13CD9~DemonicCreatures.esp,DemonicCreatures.esp,DEMSkinBitterFishGoblin05HARD,,non-playable record
0xE13CDA~DemonicCreatures.esp,DemonicCreatures.esp,DEMSkinBitterFishGoblin06,,non-playable record
0xE13CDB~DemonicCreatures.esp,DemonicCreatures.esp,DEMSkinBitterFishGoblin06HARD,,non-playable record
0xE2D214~DemonicCreatures.esp,DemonicCreatures.esp,DEMSkinDwarvenWormElite,,non-playable record
0xE2D215~DemonicCreatures.esp,DemonicCreatures.esp,DEMSkinDwarvenWormEliteHARD,,non-playable record
0xE41656~DemonicCreatures.esp,DemonicCreatures.esp,DEMSkinNakedWerewolfBeastSnow,,missing display name
0xE41659~DemonicCreatures.esp,DemonicCreatures.esp,DEMSkinNakedWerewolfBeastSnowHARD,,missing display name
0xE41661~DemonicCreatures.esp,DemonicCreatures.esp,DEMDLC2SkinNakedWereBearBeastSnow,,missing display name
0xE41663~DemonicCreatures.esp,DemonicCreatures.esp,DEMDLC2SkinNakedWereBearBeastSnowHARD,,missing display name
0xE64CA~DemonicCreatures.esp,DemonicCreatures.esp,DEM_BoTSkinToad,,non-playable record
0xE64CF~DemonicCreatures.esp,DemonicCreatures.esp,DEM_BoTSkinFrog,,non-playable record
0xE64DB~DemonicCreatures.esp,DemonicCreatures.esp,DEMmihailicetitanCOMMONskin,,non-playable record
0xE64E9~DemonicCreatures.esp,DemonicCreatures.esp,DEMmihailicetitanBLOODLUSTskin,,non-playable record
0xE64EA~DemonicCreatures.esp,DemonicCreatures.esp,DEMmihailicetitanBLOODLUSTskinHARD,,non-playable record
0xE64ED~DemonicCreatures.esp,DemonicCreatures.esp,DEMmihailicetitanCOMMONskinHARD,,non-playable record
0xF06F6~DemonicCreatures.esp,DemonicCreatures.esp,DEMSkinWelwa,,non-playable record
0xF06FA~DemonicCreatures.esp,DemonicCreatures.esp,DEMSkinWelwaHARD,,non-playable record
0xFAB85~DemonicCreatures.esp,DemonicCreatures.esp,DEMSkinGhostmother,,non-playable record
0xFAB89~DemonicCreatures.esp,DemonicCreatures.esp,DEMSkinMountedGoblin01HARD,,non-playable record
0xFAB94~DemonicCreatures.esp,DemonicCreatures.esp,DEMmihailcyrodiilwolfskin,,non-playable record
0xFAB95~DemonicCreatures.esp,DemonicCreatures.esp,DEMmihailcyrodiilwolfskin2,,non-playable record
0xFAB96~DemonicCreatures.esp,DemonicCreatures.esp,DEMmihailcyrodiilwolfskin3,,non-playable record
0xFAB97~DemonicCreatures.esp,DemonicCreatures.esp,DEMmihailcyrodiilwolfskin4,,non-playable record
0xFAB98~DemonicCreatures.esp,DemonicCreatures.esp,DEMmihailcyrodiilwolfskin5,,non-playable record
0xFD6E0E~DemonicCreatures.esp,DemonicCreatures.esp,DEMSkinSabrecatStriped,,non-playable record
0xFD6E10~DemonicCreatures.esp,DemonicCreatures.esp,DEMSkinSabrecatGreyStriped,,non-playable record
0xFDBF2E~DemonicCreatures.esp,DemonicCreatures.esp,DEMSkinKraken02,,non-playable record
0xFDBF2F~DemonicCreatures.esp,DemonicCreatures.esp,DEMSkinKraken03,,non-playable record
0xFDBF30~DemonicCreatures.esp,DemonicCreatures.esp,DEMSkinKraken04,,non-playable record
0xFDBF31~DemonicCreatures.esp,DemonicCreatures.esp,DEMskinKraken02HARD,,non-playable record
0xFDBF32~DemonicCreatures.esp,DemonicCreatures.esp,DEMskinKraken03HARD,,non-playable record
0xFDBF33~DemonicCreatures.esp,DemonicCreatures.esp,DEMskinKraken04HARD,,non-playable record
0x800~Devious Chastity Piercing.esp,Devious Chastity Piercing.esp,zad_Chastity4PiercingInventory,Four Ring Chastity Piercing,missing armor addon/model links
0x801~Devious Chastity Piercing.esp,Devious Chastity Piercing.esp,zad_Chastity4Piercing_scriptInstance,,missing display name
0x803~Devious Chastity Piercing.esp,Devious Chastity Piercing.esp,zad_Chastity8PiercingInventory,Eight Ring Chastity Piercing,missing armor addon/model links
0x804~Devious Chastity Piercing.esp,Devious Chastity Piercing.esp,zad_Chastity8Piercing_scriptInstance,,missing display name
0x80A~Devious Curses.esp,Devious Curses.esp,dcurses_SummonerCollar_Rendered,,missing display name
0x810~Devious Curses.esp,Devious Curses.esp,dcurses_SummonerCollar_Inventory,Summoner Collar,missing armor addon/model links
0x812~Devious Curses.esp,Devious Curses.esp,DCurses_LivingLatex_Inventory,Living Latex,missing armor addon/model links
0x813~Devious Curses.esp,Devious Curses.esp,DCurses_LivingLatex_Rendered,,missing display name
0x819~Devious Curses.esp,Devious Curses.esp,DCurses_LivingLatexOpen_Inventory,Living Latex,missing armor addon/model links
0x81A~Devious Curses.esp,Devious Curses.esp,DCurses_LivingLatexOpen_Rendered,,missing display name
0x81B~Devious Curses.esp,Devious Curses.esp,DCurses_DwarvenCuirass_Rendered,,missing display name
0x828~Devious Curses.esp,Devious Curses.esp,DCurses_DwarvenCuirass_Inventory,Dwarven Cuirass,missing armor addon/model links
0x82A~Devious Curses.esp,Devious Curses.esp,DCurses_MadnessPlug_Rendered,,missing display name
0x82D~Devious Curses.esp,Devious Curses.esp,DCurses_DwarvenCuirassHeavy_Rendered,,missing display name
0x82E~Devious Curses.esp,Devious Curses.esp,DCurses_DwarvenCuirassHeavy_Inventory,Dwarven Cuirass,missing armor addon/model links
0x82F~Devious Curses.esp,Devious Curses.esp,DCurses_MadnessPlug_Inventory,Sheogorath's Plug of Complete and Total Madness,missing armor addon/model links
0x831~Devious Curses.esp,Devious Curses.esp,DCurses_MadnessPiercings_Rendered,,missing display name
0x834~Devious Curses.esp,Devious Curses.esp,DCurses_MadnessPiercings_Inventory,Sheogorath's Piercings of Desire,missing armor addon/model links
0x83D~Devious Curses.esp,Devious Curses.esp,DCurses_LuckyPiercings_Rendered,,missing display name
0x83E~Devious Curses.esp,Devious Curses.esp,DCurses_LuckyPiercings_Inventory,Lucky Piercings,missing armor addon/model links
0x840~Devious Curses.esp,Devious Curses.esp,DCurses_NocturnalPiercing_Rendered,,missing display name
0x841~Devious Curses.esp,Devious Curses.esp,DCurses_NocturnalPiercing_Inventory,Nocturnal Piercing,missing armor addon/model links
0x11B1E~Devious Devices - Assets.esm,Devious Devices - Assets.esm,zad_blindfold01_scriptInstance,,missing display name
0x12083~Devious Devices - Assets.esm,Devious Devices - Assets.esm,zad_beltPaddedOpen_scriptInstance,,missing display name
0x16145~Devious Devices - Assets.esm,Devious Devices - Assets.esm,zad_gagHarnessBall_scriptInstance,,missing display name
0x1614A~Devious Devices - Assets.esm,Devious Devices - Assets.esm,zad_gagHarnessPanelClosed_scriptInstance,,missing display name
0x1614B~Devious Devices - Assets.esm,Devious Devices - Assets.esm,zad_gagHarnessPanelOpen_scriptInstance,,missing display name
0x1614C~Devious Devices - Assets.esm,Devious Devices - Assets.esm,zad_gagHarnessRing_scriptInstance,,missing display name
0x1614D~Devious Devices - Assets.esm,Devious Devices - Assets.esm,zad_gagStrapBall_scriptInstance,,missing display name
0x16152~Devious Devices - Assets.esm,Devious Devices - Assets.esm,zad_gagStrapPanelClosed_scriptInstance,,missing display name
0x16153~Devious Devices - Assets.esm,Devious Devices - Assets.esm,zad_gagStrapPanelOpen_scriptInstance,,missing display name
0x16154~Devious Devices - Assets.esm,Devious Devices - Assets.esm,zad_gagStrapRing_scriptInstance,,missing display name
0x16155~Devious Devices - Assets.esm,Devious Devices - Assets.esm,zad_harnessCollar_scriptInstance,,missing display name
0x17C44~Devious Devices - Assets.esm,Devious Devices - Assets.esm,zad_harnessBody_scriptInstance,,missing display name
0x18C7B~Devious Devices - Assets.esm,Devious Devices - Assets.esm,zad_plugIronAn_scriptInstance,,missing display name
0x18C7C~Devious Devices - Assets.esm,Devious Devices - Assets.esm,zad_plugIronVag_scriptInstance,,missing display name
0x18C7D~Devious Devices - Assets.esm,Devious Devices - Assets.esm,zad_plugPrimitiveAn_scriptInstance,,missing display name
0x18C7E~Devious Devices - Assets.esm,Devious Devices - Assets.esm,zad_plugPrimitiveVag_scriptInstance,,missing display name
0x18C80~Devious Devices - Assets.esm,Devious Devices - Assets.esm,zad_plugPumpsAn_scriptInstance,,missing display name
0x18C81~Devious Devices - Assets.esm,Devious Devices - Assets.esm,zad_plugPumpsVag_scriptInstance,,missing display name
0x18C82~Devious Devices - Assets.esm,Devious Devices - Assets.esm,zad_plugSoulgemAn_scriptInstance,,missing display name
0x18C83~Devious Devices - Assets.esm,Devious Devices - Assets.esm,zad_plugSoulgemVag_scriptInstance,,missing display name
0x191FF~Devious Devices - Assets.esm,Devious Devices - Assets.esm,zad_plugSoulgem04An_scriptInstance,,missing display name
0x19200~Devious Devices - Assets.esm,Devious Devices - Assets.esm,zad_plugSoulgem04Vag_scriptInstance,,missing display name
0x19201~Devious Devices - Assets.esm,Devious Devices - Assets.esm,zad_plugSoulgem05An_scriptInstance,,missing display name
0x19202~Devious Devices - Assets.esm,Devious Devices - Assets.esm,zad_plugSoulgem05Vag_scriptInstance,,missing display name
0x19203~Devious Devices - Assets.esm,Devious Devices - Assets.esm,zad_plugSoulgem06Vag_scriptInstance,,missing display name
0x19204~Devious Devices - Assets.esm,Devious Devices - Assets.esm,zad_plugSoulgem06An_scriptInstance,,missing display name
0x19205~Devious Devices - Assets.esm,Devious Devices - Assets.esm,zad_plugSoulgem07An_scriptInstance,,missing display name
0x19206~Devious Devices - Assets.esm,Devious Devices - Assets.esm,zad_plugSoulgem07Vag_scriptInstance,,missing display name
0x19207~Devious Devices - Assets.esm,Devious Devices - Assets.esm,zad_plugSoulgem03Vag_scriptInstance,,missing display name
0x19208~Devious Devices - Assets.esm,Devious Devices - Assets.esm,zad_plugSoulgem03An_scriptInstance,,missing display name
0x19209~Devious Devices - Assets.esm,Devious Devices - Assets.esm,zad_plugSoulgem02Vag_scriptInstance,,missing display name
0x1920A~Devious Devices - Assets.esm,Devious Devices - Assets.esm,zad_plugSoulgem02An_scriptInstance,,missing display name
0x1C7F0~Devious Devices - Assets.esm,Devious Devices - Assets.esm,zad_cuffsLeatherArms_scriptInstance,,missing display name
0x1C7F1~Devious Devices - Assets.esm,Devious Devices - Assets.esm,zad_cuffsLeatherCollar_scriptInstance,,missing display name
0x1C7F3~Devious Devices - Assets.esm,Devious Devices - Assets.esm,zad_cuffsLeatherLegs_scriptInstance,,missing display name
0x23E71~Devious Devices - Assets.esm,Devious Devices - Assets.esm,zad_piercingNSoul_scriptInstance,,missing display name
0x243D6~Devious Devices - Assets.esm,Devious Devices - Assets.esm,zad_piercingVSoul_scriptInstance,,missing display name
0x26991~Devious Devices - Assets.esm,Devious Devices - Assets.esm,zad_yoke_scriptInstance,,missing display name
0x2745E~Devious Devices - Assets.esm,Devious Devices - Assets.esm,zad_restrictiveCorsetChastityOpen_scriptInstance,,missing display name
0x27F25~Devious Devices - Assets.esm,Devious Devices - Assets.esm,zad_restrictiveCorsetChastity_scriptInstance,,missing display name
0x27F27~Devious Devices - Assets.esm,Devious Devices - Assets.esm,zad_restrictiveGloves_scriptInstance,,missing display name
0x28F53~Devious Devices - Assets.esm,Devious Devices - Assets.esm,zad_restrictiveCorset_scriptInstance,,missing display name
0x2AFA5~Devious Devices - Assets.esm,Devious Devices - Assets.esm,zad_restrictiveCollar_scriptInstance,,missing display name
0x2B508~Devious Devices - Assets.esm,Devious Devices - Assets.esm,zad_collarPostureLeather_scriptInstance,,missing display name
0x435D~Devious Devices - Assets.esm,Devious Devices - Assets.esm,zad_beltPadded_scriptInstance,,missing display name
0x435E~Devious Devices - Assets.esm,Devious Devices - Assets.esm,zad_beltIron_scriptInstance,,missing display name
0x48C1~Devious Devices - Assets.esm,Devious Devices - Assets.esm,zad_collarPostureSteel_scriptInstance,,missing display name
0x48C2~Devious Devices - Assets.esm,Devious Devices - Assets.esm,zad_braPadded_scriptInstance,,missing display name
0x48C3~Devious Devices - Assets.esm,Devious Devices - Assets.esm,zad_cuffsPaddedArms_scriptInstance,,missing display name
0x48C4~Devious Devices - Assets.esm,Devious Devices - Assets.esm,zad_cuffsPaddedComplete_scriptInstance,,missing display name
0x48C5~Devious Devices - Assets.esm,Devious Devices - Assets.esm,zad_cuffsPaddedLegs_scriptInstance,,missing display name
0x48C6~Devious Devices - Assets.esm,Devious Devices - Assets.esm,zad_cuffsPaddedCollar_scriptInstance,,missing display name
0x48C7~Devious Devices - Assets.esm,Devious Devices - Assets.esm,zad_plugIron_scriptInstance,,missing display name
0x48C8~Devious Devices - Assets.esm,Devious Devices - Assets.esm,zad_plugPrimitive_scriptInstance,,missing display name
0x48C9~Devious Devices - Assets.esm,Devious Devices - Assets.esm,zad_plugPumps_scriptInstance,,missing display name
0x48CA~Devious Devices - Assets.esm,Devious Devices - Assets.esm,zad_plugSoulgem_scriptInstance,,missing display name
0x5E62~Devious Devices - Assets.esm,Devious Devices - Assets.esm,zad_plugSoulgem02_scriptInstance,,missing display name
0x5E63~Devious Devices - Assets.esm,Devious Devices - Assets.esm,zad_plugSoulgem03_scriptInstance,,missing display name
0x5E64~Devious Devices - Assets.esm,Devious Devices - Assets.esm,zad_plugSoulgem04_scriptInstance,,missing display name
0x5E65~Devious Devices - Assets.esm,Devious Devices - Assets.esm,zad_plugSoulgem05_scriptInstance,,missing display name
0x5E66~Devious Devices - Assets.esm,Devious Devices - Assets.esm,zad_plugSoulgem06_scriptInstance,,missing display name
0x5E67~Devious Devices - Assets.esm,Devious Devices - Assets.esm,zad_plugSoulgem07_scriptInstance,,missing display name
0xCA38~Devious Devices - Assets.esm,Devious Devices - Assets.esm,zad_armbinder01_scriptInstance,,missing display name
0x48C8~Devious Devices - Contraptions.esm,Devious Devices - Contraptions.esm,zadc_PrisonerChainsInventory,Iron Prisoner Chains,missing armor addon/model links
0x48C9~Devious Devices - Contraptions.esm,Devious Devices - Contraptions.esm,zadc_PrisonerChainsRendered,,missing display name
0x4E35~Devious Devices - Contraptions.esm,Devious Devices - Contraptions.esm,zadc_NoWaitItem,,missing display name
0x110E5~Devious Devices - Expansion.esm,Devious Devices - Expansion.esm,zadx_RDLharness_scriptInstance,,missing display name
0x110E6~Devious Devices - Expansion.esm,Devious Devices - Expansion.esm,zadx_RDLharnessInventory,Red Leather Chastity Harness,missing armor addon/model links
0x110E7~Devious Devices - Expansion.esm,Devious Devices - Expansion.esm,zadx_RDEboniteHarness_scriptInstance,,missing display name
0x110E8~Devious Devices - Expansion.esm,Devious Devices - Expansion.esm,zadx_RDEboniteHarnessInventory,Red Ebonite Chastity Harness,missing armor addon/model links
0x110E9~Devious Devices - Expansion.esm,Devious Devices - Expansion.esm,zadx_RDLharnessCollar_scriptInstance,,missing display name
0x110EA~Devious Devices - Expansion.esm,Devious Devices - Expansion.esm,zadx_RDLharnessCollarInventory,Red Leather Collar (Harness),missing armor addon/model links
0x110EB~Devious Devices - Expansion.esm,Devious Devices - Expansion.esm,zadx_RDEHarnessCollar_scriptInstance,,missing display name
0x110EC~Devious Devices - Expansion.esm,Devious Devices - Expansion.esm,zadx_RDEHarnessCollarInventory,Red Ebonite Collar (Harness),missing armor addon/model links
0x110EF~Devious Devices - Expansion.esm,Devious Devices - Expansion.esm,zadx_RDLarmbinder_scriptInstance,,missing display name
0x110F0~Devious Devices - Expansion.esm,Devious Devices - Expansion.esm,zadx_RDLarmbinderInventory,Red Leather Armbinder,missing armor addon/model links
0x110F1~Devious Devices - Expansion.esm,Devious Devices - Expansion.esm,zadx_RDEarmbinder_scriptInstance,,missing display name
0x110F2~Devious Devices - Expansion.esm,Devious Devices - Expansion.esm,zadx_RDEarmbinderInventory,Red Ebonite Armbinder,missing armor addon/model links
0x110FD~Devious Devices - Expansion.esm,Devious Devices - Expansion.esm,zadx_RDLcuffsLCollar_scriptInstance,,missing display name
0x110FE~Devious Devices - Expansion.esm,Devious Devices - Expansion.esm,zadx_RDLcuffsLCollarInventory,Red Leather Collar,missing armor addon/model links
0x110FF~Devious Devices - Expansion.esm,Devious Devices - Expansion.esm,zadx_RDECuffsECollar_scriptInstance,,missing display name
0x11100~Devious Devices - Expansion.esm,Devious Devices - Expansion.esm,zadx_RDECuffsECollarInventory,Red Ebonite Collar,missing armor addon/model links
0x11101~Devious Devices - Expansion.esm,Devious Devices - Expansion.esm,zadx_RDLcuffsLArms_scriptInstance,,missing display name
0x11102~Devious Devices - Expansion.esm,Devious Devices - Expansion.esm,zadx_RDLcuffsLArmsInventory,Red Leather Cuffs (Arms),missing armor addon/model links
0x11103~Devious Devices - Expansion.esm,Devious Devices - Expansion.esm,zadx_RDECuffsEArms_scriptInstance,,missing display name
0x11104~Devious Devices - Expansion.esm,Devious Devices - Expansion.esm,zadx_RDECuffsEArmsInventory,Red Ebonite Cuffs (Arms),missing armor addon/model links
0x11105~Devious Devices - Expansion.esm,Devious Devices - Expansion.esm,zadx_RDLcuffsLLegs_scriptInstance,,missing display name
0x11106~Devious Devices - Expansion.esm,Devious Devices - Expansion.esm,zadx_RDLcuffsLLegsInventory,Red Leather Cuffs (Legs),missing armor addon/model links
0x11107~Devious Devices - Expansion.esm,Devious Devices - Expansion.esm,zadx_RDECuffsELegs_scriptInstance,,missing display name
0x11108~Devious Devices - Expansion.esm,Devious Devices - Expansion.esm,zadx_RDECuffsELegsInventory,Red Ebonite Cuffs (Legs),missing armor addon/model links
0x1110F~Devious Devices - Expansion.esm,Devious Devices - Expansion.esm,zadx_RDLblindfold_scriptInstance,,missing display name
0x11110~Devious Devices - Expansion.esm,Devious Devices - Expansion.esm,zadx_RDLblindfoldInventory,Red Leather Blindfold,missing armor addon/model links
0x11111~Devious Devices - Expansion.esm,Devious Devices - Expansion.esm,zadx_RDEEBlindfold_scriptInstance,,missing display name
0x11112~Devious Devices - Expansion.esm,Devious Devices - Expansion.esm,zadx_RDEEBlindfoldInventory,Red Ebonite Blindfold,missing armor addon/model links
0x11123~Devious Devices - Expansion.esm,Devious Devices - Expansion.esm,zadx_RDLgagHarnessBall_scriptInstance,,missing display name
0x11124~Devious Devices - Expansion.esm,Devious Devices - Expansion.esm,zadx_RDLgagBallInventory,Red Leather Gag (Ball) (Harness),missing armor addon/model links
0x11125~Devious Devices - Expansion.esm,Devious Devices - Expansion.esm,zadx_RDEGagEbHarnessBall_scriptInstance,,missing display name
0x11126~Devious Devices - Expansion.esm,Devious Devices - Expansion.esm,zadx_RDEGagEbBallInventory,Red Ebonite Gag (Ball) (Harness),missing armor addon/model links
0x11127~Devious Devices - Expansion.esm,Devious Devices - Expansion.esm,zadx_RDLgagHarnessRing_scriptInstance,,missing display name
0x11128~Devious Devices - Expansion.esm,Devious Devices - Expansion.esm,zadx_RDLgagRingInventory,Red Leather Gag (Ring) (Harness),missing armor addon/model links
0x11129~Devious Devices - Expansion.esm,Devious Devices - Expansion.esm,zadx_RDEGagEbHarnessRing_scriptInstance,,missing display name
0x1112A~Devious Devices - Expansion.esm,Devious Devices - Expansion.esm,zadx_RDEGagEbRingInventory,Red Ebonite Gag (Ring) (Harness),missing armor addon/model links
0x1112B~Devious Devices - Expansion.esm,Devious Devices - Expansion.esm,zadx_RDLgagHarnPanel_scriptInstance,,missing display name
0x1112D~Devious Devices - Expansion.esm,Devious Devices - Expansion.esm,zadx_RDLgagHarnPanelInventory,Red Leather Gag (Panel) (Harness),missing armor addon/model links
0x1112E~Devious Devices - Expansion.esm,Devious Devices - Expansion.esm,zadx_RDEGagEbHarnPanel_scriptInstance,,missing display name
0x11130~Devious Devices - Expansion.esm,Devious Devices - Expansion.esm,zadx_RDEGagEbHarnPanelInventory,Red Ebonite Gag (Panel) (Harness),missing armor addon/model links
0x11143~Devious Devices - Expansion.esm,Devious Devices - Expansion.esm,zadx_RDLgagStrapBall_scriptInstance,,missing display name
0x11144~Devious Devices - Expansion.esm,Devious Devices - Expansion.esm,zadx_RDLgagStrapBallInventory,Red Leather Gag (Ball) (Simple),missing armor addon/model links
0x11145~Devious Devices - Expansion.esm,Devious Devices - Expansion.esm,zadx_RDEGagEbStrapBall_scriptInstance,,missing display name
0x11146~Devious Devices - Expansion.esm,Devious Devices - Expansion.esm,zadx_RDEGagEbStrapBallInventory,Red Ebonite Gag (Ball) (Simple),missing armor addon/model links
0x11147~Devious Devices - Expansion.esm,Devious Devices - Expansion.esm,zadx_RDLgagStrapRing_scriptInstance,,missing display name
0x11148~Devious Devices - Expansion.esm,Devious Devices - Expansion.esm,zadx_RDLgagStrapRingInventory,Red Leather Gag (Ring) (Simple),missing armor addon/model links
0x11149~Devious Devices - Expansion.esm,Devious Devices - Expansion.esm,zadx_RDEGagEbStrapRing_scriptInstance,,missing display name
0x1114A~Devious Devices - Expansion.esm,Devious Devices - Expansion.esm,zadx_RDEGagEbStrapRingInventory,Red Ebonite Gag (Ring) (Simple),missing armor addon/model links
0x11151~Devious Devices - Expansion.esm,Devious Devices - Expansion.esm,zadx_RDLCollarPostLeather_scriptInstance,,missing display name
0x11152~Devious Devices - Expansion.esm,Devious Devices - Expansion.esm,zadx_RDLCollarPostLeatherInventory,Red Leather Collar (Posture),missing armor addon/model links
0x11153~Devious Devices - Expansion.esm,Devious Devices - Expansion.esm,zadx_RDECollarPostEbonite_scriptInstance,,missing display name
0x11154~Devious Devices - Expansion.esm,Devious Devices - Expansion.esm,zadx_RDECollarPostEboniteInventory,Red Ebonite Collar (Posture),missing armor addon/model links
0x116F0~Devious Devices - Expansion.esm,Devious Devices - Expansion.esm,zadx_XinPonyBoot_scriptInstance,,missing display name
0x116F1~Devious Devices - Expansion.esm,Devious Devices - Expansion.esm,zadx_XinPonyBootsInventory,Black Leather Pony Boots,missing armor addon/model links
0x116F5~Devious Devices - Expansion.esm,Devious Devices - Expansion.esm,zadx_XinEbonitePonyBoot_scriptInstance,,missing display name
0x116F6~Devious Devices - Expansion.esm,Devious Devices - Expansion.esm,zadx_XinEbonitePonyBootsInventory,Black Ebonite Pony Boots,missing armor addon/model links
0x116F9~Devious Devices - Expansion.esm,Devious Devices - Expansion.esm,zadx_XinWTLPonyBoot_scriptInstance,,missing display name
0x116FA~Devious Devices - Expansion.esm,Devious Devices - Expansion.esm,zadx_XinWTLPonyBootsInventory,White Leather Pony Boots,missing armor addon/model links
0x116FD~Devious Devices - Expansion.esm,Devious Devices - Expansion.esm,zadx_XinWTEbonitePonyBoot_scriptInstance,,missing display name
0x116FE~Devious Devices - Expansion.esm,Devious Devices - Expansion.esm,zadx_XinWTEbonitePonyBootsInventory,White Ebonite Pony Boots,missing armor addon/model links
0x11701~Devious Devices - Expansion.esm,Devious Devices - Expansion.esm,zadx_XinRDLPonyBoot_scriptInstance,,missing display name
0x11702~Devious Devices - Expansion.esm,Devious Devices - Expansion.esm,zadx_XinRDLPonyBootsInventory,Red Leather Pony Boots,missing armor addon/model links
0x11705~Devious Devices - Expansion.esm,Devious Devices - Expansion.esm,zadx_XinRDEbonitePonyBoot_scriptInstance,,missing display name
0x11706~Devious Devices - Expansion.esm,Devious Devices - Expansion.esm,zadx_XinRDEbonitePonyBootsInventory,Red Ebonite Pony Boots,missing armor addon/model links
0x12C6~Devious Devices - Expansion.esm,Devious Devices - Expansion.esm,zadx_chastitybelt_PaddedOpen_LS_Red_Inventory,Red Lustrous Chastity Belt (Padded) (Open),missing armor addon/model links
0x12C7~Devious Devices - Expansion.esm,Devious Devices - Expansion.esm,zadx_chastitybelt_PaddedOpen_LS_Red_Rendered,,missing display name
0x12C8~Devious Devices - Expansion.esm,Devious Devices - Expansion.esm,zadx_chastitybelt_PaddedOpen_LS_White_Inventory,White Lustrous Chastity Belt (Padded) (Open),missing armor addon/model links
0x12C9~Devious Devices - Expansion.esm,Devious Devices - Expansion.esm,zadx_chastitybelt_PaddedOpen_LS_White_Rendered,,missing display name
0x12CE~Devious Devices - Expansion.esm,Devious Devices - Expansion.esm,zadx_hood_ebonite_red_Inventory,Red Ebonite Hood,missing armor addon/model links
0x12CF~Devious Devices - Expansion.esm,Devious Devices - Expansion.esm,zadx_hood_ebonite_red_Rendered,,missing display name
0x12D0~Devious Devices - Expansion.esm,Devious Devices - Expansion.esm,zadx_hood_ebonite_white_Inventory,White Ebonite Hood,missing armor addon/model links
0x12D1~Devious Devices - Expansion.esm,Devious Devices - Expansion.esm,zadx_hood_ebonite_white_Rendered,,missing display name
0x12D5~Devious Devices - Expansion.esm,Devious Devices - Expansion.esm,zadx_hood_rubber_openeyes_red_Inventory,Red Ebonite Mask (Open Eyes),missing armor addon/model links
0x12D6~Devious Devices - Expansion.esm,Devious Devices - Expansion.esm,zadx_hood_rubber_openeyes_red_Rendered,,missing display name
0x12D7~Devious Devices - Expansion.esm,Devious Devices - Expansion.esm,zadx_chastitybra_Padded_LS_Black_Rendered,,missing display name
0x12D8~Devious Devices - Expansion.esm,Devious Devices - Expansion.esm,zadx_chastitybra_Padded_LS_Red_Inventory,Red Lustrous Chastity Bra (Padded),missing armor addon/model links
0x12D9~Devious Devices - Expansion.esm,Devious Devices - Expansion.esm,zadx_chastitybra_Padded_LS_Red_Rendered,,missing display name
0x12DA~Devious Devices - Expansion.esm,Devious Devices - Expansion.esm,zadx_chastitybra_Padded_LS_White_Inventory,White Lustrous Chastity Bra (Padded),missing armor addon/model links
0x12DB~Devious Devices - Expansion.esm,Devious Devices - Expansion.esm,zadx_chastitybra_Padded_LS_White_Rendered,,missing display name
0x12DC~Devious Devices - Expansion.esm,Devious Devices - Expansion.esm,zadx_Gag_MuzzleLips_EboniteWhite_Rendered,,missing display name
0x12DD~Devious Devices - Expansion.esm,Devious Devices - Expansion.esm,zadx_Gag_MuzzleLips_LeatherWhite_Rendered,,missing display name
0x12DE~Devious Devices - Expansion.esm,Devious Devices - Expansion.esm,zadx_Gag_MuzzleLips_LeatherRed_Rendered,,missing display name
0x12DF~Devious Devices - Expansion.esm,Devious Devices - Expansion.esm,zadx_Gag_MuzzleLips_LeatherPink_Rendered,,missing display name
0x12E0~Devious Devices - Expansion.esm,Devious Devices - Expansion.esm,zadx_Gag_MuzzleLips_LeatherBlack_Rendered,,missing display name
0x1334D~Devious Devices - Expansion.esm,Devious Devices - Expansion.esm,zadx_EbblindfoldBlocking_scriptInstance,,missing display name
0x1334E~Devious Devices - Expansion.esm,Devious Devices - Expansion.esm,zadx_EbblindfoldBlockingInventory,Black Ebonite Blindfold (Custom),missing armor addon/model links
0x1334F~Devious Devices - Expansion.esm,Devious Devices - Expansion.esm,zadx_WTLblindfoldBlocking_scriptInstance,,missing display name
0x13350~Devious Devices - Expansion.esm,Devious Devices - Expansion.esm,zadx_WTLblindfoldBlockingInventory,White Leather Blindfold (Custom),missing armor addon/model links
0x13351~Devious Devices - Expansion.esm,Devious Devices - Expansion.esm,zadx_WTEblindfoldBlocking_scriptInstance,,missing display name
0x13352~Devious Devices - Expansion.esm,Devious Devices - Expansion.esm,zadx_WTEblindfoldBlockingInventory,White Ebonite Blindfold (Custom),missing armor addon/model links
0x13353~Devious Devices - Expansion.esm,Devious Devices - Expansion.esm,zadx_RDLblindfoldBlocking_scriptInstance,,missing display name
0x13354~Devious Devices - Expansion.esm,Devious Devices - Expansion.esm,zadx_RDLblindfoldBlockingInventory,Red Leather Blindfold (Custom),missing armor addon/model links
0x13355~Devious Devices - Expansion.esm,Devious Devices - Expansion.esm,zadx_RDEblindfoldBlocking_scriptInstance,,missing display name
0x13356~Devious Devices - Expansion.esm,Devious Devices - Expansion.esm,zadx_RDEblindfoldBlockingInventory,Red Ebonite Blindfold (Custom),missing armor addon/model links
0x138D9~Devious Devices - Expansion.esm,Devious Devices - Expansion.esm,zadx_restrictiveBoots_scriptInstance,,missing display name
0x138DA~Devious Devices - Expansion.esm,Devious Devices - Expansion.esm,zadx_restrictiveBootsInventory,Black Leather Restrictive Boots,missing armor addon/model links
0x14909~Devious Devices - Expansion.esm,Devious Devices - Expansion.esm,zadx_plugGreaterSoulgemVag_scriptInstance,,missing display name
0x1490A~Devious Devices - Expansion.esm,Devious Devices - Expansion.esm,zadx_plugGreaterSoulgemVagInventory,Plug (Greater Soulgem) (Vaginal),missing armor addon/model links
0x1490C~Devious Devices - Expansion.esm,Devious Devices - Expansion.esm,zadx_plugGreaterSoulgemAn_scriptInstance,,missing display name
0x1490D~Devious Devices - Expansion.esm,Devious Devices - Expansion.esm,zadx_plugGreaterSoulgemAnInventory,Plug (Greater Soulgem) (Anal),missing armor addon/model links
0x1490E~Devious Devices - Expansion.esm,Devious Devices - Expansion.esm,zadx_plugGrandSoulgemVag_scriptInstance,,missing display name
0x1490F~Devious Devices - Expansion.esm,Devious Devices - Expansion.esm,zadx_plugGrandSoulgemVagInventory,Plug (Grand Soulgem) (Vaginal),missing armor addon/model links
0x14910~Devious Devices - Expansion.esm,Devious Devices - Expansion.esm,zadx_plugGrandSoulgemAn_scriptInstance,,missing display name
0x14911~Devious Devices - Expansion.esm,Devious Devices - Expansion.esm,zadx_plugGrandSoulgemAnInventory,Plug (Grand Soulgem) (Anal),missing armor addon/model links
0x14913~Devious Devices - Expansion.esm,Devious Devices - Expansion.esm,zadx_plugBlackSoulgemVag_scriptInstance,,missing display name
0x14914~Devious Devices - Expansion.esm,Devious Devices - Expansion.esm,zadx_plugBlackSoulgemVagInventory,Plug (Black Soulgem) (Vaginal),missing armor addon/model links
0x14915~Devious Devices - Expansion.esm,Devious Devices - Expansion.esm,zadx_plugBlackSoulgemAn_scriptInstance,,missing display name
0x14916~Devious Devices - Expansion.esm,Devious Devices - Expansion.esm,zadx_plugBlackSoulgemAnInventory,Plug (Black Soulgem) (Anal),missing armor addon/model links
0x14918~Devious Devices - Expansion.esm,Devious Devices - Expansion.esm,zadx_plugFilledSoulgemVag_scriptInstance,,missing display name
0x14919~Devious Devices - Expansion.esm,Devious Devices - Expansion.esm,zadx_plugFilledSoulgemVagInventory,Plug (Filled Soulgem) (Vaginal),missing armor addon/model links
0x1491A~Devious Devices - Expansion.esm,Devious Devices - Expansion.esm,zadx_plugFilledSoulgemAn_scriptInstance,,missing display name
0x1491B~Devious Devices - Expansion.esm,Devious Devices - Expansion.esm,zadx_plugFilledSoulgemAnInventory,Plug (Filled Soulgem) (Anal),missing armor addon/model links
0x1491D~Devious Devices - Expansion.esm,Devious Devices - Expansion.esm,zadx_plugShockSoulgemVag_scriptInstance,,missing display name
0x1491E~Devious Devices - Expansion.esm,Devious Devices - Expansion.esm,zadx_plugShockSoulgemVagInventory,Plug (Shock) (Vaginal),missing armor addon/model links
0x1491F~Devious Devices - Expansion.esm,Devious Devices - Expansion.esm,zadx_plugShockSoulgemAn_scriptInstance,,missing display name
0x14920~Devious Devices - Expansion.esm,Devious Devices - Expansion.esm,zadx_plugShockSoulgemAnInventory,Plug (Shock) (Anal),missing armor addon/model links
0x14922~Devious Devices - Expansion.esm,Devious Devices - Expansion.esm,zadx_piercingVCommonSoul_scriptInstance,,missing display name
0x14923~Devious Devices - Expansion.esm,Devious Devices - Expansion.esm,zadx_piercingVCommonSoulInventory,Genital Piercing (Common Soul Gem),missing armor addon/model links
0x14924~Devious Devices - Expansion.esm,Devious Devices - Expansion.esm,zadx_piercingNCommonSoul_scriptInstance,,missing display name
0x14925~Devious Devices - Expansion.esm,Devious Devices - Expansion.esm,zadx_piercingNCommonSoulInventory,Jeweled Piercings (Nipples) (Common Soulgem),missing armor addon/model links
0x14926~Devious Devices - Expansion.esm,Devious Devices - Expansion.esm,zadx_piercingVShockSoul_scriptInstance,,missing display name
0x14927~Devious Devices - Expansion.esm,Devious Devices - Expansion.esm,zadx_piercingVShockSoulInventory,Genital Piercing (Shock),missing armor addon/model links
0x14928~Devious Devices - Expansion.esm,Devious Devices - Expansion.esm,zadx_piercingNShockSoul_scriptInstance,,missing display name
0x14929~Devious Devices - Expansion.esm,Devious Devices - Expansion.esm,zadx_piercingNShockSoulInventory,Jeweled Piercings (Nipples) (Shock),missing armor addon/model links
0x15970~Devious Devices - Expansion.esm,Devious Devices - Expansion.esm,zadx_WTLrestrictiveCorset_scriptInstance,,missing display name
0x15971~Devious Devices - Expansion.esm,Devious Devices - Expansion.esm,zadx_WTLrestrictiveCorsetChastity_scriptInstance,,missing display name
0x15972~Devious Devices - Expansion.esm,Devious Devices - Expansion.esm,zadx_WTLrestrictiveCorsetChastityOpen_scriptInstance,,missing display name
0x15973~Devious Devices - Expansion.esm,Devious Devices - Expansion.esm,zadx_WTLrestrictiveCorsetInventory,White Leather Restrictive Corset,missing armor addon/model links
0x15977~Devious Devices - Expansion.esm,Devious Devices - Expansion.esm,zadx_WTLrestrictiveCollar_scriptInstance,,missing display name
0x15978~Devious Devices - Expansion.esm,Devious Devices - Expansion.esm,zadx_WTLrestrictiveCollarInventory,White Leather Restrictive Collar,missing armor addon/model links
0x15979~Devious Devices - Expansion.esm,Devious Devices - Expansion.esm,zadx_WTLrestrictiveGloves_scriptInstance,,missing display name
0x1597C~Devious Devices - Expansion.esm,Devious Devices - Expansion.esm,zadx_WTLrestrictiveGlovesInventory,White Leather Restrictive Gloves,missing armor addon/model links
0x1597D~Devious Devices - Expansion.esm,Devious Devices - Expansion.esm,zadx_WTLrestrictiveBoots_scriptInstance,,missing display name
0x1597E~Devious Devices - Expansion.esm,Devious Devices - Expansion.esm,zadx_WTLrestrictiveBootsInventory,White Leather Restrictive Boots,missing armor addon/model links
0x15989~Devious Devices - Expansion.esm,Devious Devices - Expansion.esm,zadx_RDLrestrictiveCorset_scriptInstance,,missing display name
0x1598A~Devious Devices - Expansion.esm,Devious Devices - Expansion.esm,zadx_RDLrestrictiveCorsetChastity_scriptInstance,,missing display name
0x1598B~Devious Devices - Expansion.esm,Devious Devices - Expansion.esm,zadx_RDLrestrictiveCorsetChastityOpen_scriptInstance,,missing display name
0x1598C~Devious Devices - Expansion.esm,Devious Devices - Expansion.esm,zadx_RDLrestrictiveCorsetInventory,Red Leather Restrictive Corset,missing armor addon/model links
0x1598D~Devious Devices - Expansion.esm,Devious Devices - Expansion.esm,zadx_RDLrestrictiveCollar_scriptInstance,,missing display name
0x1598E~Devious Devices - Expansion.esm,Devious Devices - Expansion.esm,zadx_RDLrestrictiveCollarInventory,Red Leather Restrictive Collar,missing armor addon/model links
0x1598F~Devious Devices - Expansion.esm,Devious Devices - Expansion.esm,zadx_RDLrestrictiveGloves_scriptInstance,,missing display name
0x15990~Devious Devices - Expansion.esm,Devious Devices - Expansion.esm,zadx_RDLrestrictiveGlovesInventory,Red Leather Restrictive Gloves,missing armor addon/model links
0x15991~Devious Devices - Expansion.esm,Devious Devices - Expansion.esm,zadx_RDLrestrictiveBoots_scriptInstance,,missing display name
0x15992~Devious Devices - Expansion.esm,Devious Devices - Expansion.esm,zadx_RDLrestrictiveBootsInventory,Red Leather Restrictive Boots,missing armor addon/model links
0x159A5~Devious Devices - Expansion.esm,Devious Devices - Expansion.esm,zadx_EbRestrictiveCorset_scriptInstance,,missing display name
0x159A6~Devious Devices - Expansion.esm,Devious Devices - Expansion.esm,zadx_EbRestrictiveCorsetChastity_scriptInstance,,missing display name
0x159A7~Devious Devices - Expansion.esm,Devious Devices - Expansion.esm,zadx_EbRestrictiveCorsetChastityOpen_scriptInstance,,missing display name
0x159A8~Devious Devices - Expansion.esm,Devious Devices - Expansion.esm,zadx_EbRestrictiveCorsetInventory,Black Ebonite Restrictive Corset,missing armor addon/model links
0x159A9~Devious Devices - Expansion.esm,Devious Devices - Expansion.esm,zadx_EbRestrictiveCollar_scriptInstance,,missing display name
0x159AA~Devious Devices - Expansion.esm,Devious Devices - Expansion.esm,zadx_EbRestrictiveCollarInventory,Black Ebonite Restrictive Collar,missing armor addon/model links
0x159AB~Devious Devices - Expansion.esm,Devious Devices - Expansion.esm,zadx_EbRestrictiveGloves_scriptInstance,,missing display name
0x159AC~Devious Devices - Expansion.esm,Devious Devices - Expansion.esm,zadx_EbRestrictiveGlovesInventory,Black Ebonite Restrictive Gloves,missing armor addon/model links
0x159AD~Devious Devices - Expansion.esm,Devious Devices - Expansion.esm,zadx_EbRestrictiveBoots_scriptInstance,,missing display name
0x159AE~Devious Devices - Expansion.esm,Devious Devices - Expansion.esm,zadx_EbRestrictiveBootsInventory,Black Ebonite Restrictive Boots,missing armor addon/model links
0x159B5~Devious Devices - Expansion.esm,Devious Devices - Expansion.esm,zadx_WTErestrictiveCorset_scriptInstance,,missing display name
0x159B6~Devious Devices - Expansion.esm,Devious Devices - Expansion.esm,zadx_WTErestrictiveCorsetChastity_scriptInstance,,missing display name
0x159B7~Devious Devices - Expansion.esm,Devious Devices - Expansion.esm,zadx_WTErestrictiveCorsetChastityOpen_scriptInstance,,missing display name
0x159B8~Devious Devices - Expansion.esm,Devious Devices - Expansion.esm,zadx_WTErestrictiveCorsetInventory,White Ebonite Restrictive Corset,missing armor addon/model links
0x159B9~Devious Devices - Expansion.esm,Devious Devices - Expansion.esm,zadx_WTErestrictiveCollar_scriptInstance,,missing display name
0x159BA~Devious Devices - Expansion.esm,Devious Devices - Expansion.esm,zadx_WTErestrictiveCollarInventory,White Ebonite Restrictive Collar,missing armor addon/model links
0x159BC~Devious Devices - Expansion.esm,Devious Devices - Expansion.esm,zadx_WTErestrictiveGloves_scriptInstance,,missing display name
0x159BD~Devious Devices - Expansion.esm,Devious Devices - Expansion.esm,zadx_WTErestrictiveGlovesInventory,White Ebonite Restrictive Gloves,missing armor addon/model links
0x159BE~Devious Devices - Expansion.esm,Devious Devices - Expansion.esm,zadx_WTErestrictiveBoots_scriptInstance,,missing display name
0x159BF~Devious Devices - Expansion.esm,Devious Devices - Expansion.esm,zadx_WTErestrictiveBootsInventory,White Ebonite Restrictive Boots,missing armor addon/model links
0x159CA~Devious Devices - Expansion.esm,Devious Devices - Expansion.esm,zadx_RDErestrictiveCorset_scriptInstance,,missing display name
0x159CB~Devious Devices - Expansion.esm,Devious Devices - Expansion.esm,zadx_RDErestrictiveCorsetChastity_scriptInstance,,missing display name
0x159CC~Devious Devices - Expansion.esm,Devious Devices - Expansion.esm,zadx_RDErestrictiveCorsetChastityOpen_scriptInstance,,missing display name
0x159CD~Devious Devices - Expansion.esm,Devious Devices - Expansion.esm,zadx_RDErestrictiveCorsetInventory,Red Ebonite Restrictive Corset,missing armor addon/model links
0x159CE~Devious Devices - Expansion.esm,Devious Devices - Expansion.esm,zadx_RDErestrictiveCollar_scriptInstance,,missing display name
0x159CF~Devious Devices - Expansion.esm,Devious Devices - Expansion.esm,zadx_RDErestrictiveCollarInventory,Red Ebonite Restrictive Collar,missing armor addon/model links
0x159D0~Devious Devices - Expansion.esm,Devious Devices - Expansion.esm,zadx_RDErestrictiveGloves_scriptInstance,,missing display name
0x159D1~Devious Devices - Expansion.esm,Devious Devices - Expansion.esm,zadx_RDErestrictiveGlovesInventory,Red Ebonite Restrictive Gloves,missing armor addon/model links
0x159D2~Devious Devices - Expansion.esm,Devious Devices - Expansion.esm,zadx_RDErestrictiveBoots_scriptInstance,,missing display name
0x159D3~Devious Devices - Expansion.esm,Devious Devices - Expansion.esm,zadx_RDErestrictiveBootsInventory,Red Ebonite Restrictive Boots,missing armor addon/model links
0x16A06~Devious Devices - Expansion.esm,Devious Devices - Expansion.esm,zadx_EboniteHarnessReg_scriptInstance,,missing display name
0x16A07~Devious Devices - Expansion.esm,Devious Devices - Expansion.esm,zadx_EboniteHarnessRegInventory,Black Ebonite Slave Harness,missing armor addon/model links
0x16A09~Devious Devices - Expansion.esm,Devious Devices - Expansion.esm,zadx_RDEboniteHarnessReg_scriptInstance,,missing display name
0x16A0A~Devious Devices - Expansion.esm,Devious Devices - Expansion.esm,zadx_RDEboniteHarnessRegInventory,Red Ebonite Slave Harness,missing armor addon/model links
0x16A0B~Devious Devices - Expansion.esm,Devious Devices - Expansion.esm,zadx_RDLharnessReg_scriptInstance,,missing display name
0x16A0C~Devious Devices - Expansion.esm,Devious Devices - Expansion.esm,zadx_RDLHarnessRegInventory,Red Leather Slave Harness,missing armor addon/model links
0x16A0D~Devious Devices - Expansion.esm,Devious Devices - Expansion.esm,zadx_WTEboniteHarnessReg_scriptInstance,,missing display name
0x16A0E~Devious Devices - Expansion.esm,Devious Devices - Expansion.esm,zadx_WTEharnessRegInventory,White Ebonite Slave Harness,missing armor addon/model links
0x16A0F~Devious Devices - Expansion.esm,Devious Devices - Expansion.esm,zadx_WTLharnessReg_scriptInstance,,missing display name
0x16A10~Devious Devices - Expansion.esm,Devious Devices - Expansion.esm,zadx_WTLharnessRegInventory,White Leather Slave Harness,missing armor addon/model links
0x17FF7~Devious Devices - Expansion.esm,Devious Devices - Expansion.esm,zadx_HR_BridleBaseRendered,,missing display name
0x182D~Devious Devices - Expansion.esm,Devious Devices - Expansion.esm,zadx_catsuit_bodytransparent_Rendered,,missing display name
0x182E~Devious Devices - Expansion.esm,Devious Devices - Expansion.esm,zadx_catsuit_bodytransparent_Inventory,Transparent Catsuit,missing armor addon/model links
0x183C~Devious Devices - Expansion.esm,Devious Devices - Expansion.esm,zadx_hood_rubber_openeyes_white_Inventory,White Ebonite Mask (Open Eyes),missing armor addon/model links
0x183D~Devious Devices - Expansion.esm,Devious Devices - Expansion.esm,zadx_hood_rubber_openeyes_white_Rendered,,missing display name
0x1840~Devious Devices - Expansion.esm,Devious Devices - Expansion.esm,zadx_hood_rubber_openface_red_Rendered,,missing display name
0x1841~Devious Devices - Expansion.esm,Devious Devices - Expansion.esm,zadx_hood_rubber_openeyesmouth_red_Rendered,,missing display name
0x1843~Devious Devices - Expansion.esm,Devious Devices - Expansion.esm,zadx_hood_rubber_openeyesmouth_red_Inventory,Red Ebonite Mask (Open),missing armor addon/model links
0x1844~Devious Devices - Expansion.esm,Devious Devices - Expansion.esm,zadx_hood_rubber_openface_red_Inventory,Red Ebonite Mask (Open Face),missing armor addon/model links
0x1845~Devious Devices - Expansion.esm,Devious Devices - Expansion.esm,zadx_Collar_Posture_LS_Black_Rendered,,missing display name
0x1846~Devious Devices - Expansion.esm,Devious Devices - Expansion.esm,zadx_Collar_Posture_LS_Red_Inventory,Red Lustrous Collar (Padded) (Posture),missing armor addon/model links
0x1847~Devious Devices - Expansion.esm,Devious Devices - Expansion.esm,zadx_Collar_Posture_LS_Red_Rendered,,missing display name
0x1848~Devious Devices - Expansion.esm,Devious Devices - Expansion.esm,zadx_Collar_Posture_LS_White_Inventory,White Lustrous Collar (Padded) (Posture),missing armor addon/model links
0x1849~Devious Devices - Expansion.esm,Devious Devices - Expansion.esm,zadx_Collar_Posture_LS_White_Rendered,,missing display name
0x1856~Devious Devices - Expansion.esm,Devious Devices - Expansion.esm,zadx_cuffs_Padded_Collar_LS_Black_Inventory,Black Lustrous Collar (Padded),missing armor addon/model links
0x1857~Devious Devices - Expansion.esm,Devious Devices - Expansion.esm,zadx_cuffs_Padded_Collar_LS_Black_Rendered,,missing display name
0x1858~Devious Devices - Expansion.esm,Devious Devices - Expansion.esm,zadx_cuffs_Padded_Collar_LS_Red_Inventory,Red Lustrous Collar (Padded),missing armor addon/model links
0x1859~Devious Devices - Expansion.esm,Devious Devices - Expansion.esm,zadx_cuffs_Padded_Collar_LS_Red_Rendered,,missing display name
0x185A~Devious Devices - Expansion.esm,Devious Devices - Expansion.esm,zadx_cuffs_Padded_Collar_LS_White_Inventory,White Lustrous Collar (Padded),missing armor addon/model links
0x185B~Devious Devices - Expansion.esm,Devious Devices - Expansion.esm,zadx_cuffs_Padded_Collar_LS_White_Rendered,,missing display name
0x185C~Devious Devices - Expansion.esm,Devious Devices - Expansion.esm,zadx_cuffs_Padded_Legs_LS_Black_Inventory,Black Lustrous Cuffs (Padded) (Legs),missing armor addon/model links
0x185D~Devious Devices - Expansion.esm,Devious Devices - Expansion.esm,zadx_cuffs_Padded_Legs_LS_Black_Rendered,,missing display name
0x185E~Devious Devices - Expansion.esm,Devious Devices - Expansion.esm,zadx_cuffs_Padded_Legs_LS_Red_Inventory,Red Lustrous Cuffs (Padded) (Legs),missing armor addon/model links
0x185F~Devious Devices - Expansion.esm,Devious Devices - Expansion.esm,zadx_cuffs_Padded_Legs_LS_Red_Rendered,,missing display name
0x1860~Devious Devices - Expansion.esm,Devious Devices - Expansion.esm,zadx_cuffs_Padded_Legs_LS_White_Inventory,White Lustrous Cuffs (Padded) (Legs),missing armor addon/model links
0x1861~Devious Devices - Expansion.esm,Devious Devices - Expansion.esm,zadx_cuffs_Padded_Legs_LS_White_Rendered,,missing display name
0x1862~Devious Devices - Expansion.esm,Devious Devices - Expansion.esm,zadx_cuffs_Padded_Arms_LS_Black_Inventory,Black Lustrous Cuffs (Padded) (Arms),missing armor addon/model links
0x1863~Devious Devices - Expansion.esm,Devious Devices - Expansion.esm,zadx_cuffs_Padded_Arms_LS_Black_Rendered,,missing display name
0x1864~Devious Devices - Expansion.esm,Devious Devices - Expansion.esm,zadx_cuffs_Padded_Arms_LS_Red_Inventory,Red Lustrous Cuffs (Padded) (Arms),missing armor addon/model links
0x1865~Devious Devices - Expansion.esm,Devious Devices - Expansion.esm,zadx_cuffs_Padded_Arms_LS_Red_Rendered,,missing display name
0x1866~Devious Devices - Expansion.esm,Devious Devices - Expansion.esm,zadx_cuffs_Padded_Arms_LS_White_Inventory,White Lustrous Cuffs (Padded) (Arms),missing armor addon/model links
0x1867~Devious Devices - Expansion.esm,Devious Devices - Expansion.esm,zadx_cuffs_Padded_Arms_LS_White_Rendered,,missing display name
0x1AB0E~Devious Devices - Expansion.esm,Devious Devices - Expansion.esm,zadx_HR_BridleBaseInventory,Iron Scold's Bridle (Light),missing armor addon/model links
0x1B071~Devious Devices - Expansion.esm,Devious Devices - Expansion.esm,zadx_HR_BridleHalfRendered,,missing display name
0x1B072~Devious Devices - Expansion.esm,Devious Devices - Expansion.esm,zadx_HR_BridleHalfInventory,Iron Scold's Bridle,missing armor addon/model links
0x1B073~Devious Devices - Expansion.esm,Devious Devices - Expansion.esm,zadx_HR_BridleFullRendered,,missing display name
0x1B074~Devious Devices - Expansion.esm,Devious Devices - Expansion.esm,zadx_HR_BridleFullInventory,Iron Scold's Bridle (Heavy),missing armor addon/model links
0x1B075~Devious Devices - Expansion.esm,Devious Devices - Expansion.esm,zadx_HR_RustyBridleBaseRendered,,missing display name
0x1B076~Devious Devices - Expansion.esm,Devious Devices - Expansion.esm,zadx_HR_RustyBridleBaseInventory,Rusty Iron Scold's Bridle (Light),missing armor addon/model links
0x1B077~Devious Devices - Expansion.esm,Devious Devices - Expansion.esm,zadx_HR_RustyBridleHalfInventory,Rusty Iron Scold's Bridle,missing armor addon/model links
0x1B078~Devious Devices - Expansion.esm,Devious Devices - Expansion.esm,zadx_HR_RustyBridleHalfRendered,,missing display name
0x1B079~Devious Devices - Expansion.esm,Devious Devices - Expansion.esm,zadx_HR_RustyBridleFullInventory,Rusty Iron Scold's Bridle (Heavy),missing armor addon/model links
0x1B07A~Devious Devices - Expansion.esm,Devious Devices - Expansion.esm,zadx_HR_RustyBridleFullRendered,,missing display name
0x1B5DE~Devious Devices - Expansion.esm,Devious Devices - Expansion.esm,zadx_HR_IronPearAnalBlackRendered,,missing display name
0x1B5DF~Devious Devices - Expansion.esm,Devious Devices - Expansion.esm,zadx_HR_IronPearAnalBlackInventory,Iron Pear of Anguish (Anal),missing armor addon/model links
0x1B5E0~Devious Devices - Expansion.esm,Devious Devices - Expansion.esm,zadx_HR_IronPearAnalChainBlackRendered,,missing display name
0x1B5E1~Devious Devices - Expansion.esm,Devious Devices - Expansion.esm,zadx_HR_IronPearAnalChainBlackInventory,Iron Pear of Anguish (Chain) (Anal),missing armor addon/model links
0x1B5E2~Devious Devices - Expansion.esm,Devious Devices - Expansion.esm,zadx_HR_IronPearAnalSignBlackRendered,,missing display name
0x1B5E3~Devious Devices - Expansion.esm,Devious Devices - Expansion.esm,zadx_HR_IronPearAnalSignBlackInventory,Iron Pear of Anguish (Sign) (Anal),missing armor addon/model links
0x1B5E4~Devious Devices - Expansion.esm,Devious Devices - Expansion.esm,zadx_HR_IronPearAnalBellBlackRendered,,missing display name
0x1B5E5~Devious Devices - Expansion.esm,Devious Devices - Expansion.esm,zadx_HR_IronPearAnalBellBlackInventory,Iron Pear of Anguish (Bell) (Anal),missing armor addon/model links
0x1B5E6~Devious Devices - Expansion.esm,Devious Devices - Expansion.esm,zadx_HR_IronPearVaginalBlackInventory,Iron Pear of Anguish (Vaginal),missing armor addon/model links
0x1B5E7~Devious Devices - Expansion.esm,Devious Devices - Expansion.esm,zadx_HR_IronPearVaginalBlackRendered,,missing display name
0x1B5E8~Devious Devices - Expansion.esm,Devious Devices - Expansion.esm,zadx_HR_IronPearVaginalChainBlackInventory,Iron Pear of Anguish (Chain) (Vaginal),missing armor addon/model links
0x1B5E9~Devious Devices - Expansion.esm,Devious Devices - Expansion.esm,zadx_HR_IronPearVaginalChainBlackRendered,,missing display name
0x1BB4C~Devious Devices - Expansion.esm,Devious Devices - Expansion.esm,zadx_HR_IronPearVaginalBellBlackRendered,,missing display name
0x1BB4D~Devious Devices - Expansion.esm,Devious Devices - Expansion.esm,zadx_HR_IronPearVaginalBellBlackInventory,Iron Pear of Anguish (Bell) (Vaginal),missing armor addon/model links
0x1C0B6~Devious Devices - Expansion.esm,Devious Devices - Expansion.esm,zadx_HR_ChainHarnessBodyRendered,,missing display name
0x1C0B7~Devious Devices - Expansion.esm,Devious Devices - Expansion.esm,zadx_HR_ChainHarnessBodyInventory,Iron Chain Harness (Body),missing armor addon/model links
0x1C0B8~Devious Devices - Expansion.esm,Devious Devices - Expansion.esm,zadx_HR_ChainHarnessLegsRendered,,missing display name
0x1C0BA~Devious Devices - Expansion.esm,Devious Devices - Expansion.esm,zadx_HR_ChainHarnessLegsInventory,Iron Chain Harness (Legs),missing armor addon/model links
0x1C0BB~Devious Devices - Expansion.esm,Devious Devices - Expansion.esm,zadx_HR_ChainHarnessArmsRendered,,missing display name
0x1C0BC~Devious Devices - Expansion.esm,Devious Devices - Expansion.esm,zadx_HR_ChainHarnessArmsInventory,Iron Chain Harness (Arms),missing armor addon/model links
0x1C0BD~Devious Devices - Expansion.esm,Devious Devices - Expansion.esm,zadx_HR_ChainHarnessBraRendered,,missing display name
0x1C0BE~Devious Devices - Expansion.esm,Devious Devices - Expansion.esm,zadx_HR_ChainHarnessBraInventory,Iron Chain Harness (Bra),missing armor addon/model links
0x1C0BF~Devious Devices - Expansion.esm,Devious Devices - Expansion.esm,zadx_HR_ChainHarnessBootsRendered,,missing display name
0x1C0C0~Devious Devices - Expansion.esm,Devious Devices - Expansion.esm,zadx_HR_ChainHarnessBootsInventory,Iron Chain Harness (Ankles),missing armor addon/model links
0x1C0C1~Devious Devices - Expansion.esm,Devious Devices - Expansion.esm,zadx_HR_ChainHarnessGlovesRendered,,missing display name
0x1C0C2~Devious Devices - Expansion.esm,Devious Devices - Expansion.esm,zadx_HR_ChainHarnessGlovesInventory,Iron Chain Harness (Wrists),missing armor addon/model links
0x1C0C3~Devious Devices - Expansion.esm,Devious Devices - Expansion.esm,zadx_HR_ChainHarnessNippleRendered,,missing display name
0x1C0C4~Devious Devices - Expansion.esm,Devious Devices - Expansion.esm,zadx_HR_ChainHarnessNippleInventory,Iron Chain Harness (Nipple Chain),missing armor addon/model links
0x1C0C5~Devious Devices - Expansion.esm,Devious Devices - Expansion.esm,zadx_HR_ChainHarnessFullRendered,,missing display name
0x1C0C6~Devious Devices - Expansion.esm,Devious Devices - Expansion.esm,zadx_HR_ChainHarnessFullInventory,Iron Chain Harness,missing armor addon/model links
0x1C629~Devious Devices - Expansion.esm,Devious Devices - Expansion.esm,zadx_HR_NippleClampsRendered,,missing display name
0x1C62A~Devious Devices - Expansion.esm,Devious Devices - Expansion.esm,zadx_HR_NippleClampsInventory,Iron Clamps (Nipples),missing armor addon/model links
0x1C62B~Devious Devices - Expansion.esm,Devious Devices - Expansion.esm,zadx_HR_PearGagRendered,,missing display name
0x1C62C~Devious Devices - Expansion.esm,Devious Devices - Expansion.esm,zadx_HR_PearGagInventory,Iron Gag (Choke Pear),missing armor addon/model links
0x1CB90~Devious Devices - Expansion.esm,Devious Devices - Expansion.esm,zadx_HR_NipplePiercingsRendered,,missing display name
0x1CB91~Devious Devices - Expansion.esm,Devious Devices - Expansion.esm,zadx_HR_NipplePiercingsInventory,Iron Piercings (Nipples),missing armor addon/model links
0x1D92~Devious Devices - Expansion.esm,Devious Devices - Expansion.esm,zadx_HarnessChastity_scriptInstance,,missing display name
0x1D98~Devious Devices - Expansion.esm,Devious Devices - Expansion.esm,zadx_RDEGagEboniteStrapBallBig_Inventory,Red Ebonite Gag (Large Ball) (Simple),missing armor addon/model links
0x1D99~Devious Devices - Expansion.esm,Devious Devices - Expansion.esm,zadx_RDEGagEboniteStrapBallBig_Rendered,,missing display name
0x1D9A~Devious Devices - Expansion.esm,Devious Devices - Expansion.esm,zadx_RDEGagEboniteHarnessBallBig_Inventory,Red Ebonite Gag (Large Ball) (Harness),missing armor addon/model links
0x1D9B~Devious Devices - Expansion.esm,Devious Devices - Expansion.esm,zadx_RDEGagEboniteHarnessBallBig_Rendered,,missing display name
0x1DA4~Devious Devices - Expansion.esm,Devious Devices - Expansion.esm,zadx_GagLeatherHarnessBallBig_Inventory,Black Leather Gag (Large Ball) (Harness),missing armor addon/model links
0x1DA5~Devious Devices - Expansion.esm,Devious Devices - Expansion.esm,zadx_GagLeatherHarnessBallBig_Rendered,,missing display name
0x1DA6~Devious Devices - Expansion.esm,Devious Devices - Expansion.esm,zadx_GagLeatherStrapBallBig_Inventory,Black Leather Gag (Large Ball) (Simple),missing armor addon/model links
0x1DA7~Devious Devices - Expansion.esm,Devious Devices - Expansion.esm,zadx_GagLeatherStrapBallBig_Rendered,,missing display name
0x1DA8~Devious Devices - Expansion.esm,Devious Devices - Expansion.esm,zadx_RDLGagLeatherHarnessBallBig_Inventory,Red Leather Gag (Large Ball) (Harness),missing armor addon/model links
0x1DA9~Devious Devices - Expansion.esm,Devious Devices - Expansion.esm,zadx_RDLGagLeatherHarnessBallBig_Rendered,,missing display name
0x1DAA~Devious Devices - Expansion.esm,Devious Devices - Expansion.esm,zadx_RDLGagLeatherStrapBallBig_Inventory,Red Leather Gag (Large Ball) (Simple),missing armor addon/model links
0x1DAB~Devious Devices - Expansion.esm,Devious Devices - Expansion.esm,zadx_RDLGagLeatherStrapBallBig_Rendered,,missing display name
0x1DAC~Devious Devices - Expansion.esm,Devious Devices - Expansion.esm,zadx_WTEGagEboniteHarnessBallBig_Inventory,White Ebonite Gag (Large Ball) (Harness),missing armor addon/model links
0x1DAD~Devious Devices - Expansion.esm,Devious Devices - Expansion.esm,zadx_WTEGagEboniteHarnessBallBig_Rendered,,missing display name
0x1DAE~Devious Devices - Expansion.esm,Devious Devices - Expansion.esm,zadx_WTEGagEboniteStrapBallBig_Inventory,White Ebonite Gag (Large Ball) (Simple),missing armor addon/model links
0x1DAF~Devious Devices - Expansion.esm,Devious Devices - Expansion.esm,zadx_WTEGagEboniteStrapBallBig_Rendered,,missing display name
0x1DB0~Devious Devices - Expansion.esm,Devious Devices - Expansion.esm,zadx_WTLGagLeatherHarnessBallBig_Inventory,White Leather Gag (Large Ball) (Harness),missing armor addon/model links
0x1DB1~Devious Devices - Expansion.esm,Devious Devices - Expansion.esm,zadx_WTLGagLeatherHarnessBallBig_Rendered,,missing display name
0x1DB2~Devious Devices - Expansion.esm,Devious Devices - Expansion.esm,zadx_WTLGagLeatherStrapBallBig_Inventory,White Leather Gag (Large Ball) (Simple),missing armor addon/model links
0x1DB3~Devious Devices - Expansion.esm,Devious Devices - Expansion.esm,zadx_WTLGagLeatherStrapBallBig_Rendered,,missing display name
0x1DC1~Devious Devices - Expansion.esm,Devious Devices - Expansion.esm,zadx_Collar_Rope_2_Black_Inventory,Black Rope Collar,missing armor addon/model links
0x1DC2~Devious Devices - Expansion.esm,Devious Devices - Expansion.esm,zadx_Collar_Rope_2_Black_Rendered,,missing display name
0x1DC3~Devious Devices - Expansion.esm,Devious Devices - Expansion.esm,zadx_Collar_Rope_2_Red_Inventory,Red Rope Collar,missing armor addon/model links
0x1DC4~Devious Devices - Expansion.esm,Devious Devices - Expansion.esm,zadx_Collar_Rope_2_Red_Rendered,,missing display name
0x1DC5~Devious Devices - Expansion.esm,Devious Devices - Expansion.esm,zadx_Collar_Rope_2_White_Inventory,White Rope Collar,missing armor addon/model links
0x1DC6~Devious Devices - Expansion.esm,Devious Devices - Expansion.esm,zadx_Collar_Rope_2_White_Rendered,,missing display name
0x1DC7~Devious Devices - Expansion.esm,Devious Devices - Expansion.esm,zadx_gag_rope_ball_black_Inventory,Black Rope Ball Gag,missing armor addon/model links
0x1DC8~Devious Devices - Expansion.esm,Devious Devices - Expansion.esm,zadx_gag_rope_ball_black_Rendered,,missing display name
0x1DC9~Devious Devices - Expansion.esm,Devious Devices - Expansion.esm,zadx_gag_rope_ball_red_Inventory,Red Rope Ball Gag,missing armor addon/model links
0x1DCA~Devious Devices - Expansion.esm,Devious Devices - Expansion.esm,zadx_gag_rope_ball_red_Rendered,,missing display name
0x1DCB~Devious Devices - Expansion.esm,Devious Devices - Expansion.esm,zadx_gag_rope_ball_white_Inventory,White Rope Ball Gag,missing armor addon/model links
0x1DCC~Devious Devices - Expansion.esm,Devious Devices - Expansion.esm,zadx_gag_rope_ball_white_Rendered,,missing display name
0x1DCD~Devious Devices - Expansion.esm,Devious Devices - Expansion.esm,zadx_gag_rope_bit_black_Inventory,Black Rope Bit Gag,missing armor addon/model links
0x1DCE~Devious Devices - Expansion.esm,Devious Devices - Expansion.esm,zadx_gag_rope_bit_black_Rendered,,missing display name
0x1DCF~Devious Devices - Expansion.esm,Devious Devices - Expansion.esm,zadx_gag_rope_bit_red_Inventory,Red Rope Bit Gag,missing armor addon/model links
0x1DD0~Devious Devices - Expansion.esm,Devious Devices - Expansion.esm,zadx_gag_rope_bit_red_Rendered,,missing display name
0x1DD4~Devious Devices - Expansion.esm,Devious Devices - Expansion.esm,zadx_StraitJacketFormalDressLeatherBlackToplessInventory,"Black Leather Straitjacket Dress, Elegant (Topless)",missing armor addon/model links
0x1DD5~Devious Devices - Expansion.esm,Devious Devices - Expansion.esm,zadx_StraitJacketFormalDressLeatherBlackToplessRendered,,missing display name
0x1DD6~Devious Devices - Expansion.esm,Devious Devices - Expansion.esm,zadx_StraitJacketFormalDressLeatherRedToplessInventory,"Red Leather Straitjacket Dress, Elegant (Topless)",missing armor addon/model links
0x1DD7~Devious Devices - Expansion.esm,Devious Devices - Expansion.esm,zadx_StraitJacketFormalDressLeatherRedToplessRendered,,missing display name
0x1DD8~Devious Devices - Expansion.esm,Devious Devices - Expansion.esm,zadx_StraitJacketFormalDressLeatherWhiteToplessInventory,"White Leather Straitjacket Dress, Elegant (Topless)",missing armor addon/model links
0x1DD9~Devious Devices - Expansion.esm,Devious Devices - Expansion.esm,zadx_StraitJacketFormalDressLeatherWhiteToplessRendered,,missing display name
0x1DDD~Devious Devices - Expansion.esm,Devious Devices - Expansion.esm,zadx_StraitJacketFormalDressEboniteBlackToplessInventory,"Black Ebonite Straitjacket Dress, Elegant (Topless)",missing armor addon/model links
0x1DDE~Devious Devices - Expansion.esm,Devious Devices - Expansion.esm,zadx_StraitJacketFormalDressEboniteBlackToplessRendered,,missing display name
0x1DDF~Devious Devices - Expansion.esm,Devious Devices - Expansion.esm,zadx_StraitJacketFormalDressEboniteRedToplessInventory,"Red Ebonite Straitjacket Dress, Elegant (Topless)",missing armor addon/model links
0x1DE0~Devious Devices - Expansion.esm,Devious Devices - Expansion.esm,zadx_StraitJacketFormalDressEboniteRedToplessRendered,,missing display name
0x1DE1~Devious Devices - Expansion.esm,Devious Devices - Expansion.esm,zadx_StraitJacketFormalDressEboniteWhiteToplessInventory,"White Ebonite Straitjacket Dress, Elegant (Topless)",missing armor addon/model links
0x1DE2~Devious Devices - Expansion.esm,Devious Devices - Expansion.esm,zadx_StraitJacketFormalDressEboniteWhiteToplessRendered,,missing display name
0x1E38~Devious Devices - Expansion.esm,Devious Devices - Expansion.esm,zadx_RDLeatherHarnessRegNCInventory,"Red Leather Slave Harness, No Collar",missing armor addon/model links
0x1E39~Devious Devices - Expansion.esm,Devious Devices - Expansion.esm,zadx_LeatherHarnessRegNCInventory,"Black Leather Slave Harness, No Collar",missing armor addon/model links
0x1E3B~Devious Devices - Expansion.esm,Devious Devices - Expansion.esm,zadx_EboniteHarnessRegNCInventory,"Black Ebonite Slave Harness, No Collar",missing armor addon/model links
0x1E3C~Devious Devices - Expansion.esm,Devious Devices - Expansion.esm,zadx_LeatherHarnessNCInventory,"Black Leather Chastity Harness, No Collar",missing armor addon/model links
0x1E3D~Devious Devices - Expansion.esm,Devious Devices - Expansion.esm,zadx_EboniteHarnessNCInventory,"Black Ebonite Chastity Harness, No Collar",missing armor addon/model links
0x1E683~Devious Devices - Expansion.esm,Devious Devices - Expansion.esm,zadx_HR_NippleChainCollarRendered,,missing display name
0x1E685~Devious Devices - Expansion.esm,Devious Devices - Expansion.esm,zadx_HR_NippleChainCollarInventory,Iron Collar (Nipple Chain),missing armor addon/model links
0x1E686~Devious Devices - Expansion.esm,Devious Devices - Expansion.esm,zadx_HR_IronCollarRendered,,missing display name
0x1E687~Devious Devices - Expansion.esm,Devious Devices - Expansion.esm,zadx_HR_IronCollarInventory,Iron Collar,missing armor addon/model links
0x1E688~Devious Devices - Expansion.esm,Devious Devices - Expansion.esm,zadx_HR_RustyIronCollarInventory,Rusty Iron Collar,missing armor addon/model links
0x1E689~Devious Devices - Expansion.esm,Devious Devices - Expansion.esm,zadx_HR_RustyIronCollarRendered,,missing display name
0x1E68A~Devious Devices - Expansion.esm,Devious Devices - Expansion.esm,zadx_HR_RustyChainHarnessArmsInventory,Rusty Iron Chain Harness (Arms),missing armor addon/model links
0x1E68B~Devious Devices - Expansion.esm,Devious Devices - Expansion.esm,zadx_HR_RustyChainHarnessArmsRendered,,missing display name
0x1E68C~Devious Devices - Expansion.esm,Devious Devices - Expansion.esm,zadx_HR_RustyChainHarnessBodyRendered,,missing display name
0x1E68D~Devious Devices - Expansion.esm,Devious Devices - Expansion.esm,zadx_HR_RustyChainHarnessBodyInventory,Rusty Iron Chain Harness (Body),missing armor addon/model links
0x1E68E~Devious Devices - Expansion.esm,Devious Devices - Expansion.esm,zadx_HR_RustyChainHarnessBootsInventory,Rusty Iron Chain Harness (Ankles),missing armor addon/model links
0x1E68F~Devious Devices - Expansion.esm,Devious Devices - Expansion.esm,zadx_HR_RustyChainHarnessBootsRendered,,missing display name
0x1E690~Devious Devices - Expansion.esm,Devious Devices - Expansion.esm,zadx_HR_RustyChainHarnessBraInventory,Rusty Iron Chain Harness (Bra),missing armor addon/model links
0x1E691~Devious Devices - Expansion.esm,Devious Devices - Expansion.esm,zadx_HR_RustyChainHarnessBraRendered,,missing display name
0x1E693~Devious Devices - Expansion.esm,Devious Devices - Expansion.esm,zadx_HR_RustyChainHarnessGlovesRendered,,missing display name
0x1E694~Devious Devices - Expansion.esm,Devious Devices - Expansion.esm,zadx_HR_RustyChainHarnessLegsInventory,Rusty Iron Chain Harness (Legs),missing armor addon/model links
0x1E695~Devious Devices - Expansion.esm,Devious Devices - Expansion.esm,zadx_HR_RustyChainHarnessLegsRendered,,missing display name
0x1E696~Devious Devices - Expansion.esm,Devious Devices - Expansion.esm,zadx_HR_RustyChainHarnessNippleInventory,Rusty Iron Chain Harness (Nipple Chain),missing armor addon/model links
0x1E697~Devious Devices - Expansion.esm,Devious Devices - Expansion.esm,zadx_HR_RustyChainHarnessNippleRendered,,missing display name
0x1E698~Devious Devices - Expansion.esm,Devious Devices - Expansion.esm,zadx_HR_RustyChainHarnessFullInventory,Rusty Iron Chain Harness,missing armor addon/model links
0x1E699~Devious Devices - Expansion.esm,Devious Devices - Expansion.esm,zadx_HR_RustyChainHarnessFullRendered,,missing display name
0x1E69A~Devious Devices - Expansion.esm,Devious Devices - Expansion.esm,zadx_HR_MaskOfShameRendered,,missing display name
0x1E69B~Devious Devices - Expansion.esm,Devious Devices - Expansion.esm,zadx_HR_MaskOfShameInventory,Mask of Shame,missing armor addon/model links
0x1F163~Devious Devices - Expansion.esm,Devious Devices - Expansion.esm,zadx_HR_wristShacklesRendered,,missing display name
0x1F164~Devious Devices - Expansion.esm,Devious Devices - Expansion.esm,zadx_HR_WristShacklesInventory,Iron Shackles,missing armor addon/model links
0x1F6C7~Devious Devices - Expansion.esm,Devious Devices - Expansion.esm,zadx_HR_IronRingGagInventory,Iron Gag (Ring),missing armor addon/model links
0x1F6C8~Devious Devices - Expansion.esm,Devious Devices - Expansion.esm,zadx_HR_IronRingGagRendered,,missing display name
0x1F6C9~Devious Devices - Expansion.esm,Devious Devices - Expansion.esm,zadx_HR_IronBitGagInventory,Iron Gag (Bit),missing armor addon/model links
0x1F6CA~Devious Devices - Expansion.esm,Devious Devices - Expansion.esm,zadx_HR_IronBitGagRendered,,missing display name
0x1F6CB~Devious Devices - Expansion.esm,Devious Devices - Expansion.esm,zadx_HR_IronBitGagWoodInventory,Iron Gag (Wood Bit),missing armor addon/model links
0x1F6CC~Devious Devices - Expansion.esm,Devious Devices - Expansion.esm,zadx_HR_IronBitGagWoodRendered,,missing display name
0x1F6CD~Devious Devices - Expansion.esm,Devious Devices - Expansion.esm,zadx_HR_IronBalletBootsRendered,,missing display name
0x1F6CE~Devious Devices - Expansion.esm,Devious Devices - Expansion.esm,zadx_HR_IronBalletBootsInventory,Iron Ballet Boots,missing armor addon/model links
0x1FC31~Devious Devices - Expansion.esm,Devious Devices - Expansion.esm,zadx_HR_IronBalletBootsHeelInventory,Iron Ballet Boots (Reinforced),missing armor addon/model links
0x1FC32~Devious Devices - Expansion.esm,Devious Devices - Expansion.esm,zadx_HR_IronBalletBootsHeelRendered,,missing display name
0x1FC33~Devious Devices - Expansion.esm,Devious Devices - Expansion.esm,zadx_HR_RustyIronBalletBootsInventory,Rusty Iron Ballet Boots,missing armor addon/model links
0x1FC34~Devious Devices - Expansion.esm,Devious Devices - Expansion.esm,zadx_HR_RustyIronBalletBootsRendered,,missing display name
0x1FC35~Devious Devices - Expansion.esm,Devious Devices - Expansion.esm,zadx_HR_RustyIronBalletBootsHeelInventory,Rusty Iron Ballet Boots (Reinforced),missing armor addon/model links
0x1FC36~Devious Devices - Expansion.esm,Devious Devices - Expansion.esm,zadx_HR_RustyIronBalletBootsHeelRendered,,missing display name
0x1FC37~Devious Devices - Expansion.esm,Devious Devices - Expansion.esm,zadx_HR_RustyIronBitGagInventory,Rusty Iron Gag (Bit),missing armor addon/model links
0x1FC38~Devious Devices - Expansion.esm,Devious Devices - Expansion.esm,zadx_HR_RustyIronBitGagRendered,,missing display name
0x1FC39~Devious Devices - Expansion.esm,Devious Devices - Expansion.esm,zadx_HR_RustyIronBitGagWoodInventory,Rusty Iron Gag (Wood Bit),missing armor addon/model links
0x1FC3A~Devious Devices - Expansion.esm,Devious Devices - Expansion.esm,zadx_HR_RustyIronBitGagWoodRendered,,missing display name
0x1FC3B~Devious Devices - Expansion.esm,Devious Devices - Expansion.esm,zadx_HR_RustyWristShacklesInventory,Rusty Iron Shackles,missing armor addon/model links
0x1FC3C~Devious Devices - Expansion.esm,Devious Devices - Expansion.esm,zadx_HR_RustywristShacklesRendered,,missing display name
0x1FC3F~Devious Devices - Expansion.esm,Devious Devices - Expansion.esm,zadx_HR_RustyIronRingGagInventory,Rusty Iron Gag (Ring),missing armor addon/model links
0x1FC40~Devious Devices - Expansion.esm,Devious Devices - Expansion.esm,zadx_HR_RustyIronRingGagRendered,,missing display name
0x1FC41~Devious Devices - Expansion.esm,Devious Devices - Expansion.esm,zadx_HR_RustyNippleChainCollarInventory,Rusty Iron Collar (Nipple Chain),missing armor addon/model links
0x1FC42~Devious Devices - Expansion.esm,Devious Devices - Expansion.esm,zadx_HR_RustyNippleChainCollarRendered,,missing display name
0x1FC43~Devious Devices - Expansion.esm,Devious Devices - Expansion.esm,zadx_HR_RustyIronPearAnalBellInventory,Rusty Iron Pear of Anguish (Bell) (Anal),missing armor addon/model links
0x1FC44~Devious Devices - Expansion.esm,Devious Devices - Expansion.esm,zadx_HR_RustyIronPearAnalBellRendered,,missing display name
0x1FC45~Devious Devices - Expansion.esm,Devious Devices - Expansion.esm,zadx_HR_RustyIronPearAnalSignInventory,Rusty Iron Pear of Anguish (Sign) (Anal),missing armor addon/model links
0x1FC46~Devious Devices - Expansion.esm,Devious Devices - Expansion.esm,zadx_HR_RustyIronPearAnalSignRendered,,missing display name
0x1FC47~Devious Devices - Expansion.esm,Devious Devices - Expansion.esm,zadx_HR_RustyIronPearVaginalBellInventory,Rusty Iron Pear of Anguish (Bell) (Vaginal),missing armor addon/model links
0x1FC48~Devious Devices - Expansion.esm,Devious Devices - Expansion.esm,zadx_HR_RustyIronPearVaginalBellRendered,,missing display name
0x1FC49~Devious Devices - Expansion.esm,Devious Devices - Expansion.esm,zadx_HR_RustyIronPearAnalChainInventory,Rusty Iron Pear of Anguish (Chain) (Anal),missing armor addon/model links
0x1FC4A~Devious Devices - Expansion.esm,Devious Devices - Expansion.esm,zadx_HR_RustyIronPearAnalChainRendered,,missing display name
0x1FC4B~Devious Devices - Expansion.esm,Devious Devices - Expansion.esm,zadx_HR_RustyIronPearVaginalChainInventory,Rusty Iron Pear of Anguish (Chain) (Vaginal),missing armor addon/model links
0x1FC4C~Devious Devices - Expansion.esm,Devious Devices - Expansion.esm,zadx_HR_RustyIronPearVaginalChainRendered,,missing display name
0x1FC4D~Devious Devices - Expansion.esm,Devious Devices - Expansion.esm,zadx_HR_RustyIronPearAnalInventory,Rusty Iron Pear of Anguish (Anal),missing armor addon/model links
0x1FC4E~Devious Devices - Expansion.esm,Devious Devices - Expansion.esm,zadx_HR_RustyIronPearAnalRendered,,missing display name
0x1FC4F~Devious Devices - Expansion.esm,Devious Devices - Expansion.esm,zadx_HR_RustyIronPearVaginalInventory,Rusty Iron Pear of Anguish (Vaginal),missing armor addon/model links
0x1FC50~Devious Devices - Expansion.esm,Devious Devices - Expansion.esm,zadx_HR_RustyIronPearVaginalRendered,,missing display name
0x1FC53~Devious Devices - Expansion.esm,Devious Devices - Expansion.esm,zadx_HR_RustyNippleClampsInventory,Rusty Iron Clamps (Nipples),missing armor addon/model links
0x1FC54~Devious Devices - Expansion.esm,Devious Devices - Expansion.esm,zadx_HR_RustyNippleClampsRendered,,missing display name
0x1FC55~Devious Devices - Expansion.esm,Devious Devices - Expansion.esm,zadx_HR_RustyNipplePiercingsInventory,Rusty Iron Piercings (Nipples),missing armor addon/model links
0x1FC56~Devious Devices - Expansion.esm,Devious Devices - Expansion.esm,zadx_HR_RustyNipplePiercingsRendered,,missing display name
0x1FC57~Devious Devices - Expansion.esm,Devious Devices - Expansion.esm,zadx_HR_RustyPearGagInventory,Rusty Iron Gag (Choke Pear),missing armor addon/model links
0x1FC58~Devious Devices - Expansion.esm,Devious Devices - Expansion.esm,zadx_HR_RustyPearGagRendered,,missing display name
0x201BF~Devious Devices - Expansion.esm,Devious Devices - Expansion.esm,zadx_HR_RustyChainHarnessGlovesInventory,Rusty Iron Chain Harness (Wrists),missing armor addon/model links
0x20733~Devious Devices - Expansion.esm,Devious Devices - Expansion.esm,zadx_HobbleDressInventory,Black Leather Hobble Dress (Extreme),missing armor addon/model links
0x20734~Devious Devices - Expansion.esm,Devious Devices - Expansion.esm,zadx_HobbleDressRedRendered,,missing display name
0x21CC1~Devious Devices - Expansion.esm,Devious Devices - Expansion.esm,zadx_SlaveHighHeelsRendered,,missing display name
0x21CC2~Devious Devices - Expansion.esm,Devious Devices - Expansion.esm,zadx_SlaveHighHeelsInventory,Black Leather Slave Ballet Heels,missing armor addon/model links
0x2313~Devious Devices - Expansion.esm,Devious Devices - Expansion.esm,zadx_gag_facemask_biz_white_Inventory,White Ebonite Face Mask,missing armor addon/model links
0x2314~Devious Devices - Expansion.esm,Devious Devices - Expansion.esm,zadx_gag_facemask_biz_white_Rendered,,missing display name
0x2316~Devious Devices - Expansion.esm,Devious Devices - Expansion.esm,zad_restrictiveCorsetChastityInventory,Black Leather Restrictive Chastity Corset,missing armor addon/model links
0x2317~Devious Devices - Expansion.esm,Devious Devices - Expansion.esm,zad_restrictiveCorsetChastityOpenInventory,"Black Leather Restrictive Chastity Corset, Open",missing armor addon/model links
0x2318~Devious Devices - Expansion.esm,Devious Devices - Expansion.esm,zadx_EbrestrictiveCorsetChastityInventory,Black Ebonite Restrictive Chastity Corset,missing armor addon/model links
0x2319~Devious Devices - Expansion.esm,Devious Devices - Expansion.esm,zadx_EbrestrictiveCorsetChastityOpenInventory,"Black Ebonite Restrictive Chastity Corset, Open",missing armor addon/model links
0x231A~Devious Devices - Expansion.esm,Devious Devices - Expansion.esm,zadx_HarnessChastityInventory,Black Leather Chastity Harness,missing armor addon/model links
0x231B~Devious Devices - Expansion.esm,Devious Devices - Expansion.esm,zadx_RDErestrictiveCorsetChastityInventory,Red Ebonite Restrictive Chastity Corset,missing armor addon/model links
0x231C~Devious Devices - Expansion.esm,Devious Devices - Expansion.esm,zadx_RDErestrictiveCorsetChastityOpenInventory,"Red Ebonite Restrictive Chastity Corset, Open",missing armor addon/model links
0x231D~Devious Devices - Expansion.esm,Devious Devices - Expansion.esm,zadx_RDLrestrictiveCorsetChastityInventory,Red Leather Restrictive Chastity Corset,missing armor addon/model links
0x231E~Devious Devices - Expansion.esm,Devious Devices - Expansion.esm,zadx_RDLrestrictiveCorsetChastityOpenInventory,"Red Leather Restrictive Chastity Corset, Open",missing armor addon/model links
0x231F~Devious Devices - Expansion.esm,Devious Devices - Expansion.esm,zadx_WTErestrictiveCorsetChastityInventory,White Ebonite Restrictive Chastity Corset,missing armor addon/model links
0x2320~Devious Devices - Expansion.esm,Devious Devices - Expansion.esm,zadx_WTErestrictiveCorsetChastityOpenInventory,"White Ebonite Restrictive Chastity Corset, Open",missing armor addon/model links
0x2322~Devious Devices - Expansion.esm,Devious Devices - Expansion.esm,zadx_WTLrestrictiveCorsetChastityOpenInventory,"White Leather Restrictive Chastity Corset, Open",missing armor addon/model links
0x2324D~Devious Devices - Expansion.esm,Devious Devices - Expansion.esm,zadx_PawBondageMittensInventory,Black Leather Paw Bondage Mittens,missing armor addon/model links
0x2324E~Devious Devices - Expansion.esm,Devious Devices - Expansion.esm,zadx_PawBondageMittensRendered,,missing display name
0x234E~Devious Devices - Expansion.esm,Devious Devices - Expansion.esm,zadx_StraitJacketCatsuitEboniteBlackInventory,"Black Ebonite Straitjacket, Catsuit",missing armor addon/model links
0x234F~Devious Devices - Expansion.esm,Devious Devices - Expansion.esm,zadx_StraitJacketCatsuitEboniteBlackRendered,,missing display name
0x2350~Devious Devices - Expansion.esm,Devious Devices - Expansion.esm,zadx_StraitJacketCatsuitEboniteBlackOpenInventory,"Black Ebonite Straitjacket, Catsuit (Open)",missing armor addon/model links
0x2351~Devious Devices - Expansion.esm,Devious Devices - Expansion.esm,zadx_StraitJacketCatsuitEboniteBlackOpenRendered,,missing display name
0x2352~Devious Devices - Expansion.esm,Devious Devices - Expansion.esm,zadx_StraitJacketCatsuitEboniteBlackToplessInventory,"Black Ebonite Straitjacket, Catsuit (Topless)",missing armor addon/model links
0x2353~Devious Devices - Expansion.esm,Devious Devices - Expansion.esm,zadx_StraitJacketCatsuitEboniteBlackToplessRendered,,missing display name
0x2354~Devious Devices - Expansion.esm,Devious Devices - Expansion.esm,zadx_StraitJacketCatsuitEboniteRedInventory,"Red Ebonite Straitjacket, Catsuit",missing armor addon/model links
0x2355~Devious Devices - Expansion.esm,Devious Devices - Expansion.esm,zadx_StraitJacketCatsuitEboniteRedRendered,,missing display name
0x2356~Devious Devices - Expansion.esm,Devious Devices - Expansion.esm,zadx_StraitJacketCatsuitEboniteRedOpenInventory,"Red Ebonite Straitjacket, Catsuit (Open)",missing armor addon/model links
0x2357~Devious Devices - Expansion.esm,Devious Devices - Expansion.esm,zadx_StraitJacketCatsuitEboniteRedOpenRendered,,missing display name
0x2358~Devious Devices - Expansion.esm,Devious Devices - Expansion.esm,zadx_StraitJacketCatsuitEboniteRedToplessInventory,"Red Ebonite Straitjacket, Catsuit (Topless)",missing armor addon/model links
0x2359~Devious Devices - Expansion.esm,Devious Devices - Expansion.esm,zadx_StraitJacketCatsuitEboniteRedToplessRendered,,missing display name
0x235A~Devious Devices - Expansion.esm,Devious Devices - Expansion.esm,zadx_StraitJacketCatsuitEboniteWhiteInventory,"White Ebonite Straitjacket, Catsuit",missing armor addon/model links
0x235B~Devious Devices - Expansion.esm,Devious Devices - Expansion.esm,zadx_StraitJacketCatsuitEboniteWhiteRendered,,missing display name
0x235C~Devious Devices - Expansion.esm,Devious Devices - Expansion.esm,zadx_StraitJacketCatsuitEboniteWhiteOpenInventory,"White Ebonite Straitjacket, Catsuit (Open)",missing armor addon/model links
0x235D~Devious Devices - Expansion.esm,Devious Devices - Expansion.esm,zadx_StraitJacketCatsuitEboniteWhiteOpenRendered,,missing display name
0x235E~Devious Devices - Expansion.esm,Devious Devices - Expansion.esm,zadx_StraitJacketCatsuitEboniteWhiteToplessInventory,"White Ebonite Straitjacket, Catsuit (Topless)",missing armor addon/model links
0x235F~Devious Devices - Expansion.esm,Devious Devices - Expansion.esm,zadx_StraitJacketCatsuitEboniteWhiteToplessRendered,,missing display name
0x237B5~Devious Devices - Expansion.esm,Devious Devices - Expansion.esm,zadx_PawBondageMittensRedInventory,Red Leather Paw Bondage Mittens,missing armor addon/model links
0x237B6~Devious Devices - Expansion.esm,Devious Devices - Expansion.esm,zadx_PawBondageMittensRedRendered,,missing display name
0x237B8~Devious Devices - Expansion.esm,Devious Devices - Expansion.esm,zadx_PawBondageMittensWhiteInventory,White Leather Paw Bondage Mittens,missing armor addon/model links
0x237B9~Devious Devices - Expansion.esm,Devious Devices - Expansion.esm,zadx_PawBondageMittensWhiteRendered,,missing display name
0x237BE~Devious Devices - Expansion.esm,Devious Devices - Expansion.esm,zadx_SlaveHighHeelsRedInventory,Red Leather Slave Ballet Heels,missing armor addon/model links
0x237BF~Devious Devices - Expansion.esm,Devious Devices - Expansion.esm,zadx_SlaveHighHeelsRedRendered,,missing display name
0x237C0~Devious Devices - Expansion.esm,Devious Devices - Expansion.esm,zadx_SlaveHighHeelsWhiteRendered,,missing display name
0x237C1~Devious Devices - Expansion.esm,Devious Devices - Expansion.esm,zadx_SlaveHighHeelsWhiteInventory,White Leather Slave Ballet Heels,missing armor addon/model links
0x24288~Devious Devices - Expansion.esm,Devious Devices - Expansion.esm,zadx_HobbleDressLatexInventory,Black Ebonite Hobble Dress (Extreme),missing armor addon/model links
0x24289~Devious Devices - Expansion.esm,Devious Devices - Expansion.esm,zadx_HobbleDressLatexRendered,,missing display name
0x2429~Devious Devices - Expansion.esm,Devious Devices - Expansion.esm,zadx_BoxBinder_Red_Inventory,Red Ebonite Boxbinder,missing armor addon/model links
0x242A~Devious Devices - Expansion.esm,Devious Devices - Expansion.esm,zadx_BoxBinder_Red_Rendered,,missing display name
0x242B~Devious Devices - Expansion.esm,Devious Devices - Expansion.esm,zadx_BoxBinder_White_Inventory,White Ebonite Boxbinder,missing armor addon/model links
0x242C~Devious Devices - Expansion.esm,Devious Devices - Expansion.esm,zadx_BoxBinder_White_Rendered,,missing display name
0x242D~Devious Devices - Expansion.esm,Devious Devices - Expansion.esm,zadx_BoxBinderOutfit_Red_Inventory,Red Ebonite Boxbinder Outfit,missing armor addon/model links
0x242E~Devious Devices - Expansion.esm,Devious Devices - Expansion.esm,zadx_BoxBinderOutfit_Red_Rendered,,missing display name
0x242F~Devious Devices - Expansion.esm,Devious Devices - Expansion.esm,zadx_BoxBinderOutfit_White_Inventory,White Ebonite Boxbinder Outfit,missing armor addon/model links
0x2430~Devious Devices - Expansion.esm,Devious Devices - Expansion.esm,zadx_BoxBinderOutfit_White_Rendered,,missing display name
0x247F4~Devious Devices - Expansion.esm,Devious Devices - Expansion.esm,zadx_HobbleDressLatexRelaxedInventory,Black Ebonite Hobble Dress,missing armor addon/model links
0x247F5~Devious Devices - Expansion.esm,Devious Devices - Expansion.esm,zadx_HobbleDressLatexRelaxedRendered,,missing display name
0x24B0~Devious Devices - Expansion.esm,Devious Devices - Expansion.esm,zad_woodenyokeInventory,Wooden Yoke,missing armor addon/model links
0x2581D~Devious Devices - Expansion.esm,Devious Devices - Expansion.esm,zadx_HobbleDressLatexRedRelaxedInventory,Red Ebonite Hobble Dress,missing armor addon/model links
0x2581E~Devious Devices - Expansion.esm,Devious Devices - Expansion.esm,zadx_HobbleDressLatexRedRelaxedRendered,,missing display name
0x2581F~Devious Devices - Expansion.esm,Devious Devices - Expansion.esm,zadx_HobbleDressLatexWhiteRelaxedInventory,White Ebonite Hobble Dress,missing armor addon/model links
0x25820~Devious Devices - Expansion.esm,Devious Devices - Expansion.esm,zadx_HobbleDressLatexWhiteRelaxedRendered,,missing display name
0x25827~Devious Devices - Expansion.esm,Devious Devices - Expansion.esm,zadx_HobbleDressLatexRedOpenRelaxedInventory,Red Ebonite Hobble Dress (Open),missing armor addon/model links
0x25828~Devious Devices - Expansion.esm,Devious Devices - Expansion.esm,zadx_HobbleDressLatexRedOpenRelaxedRendered,,missing display name
0x25829~Devious Devices - Expansion.esm,Devious Devices - Expansion.esm,zadx_HobbleDressLatexWhiteOpenRelaxedInventory,White Ebonite Hobble Dress (Open),missing armor addon/model links
0x2582A~Devious Devices - Expansion.esm,Devious Devices - Expansion.esm,zadx_HobbleDressLatexWhiteOpenRelaxedRendered,,missing display name
0x2582B~Devious Devices - Expansion.esm,Devious Devices - Expansion.esm,zadx_HobbleDressLatexOpenRelaxedInventory,Black Ebonite Hobble Dress (Open),missing armor addon/model links
0x2582C~Devious Devices - Expansion.esm,Devious Devices - Expansion.esm,zadx_HobbleDressLatexOpenRelaxedRendered,,missing display name
0x2582D~Devious Devices - Expansion.esm,Devious Devices - Expansion.esm,zadx_HobbleDressRelaxedInventory,Black Leather Hobble Dress,missing armor addon/model links
0x2582E~Devious Devices - Expansion.esm,Devious Devices - Expansion.esm,zadx_HobbleDressRelaxedRendered,,missing display name
0x2582F~Devious Devices - Expansion.esm,Devious Devices - Expansion.esm,zadx_HobbleDressRedInventory,Red Leather Hobble Dress (Extreme),missing armor addon/model links
0x25830~Devious Devices - Expansion.esm,Devious Devices - Expansion.esm,zadx_HobbleDressRendered,,missing display name
0x25831~Devious Devices - Expansion.esm,Devious Devices - Expansion.esm,zadx_HobbleDressWhiteInventory,White Leather Hobble Dress (Extreme),missing armor addon/model links
0x25832~Devious Devices - Expansion.esm,Devious Devices - Expansion.esm,zadx_HobbleDressWhiteRendered,,missing display name
0x25833~Devious Devices - Expansion.esm,Devious Devices - Expansion.esm,zadx_HobbleDressRedRelaxedRendered,,missing display name
0x25834~Devious Devices - Expansion.esm,Devious Devices - Expansion.esm,zadx_HobbleDressRedRelaxedInventory,Red Leather Hobble Dress,missing armor addon/model links
0x25835~Devious Devices - Expansion.esm,Devious Devices - Expansion.esm,zadx_HobbleDressWhiteRelaxedInventory,White Leather Hobble Dress,missing armor addon/model links
0x25836~Devious Devices - Expansion.esm,Devious Devices - Expansion.esm,zadx_HobbleDressWhiteRelaxedRendered,,missing display name
0x25837~Devious Devices - Expansion.esm,Devious Devices - Expansion.esm,zadx_HobbleDressRedOpenRelaxedInventory,Red Leather Hobble Dress (Open),missing armor addon/model links
0x25838~Devious Devices - Expansion.esm,Devious Devices - Expansion.esm,zadx_HobbleDressRedOpenRelaxedRendered,,missing display name
0x25839~Devious Devices - Expansion.esm,Devious Devices - Expansion.esm,zadx_HobbleDressWhiteOpenRelaxedInventory,White Leather Hobble Dress (Open),missing armor addon/model links
0x2583A~Devious Devices - Expansion.esm,Devious Devices - Expansion.esm,zadx_HobbleDressWhiteOpenRelaxedRendered,,missing display name
0x2583B~Devious Devices - Expansion.esm,Devious Devices - Expansion.esm,zadx_HobbleDressOpenRelaxedInventory,Black Leather Hobble Dress (Open),missing armor addon/model links
0x2583C~Devious Devices - Expansion.esm,Devious Devices - Expansion.esm,zadx_HobbleDressOpenRelaxedRendered,,missing display name
0x2583D~Devious Devices - Expansion.esm,Devious Devices - Expansion.esm,zadx_HobbleDressWhiteOpenInventory,White Leather Hobble Dress (Extreme) (Open),missing armor addon/model links
0x2583E~Devious Devices - Expansion.esm,Devious Devices - Expansion.esm,zadx_HobbleDressWhiteOpenRendered,,missing display name
0x2583F~Devious Devices - Expansion.esm,Devious Devices - Expansion.esm,zadx_HobbleDressRedOpenInventory,Red Leather Hobble Dress (Extreme) (Open),missing armor addon/model links
0x25840~Devious Devices - Expansion.esm,Devious Devices - Expansion.esm,zadx_HobbleDressRedOpenRendered,,missing display name
0x25841~Devious Devices - Expansion.esm,Devious Devices - Expansion.esm,zadx_HobbleDressOpenInventory,Black Leather Hobble Dress (Extreme) (Open),missing armor addon/model links
0x25842~Devious Devices - Expansion.esm,Devious Devices - Expansion.esm,zadx_HobbleDressOpenRendered,,missing display name
0x25843~Devious Devices - Expansion.esm,Devious Devices - Expansion.esm,zadx_HobbleDressLatexRedInventory,Red Ebonite Hobble Dress (Extreme),missing armor addon/model links
0x25844~Devious Devices - Expansion.esm,Devious Devices - Expansion.esm,zadx_HobbleDressLatexRedRendered,,missing display name
0x25845~Devious Devices - Expansion.esm,Devious Devices - Expansion.esm,zadx_HobbleDressLatexWhiteInventory,White Ebonite Hobble Dress (Extreme),missing armor addon/model links
0x25846~Devious Devices - Expansion.esm,Devious Devices - Expansion.esm,zadx_HobbleDressLatexWhiteRendered,,missing display name
0x25847~Devious Devices - Expansion.esm,Devious Devices - Expansion.esm,zadx_HobbleDressLatexRedOpenInventory,Red Ebonite Hobble Dress (Extreme) (Open),missing armor addon/model links
0x25848~Devious Devices - Expansion.esm,Devious Devices - Expansion.esm,zadx_HobbleDressLatexRedOpenRendered,,missing display name
0x25849~Devious Devices - Expansion.esm,Devious Devices - Expansion.esm,zadx_HobbleDressLatexWhiteOpenInventory,White Ebonite Hobble Dress (Extreme) (Open),missing armor addon/model links
0x2584A~Devious Devices - Expansion.esm,Devious Devices - Expansion.esm,zadx_HobbleDressLatexWhiteOpenRendered,,missing display name
0x2584B~Devious Devices - Expansion.esm,Devious Devices - Expansion.esm,zadx_HobbleDressLatexOpenInventory,Black Ebonite Hobble Dress (Extreme) (Open),missing armor addon/model links
0x2584C~Devious Devices - Expansion.esm,Devious Devices - Expansion.esm,zadx_HobbleDressLatexOpenRendered,,missing display name
0x26879~Devious Devices - Expansion.esm,Devious Devices - Expansion.esm,zadx_PawBondageMittensRedLatexInventory,Red Ebonite Paw Bondage Mittens,missing armor addon/model links
0x2687A~Devious Devices - Expansion.esm,Devious Devices - Expansion.esm,zadx_PawBondageMittensRedLatexRendered,,missing display name
0x26DDD~Devious Devices - Expansion.esm,Devious Devices - Expansion.esm,zadx_PawBondageMittensWhiteLatexInventory,White Ebonite Paw Bondage Mittens,missing armor addon/model links
0x26DDE~Devious Devices - Expansion.esm,Devious Devices - Expansion.esm,zadx_PawBondageMittensWhiteLatexRendered,,missing display name
0x26DDF~Devious Devices - Expansion.esm,Devious Devices - Expansion.esm,zadx_PawBondageMittensLatexInventory,Black Ebonite Paw Bondage Mittens,missing armor addon/model links
0x26DE0~Devious Devices - Expansion.esm,Devious Devices - Expansion.esm,zadx_PawBondageMittensLatexRendered,,missing display name
0x2885~Devious Devices - Expansion.esm,Devious Devices - Expansion.esm,zadx_WTLrestrictiveCorsetChastityInventory,White Leather Restrictive Chastity Corset,missing armor addon/model links
0x2939A~Devious Devices - Expansion.esm,Devious Devices - Expansion.esm,zadx_ElegantHobbleDressInventory,Black Leather Hobble Dress (Elegant),missing armor addon/model links
0x2939B~Devious Devices - Expansion.esm,Devious Devices - Expansion.esm,zadx_ElegantHobbleDressRendered,,missing display name
0x2939C~Devious Devices - Expansion.esm,Devious Devices - Expansion.esm,zadx_ElegantHobbleDressRedInventory,Red Leather Hobble Dress (Elegant),missing armor addon/model links
0x2939D~Devious Devices - Expansion.esm,Devious Devices - Expansion.esm,zadx_ElegantHobbleDressRedRendered,,missing display name
0x2939E~Devious Devices - Expansion.esm,Devious Devices - Expansion.esm,zadx_ElegantHobbleDressWhiteInventory,White Leather Hobble Dress (Elegant),missing armor addon/model links
0x2939F~Devious Devices - Expansion.esm,Devious Devices - Expansion.esm,zadx_ElegantHobbleDressWhiteRendered,,missing display name
0x293A0~Devious Devices - Expansion.esm,Devious Devices - Expansion.esm,zadx_ElegantHobbleDressLatexInventory,Black Ebonite Hobble Dress (Elegant),missing armor addon/model links
0x293A1~Devious Devices - Expansion.esm,Devious Devices - Expansion.esm,zadx_ElegantHobbleDressLatexRendered,,missing display name
0x293A2~Devious Devices - Expansion.esm,Devious Devices - Expansion.esm,zadx_ElegantHobbleDressLatexRedInventory,Red Ebonite Hobble Dress (Elegant),missing armor addon/model links
0x293A3~Devious Devices - Expansion.esm,Devious Devices - Expansion.esm,zadx_ElegantHobbleDressLatexRedRendered,,missing display name
0x293A4~Devious Devices - Expansion.esm,Devious Devices - Expansion.esm,zadx_ElegantHobbleDressLatexWhiteInventory,White Ebonite Hobble Dress (Elegant),missing armor addon/model links
0x293A5~Devious Devices - Expansion.esm,Devious Devices - Expansion.esm,zadx_ElegantHobbleDressLatexWhiteRendered,,missing display name
0x2C41A~Devious Devices - Expansion.esm,Devious Devices - Expansion.esm,zadx_StraitJacketLeatherLegsBlackRendered,,missing display name
0x2D45B~Devious Devices - Expansion.esm,Devious Devices - Expansion.esm,zadx_StraitJacketLeatherLegsRedRendered,,missing display name
0x2D45D~Devious Devices - Expansion.esm,Devious Devices - Expansion.esm,zadx_StraitJacketLeatherLegsWhiteRendered,,missing display name
0x2D45F~Devious Devices - Expansion.esm,Devious Devices - Expansion.esm,zadx_StraitJacketLatexLegsBlackRendered,,missing display name
0x2D461~Devious Devices - Expansion.esm,Devious Devices - Expansion.esm,zadx_StraitJacketLatexLegsRedRendered,,missing display name
0x2D9C5~Devious Devices - Expansion.esm,Devious Devices - Expansion.esm,zadx_StraitJacketLatexLegsWhiteRendered,,missing display name
0x2D9CC~Devious Devices - Expansion.esm,Devious Devices - Expansion.esm,zadx_StraitJacketLatexBlackInventory,Black Ebonite Straitjacket,missing armor addon/model links
0x2D9CD~Devious Devices - Expansion.esm,Devious Devices - Expansion.esm,zadx_StraitJacketLatexBlackRendered,,missing display name
0x2D9CF~Devious Devices - Expansion.esm,Devious Devices - Expansion.esm,zadx_StraitJacketLatexRedRendered,,missing display name
0x2D9D1~Devious Devices - Expansion.esm,Devious Devices - Expansion.esm,zadx_StraitJacketLatexWhiteRendered,,missing display name
0x2D9D3~Devious Devices - Expansion.esm,Devious Devices - Expansion.esm,zadx_StraitJacketLeatherBlackRendered,,missing display name
0x2D9D5~Devious Devices - Expansion.esm,Devious Devices - Expansion.esm,zadx_StraitJacketLeatherRedRendered,,missing display name
0x2D9D7~Devious Devices - Expansion.esm,Devious Devices - Expansion.esm,zadx_StraitJacketLeatherWhiteRendered,,missing display name
0x2D9DF~Devious Devices - Expansion.esm,Devious Devices - Expansion.esm,zadx_StraitJacketLeatherToplessBlackRendered,,missing display name
0x2D9E1~Devious Devices - Expansion.esm,Devious Devices - Expansion.esm,zadx_StraitJacketLeatherToplessRedRendered,,missing display name
0x2D9E3~Devious Devices - Expansion.esm,Devious Devices - Expansion.esm,zadx_StraitJacketLeatherToplessWhiteRendered,,missing display name
0x2D9E5~Devious Devices - Expansion.esm,Devious Devices - Expansion.esm,zadx_StraitJacketLatexToplessBlackRendered,,missing display name
0x2D9E7~Devious Devices - Expansion.esm,Devious Devices - Expansion.esm,zadx_StraitJacketLatexToplessRedRendered,,missing display name
0x2D9E9~Devious Devices - Expansion.esm,Devious Devices - Expansion.esm,zadx_StraitJacketLatexToplessWhiteRendered,,missing display name
0x2D9F1~Devious Devices - Expansion.esm,Devious Devices - Expansion.esm,zadx_StraitJacketLatexLegsToplessBlackRendered,,missing display name
0x2D9F3~Devious Devices - Expansion.esm,Devious Devices - Expansion.esm,zadx_StraitJacketLatexLegsToplessRedRendered,,missing display name
0x2D9F5~Devious Devices - Expansion.esm,Devious Devices - Expansion.esm,zadx_StraitJacketLatexLegsToplessWhiteRendered,,missing display name
0x2D9F7~Devious Devices - Expansion.esm,Devious Devices - Expansion.esm,zadx_StraitJacketLeatherLegsToplessBlackRendered,,missing display name
0x2D9F9~Devious Devices - Expansion.esm,Devious Devices - Expansion.esm,zadx_StraitJacketLeatherLegsToplessRedRendered,,missing display name
0x2D9FB~Devious Devices - Expansion.esm,Devious Devices - Expansion.esm,zadx_StraitJacketLeatherLegsToplessWhiteRendered,,missing display name
0x2DC8~Devious Devices - Expansion.esm,Devious Devices - Expansion.esm,zadx_bootsUnlocked_scriptInstance,,missing display name
0x2E4D4~Devious Devices - Expansion.esm,Devious Devices - Expansion.esm,zadx_HR_IronCollarChain01Rendered,,missing display name
0x2E4D5~Devious Devices - Expansion.esm,Devious Devices - Expansion.esm,zadx_HR_IronCollarChain01x2Rendered,,missing display name
0x2E4D6~Devious Devices - Expansion.esm,Devious Devices - Expansion.esm,zadx_HR_IronCollarChain01x3Rendered,,missing display name
0x2E4D7~Devious Devices - Expansion.esm,Devious Devices - Expansion.esm,zadx_HR_IronCollarChain01x4Rendered,,missing display name
0x2E4D8~Devious Devices - Expansion.esm,Devious Devices - Expansion.esm,zadx_HR_RustyIronCollarChain01Rendered,,missing display name
0x2E4D9~Devious Devices - Expansion.esm,Devious Devices - Expansion.esm,zadx_HR_RustyIronCollarChain01x2Rendered,,missing display name
0x2E4DA~Devious Devices - Expansion.esm,Devious Devices - Expansion.esm,zadx_HR_RustyIronCollarChain01x3Rendered,,missing display name
0x2E4DB~Devious Devices - Expansion.esm,Devious Devices - Expansion.esm,zadx_HR_RustyIronCollarChain01x4Rendered,,missing display name
0x2E4DC~Devious Devices - Expansion.esm,Devious Devices - Expansion.esm,zadx_HR_IronCollarChain01Inventory,Iron Collar (Short Chain),missing armor addon/model links
0x2E4DD~Devious Devices - Expansion.esm,Devious Devices - Expansion.esm,zadx_HR_IronCollarChain01x2Inventory,Iron Collar (Medium Chain),missing armor addon/model links
0x2E4DE~Devious Devices - Expansion.esm,Devious Devices - Expansion.esm,zadx_HR_IronCollarChain01x3Inventory,Iron Collar (Lengthy Chain),missing armor addon/model links
0x2E4DF~Devious Devices - Expansion.esm,Devious Devices - Expansion.esm,zadx_HR_IronCollarChain01x4Inventory,Iron Collar (Long Chain),missing armor addon/model links
0x2E4E0~Devious Devices - Expansion.esm,Devious Devices - Expansion.esm,zadx_HR_RustyIronCollarChain01Inventory,Rusty Iron Collar (Short Chain),missing armor addon/model links
0x2E4E1~Devious Devices - Expansion.esm,Devious Devices - Expansion.esm,zadx_HR_RustyIronCollarChain01x2Inventory,Rusty Iron Collar (Medium Chain),missing armor addon/model links
0x2E4E2~Devious Devices - Expansion.esm,Devious Devices - Expansion.esm,zadx_HR_RustyIronCollarChain01x3Inventory,Rusty Iron Collar (Lengthy Chain),missing armor addon/model links
0x2E4E3~Devious Devices - Expansion.esm,Devious Devices - Expansion.esm,zadx_HR_RustyIronCollarChain01x4Inventory,Rusty Iron Collar (Long Chain),missing armor addon/model links
0x2EA46~Devious Devices - Expansion.esm,Devious Devices - Expansion.esm,zadx_HR_PlugPonyTail01Rendered,,missing display name
0x2EA47~Devious Devices - Expansion.esm,Devious Devices - Expansion.esm,zadx_HR_PlugPonyTail01Inventory,"Plug (Tail) (""Eostre"")",missing armor addon/model links
0x2EA48~Devious Devices - Expansion.esm,Devious Devices - Expansion.esm,zadx_HR_PlugPonyTail02Rendered,,missing display name
0x2EA49~Devious Devices - Expansion.esm,Devious Devices - Expansion.esm,zadx_HR_PlugPonyTail02BowRendered,,missing display name
0x2EA4A~Devious Devices - Expansion.esm,Devious Devices - Expansion.esm,zadx_HR_PlugPonyTail03Rendered,,missing display name
0x2EA4B~Devious Devices - Expansion.esm,Devious Devices - Expansion.esm,zadx_HR_PlugPonyTail02Inventory,"Plug (Tail) (""Vör"")",missing armor addon/model links
0x2EA4C~Devious Devices - Expansion.esm,Devious Devices - Expansion.esm,zadx_HR_PlugPonyTail02BowInventory,"Plug (Tail) (""Vör"" Bow)",missing armor addon/model links
0x2EA4D~Devious Devices - Expansion.esm,Devious Devices - Expansion.esm,zadx_HR_PlugPonyTail03Inventory,"Plug (Tail) (""Gefjun"")",missing armor addon/model links
0x2F516~Devious Devices - Expansion.esm,Devious Devices - Expansion.esm,zadx_ZaZ_IronChainShacklesRendered,,missing display name
0x2F517~Devious Devices - Expansion.esm,Devious Devices - Expansion.esm,zadx_ZaZ_IronChainShacklesInventory,Iron Fetters (Chain),missing armor addon/model links
0x2F51B~Devious Devices - Expansion.esm,Devious Devices - Expansion.esm,zadx_ZaZ_RustyIronChainShacklesRendered,,missing display name
0x2F51C~Devious Devices - Expansion.esm,Devious Devices - Expansion.esm,zadx_ZaZ_RustyIronChainShacklesInventory,Rusty Iron Fetters (Chain),missing armor addon/model links
0x2F51D~Devious Devices - Expansion.esm,Devious Devices - Expansion.esm,zadx_HR_BallChain01Rendered,,missing display name
0x2F51E~Devious Devices - Expansion.esm,Devious Devices - Expansion.esm,zadx_HR_BallChain01Inventory,Iron Fetters (Ball & Chain),missing armor addon/model links
0x2FA82~Devious Devices - Expansion.esm,Devious Devices - Expansion.esm,zadx_HR_BallChain02Rendered,,missing display name
0x2FA83~Devious Devices - Expansion.esm,Devious Devices - Expansion.esm,zadx_HR_BallChain02Inventory,Iron Fetters (Ball & Chain) (Long),missing armor addon/model links
0x2FA85~Devious Devices - Expansion.esm,Devious Devices - Expansion.esm,zadx_HR_RustyBallChain01Rendered,,missing display name
0x2FA87~Devious Devices - Expansion.esm,Devious Devices - Expansion.esm,zadx_HR_RustyBallChain01Inventory,Rusty Iron Fetters (Ball & Chain),missing armor addon/model links
0x2FA88~Devious Devices - Expansion.esm,Devious Devices - Expansion.esm,zadx_HR_RustyBallChain02Rendered,,missing display name
0x2FA89~Devious Devices - Expansion.esm,Devious Devices - Expansion.esm,zadx_HR_RustyBallChain02Inventory,Rusty Iron Fetters (Ball & Chain) (Long),missing armor addon/model links
0x2FA8A~Devious Devices - Expansion.esm,Devious Devices - Expansion.esm,zadx_HR_PrisonerChains01Rendered,,missing display name
0x2FA8B~Devious Devices - Expansion.esm,Devious Devices - Expansion.esm,zadx_HR_PrisonerChains01Inventory,Iron Prisoner Chains,missing armor addon/model links
0x2FA8D~Devious Devices - Expansion.esm,Devious Devices - Expansion.esm,zadx_HR_RustyPrisonerChains01Rendered,,missing display name
0x2FA8F~Devious Devices - Expansion.esm,Devious Devices - Expansion.esm,zadx_HR_RustyPrisonerChains01Inventory,Rusty Iron Prisoner Chains,missing armor addon/model links
0x31018~Devious Devices - Expansion.esm,Devious Devices - Expansion.esm,zadx_ElbowbinderRendered,,missing display name
0x31019~Devious Devices - Expansion.esm,Devious Devices - Expansion.esm,zadx_ElbowbinderInventory,Black Leather Elbowbinder,missing armor addon/model links
0x37C17~Devious Devices - Expansion.esm,Devious Devices - Expansion.esm,zadx_HR_IronCuffsFrontInventory,Iron Handcuffs,missing armor addon/model links
0x37C18~Devious Devices - Expansion.esm,Devious Devices - Expansion.esm,zadx_HR_IronCuffsFrontRendered,,missing display name
0x3817C~Devious Devices - Expansion.esm,Devious Devices - Expansion.esm,zadx_HR_RustyIronCuffsFrontRendered,,missing display name
0x3817D~Devious Devices - Expansion.esm,Devious Devices - Expansion.esm,zadx_HR_RustyIronCuffsFrontInventory,Rusty Iron Handcuffs,missing armor addon/model links
0x39C68~Devious Devices - Expansion.esm,Devious Devices - Expansion.esm,zadx_StraitJacketLatexLegsBlackInventory,Black Ebonite Straitjacket (Legbinder),missing armor addon/model links
0x39C69~Devious Devices - Expansion.esm,Devious Devices - Expansion.esm,zadx_StraitJacketLatexLegsRedInventory,Red Ebonite Straitjacket (Legbinder),missing armor addon/model links
0x39C6A~Devious Devices - Expansion.esm,Devious Devices - Expansion.esm,zadx_StraitJacketLatexLegsToplessBlackInventory,"Black Ebonite Straitjacket (Open, Legbinder)",missing armor addon/model links
0x39C6B~Devious Devices - Expansion.esm,Devious Devices - Expansion.esm,zadx_StraitJacketLatexLegsToplessRedInventory,"Red Ebonite Straitjacket (Open, Legbinder)",missing armor addon/model links
0x39C6C~Devious Devices - Expansion.esm,Devious Devices - Expansion.esm,zadx_StraitJacketLatexLegsToplessWhiteInventory,"White Ebonite Straitjacket (Open, Legbinder)",missing armor addon/model links
0x39C6D~Devious Devices - Expansion.esm,Devious Devices - Expansion.esm,zadx_StraitJacketLatexLegsWhiteInventory,White Ebonite Straitjacket (Legbinder),missing armor addon/model links
0x39C6E~Devious Devices - Expansion.esm,Devious Devices - Expansion.esm,zadx_StraitJacketLatexRedInventory,Red Ebonite Straitjacket,missing armor addon/model links
0x39C6F~Devious Devices - Expansion.esm,Devious Devices - Expansion.esm,zadx_StraitJacketLatexToplessBlackInventory,Black Ebonite Straitjacket (Open),missing armor addon/model links
0x39C70~Devious Devices - Expansion.esm,Devious Devices - Expansion.esm,zadx_StraitJacketLatexToplessRedInventory,Red Ebonite Straitjacket (Topless),missing armor addon/model links
0x39C71~Devious Devices - Expansion.esm,Devious Devices - Expansion.esm,zadx_StraitJacketLatexToplessWhiteInventory,White Ebonite Straitjacket (Topless),missing armor addon/model links
0x39C72~Devious Devices - Expansion.esm,Devious Devices - Expansion.esm,zadx_StraitJacketLatexWhiteInventory,White Ebonite Straitjacket,missing armor addon/model links
0x39C73~Devious Devices - Expansion.esm,Devious Devices - Expansion.esm,zadx_StraitJacketLeatherBlackInventory,Black Leather Straitjacket,missing armor addon/model links
0x39C74~Devious Devices - Expansion.esm,Devious Devices - Expansion.esm,zadx_StraitJacketLeatherLegsBlackInventory,Black Leather Straitjacket (Legbinder),missing armor addon/model links
0x39C75~Devious Devices - Expansion.esm,Devious Devices - Expansion.esm,zadx_StraitJacketLeatherLegsRedInventory,Red Leather Straitjacket (Legbinder),missing armor addon/model links
0x39C76~Devious Devices - Expansion.esm,Devious Devices - Expansion.esm,zadx_StraitJacketLeatherRedInventory,Red Leather Straitjacket,missing armor addon/model links
0x39C77~Devious Devices - Expansion.esm,Devious Devices - Expansion.esm,zadx_StraitJacketLeatherWhiteInventory,White Leather Straitjacket,missing armor addon/model links
0x39C78~Devious Devices - Expansion.esm,Devious Devices - Expansion.esm,zadx_StraitJacketLeatherLegsToplessBlackInventory,"Black Leather Straitjacket (Open, Legbinder)",missing armor addon/model links
0x39C79~Devious Devices - Expansion.esm,Devious Devices - Expansion.esm,zadx_StraitJacketLeatherLegsToplessRedInventory,"Red Leather Straitjacket (Open, Legbinder)",missing armor addon/model links
0x39C7A~Devious Devices - Expansion.esm,Devious Devices - Expansion.esm,zadx_StraitJacketLeatherLegsToplessWhiteInventory,"White Leather Straitjacket (Open, Legbinder)",missing armor addon/model links
0x39C7B~Devious Devices - Expansion.esm,Devious Devices - Expansion.esm,zadx_StraitJacketLeatherLegsWhiteInventory,White Leather Straitjacket (Legbinder),missing armor addon/model links
0x39C7C~Devious Devices - Expansion.esm,Devious Devices - Expansion.esm,zadx_StraitJacketLeatherToplessWhiteInventory,White Leather Straitjacket (Topless),missing armor addon/model links
0x39C7D~Devious Devices - Expansion.esm,Devious Devices - Expansion.esm,zadx_StraitJacketLeatherToplessRedInventory,Red Leather Straitjacket (Topless),missing armor addon/model links
0x39C7E~Devious Devices - Expansion.esm,Devious Devices - Expansion.esm,zadx_StraitJacketLeatherToplessBlackInventory,Black Leather Straitjacket (Topless),missing armor addon/model links
0x3ACA5~Devious Devices - Expansion.esm,Devious Devices - Expansion.esm,zadx_StraitJacketLatexDressBlackInventory,Black Ebonite Straitjacket Dress,missing armor addon/model links
0x3ACA6~Devious Devices - Expansion.esm,Devious Devices - Expansion.esm,zadx_StraitJacketLatexDressBlackRendered,,missing display name
0x3ACAB~Devious Devices - Expansion.esm,Devious Devices - Expansion.esm,zadx_StraitJacketLatexDressToplessBlackInventory,Black Ebonite Straitjacket Dress (Topless),missing armor addon/model links
0x3ACAC~Devious Devices - Expansion.esm,Devious Devices - Expansion.esm,zadx_StraitJacketLatexDressToplessBlackRendered,,missing display name
0x3B219~Devious Devices - Expansion.esm,Devious Devices - Expansion.esm,zadx_dud_Pony_BitGag_Simple_Ebonite_BlackInventory,Black Ebonite Gag (Pony),missing armor addon/model links
0x3B21A~Devious Devices - Expansion.esm,Devious Devices - Expansion.esm,zadx_dud_Pony_BitGag_Simple_Ebonite_BlackRendered,,missing display name
0x3B21B~Devious Devices - Expansion.esm,Devious Devices - Expansion.esm,zadx_dud_Pony_BitGag_Simple_Leather_BlackInventory,Black Leather Gag (Pony),missing armor addon/model links
0x3B21C~Devious Devices - Expansion.esm,Devious Devices - Expansion.esm,zadx_dud_Pony_BitGag_Simple_Leather_BlackRendered,,missing display name
0x3B21D~Devious Devices - Expansion.esm,Devious Devices - Expansion.esm,zadx_dud_Pony_BitGag_Chin_Ebonite_BlackInventory,Black Ebonite Gag (Pony) (Strap),missing armor addon/model links
0x3B21E~Devious Devices - Expansion.esm,Devious Devices - Expansion.esm,zadx_dud_Pony_BitGag_Chin_Ebonite_BlackRendered,,missing display name
0x3B21F~Devious Devices - Expansion.esm,Devious Devices - Expansion.esm,zadx_dud_Pony_BitGag_Chin_Leather_BlackInventory,Black Leather Gag (Pony) (Strap),missing armor addon/model links
0x3B220~Devious Devices - Expansion.esm,Devious Devices - Expansion.esm,zadx_dud_Pony_BitGag_Chin_Leather_BlackRendered,,missing display name
0x3B221~Devious Devices - Expansion.esm,Devious Devices - Expansion.esm,zadx_dud_Pony_Harness_Ears_Ebonite_BlackInventory,Black Ebonite Gag (Pony) (Ears),missing armor addon/model links
0x3B222~Devious Devices - Expansion.esm,Devious Devices - Expansion.esm,zadx_dud_Pony_Harness_Ears_Ebonite_BlackRendered,,missing display name
0x3B223~Devious Devices - Expansion.esm,Devious Devices - Expansion.esm,zadx_dud_Pony_Harness_Ears_Leather_BlackInventory,Black Leather Gag (Pony) (Ears),missing armor addon/model links
0x3B224~Devious Devices - Expansion.esm,Devious Devices - Expansion.esm,zadx_dud_Pony_Harness_Ears_Leather_BlackRendered,,missing display name
0x3B225~Devious Devices - Expansion.esm,Devious Devices - Expansion.esm,zadx_dud_Pony_Harness_Blinders_Ebonite_BlackInventory,Black Ebonite Gag (Pony) (Blinders),missing armor addon/model links
0x3B226~Devious Devices - Expansion.esm,Devious Devices - Expansion.esm,zadx_dud_Pony_Harness_Blinders_Ebonite_BlackRendered,,missing display name
0x3B227~Devious Devices - Expansion.esm,Devious Devices - Expansion.esm,zadx_dud_Pony_Harness_Blinders_Leather_BlackInventory,Black Leather Gag (Pony) (Blinders),missing armor addon/model links
0x3B228~Devious Devices - Expansion.esm,Devious Devices - Expansion.esm,zadx_dud_Pony_Harness_Blinders_Leather_BlackRendered,,missing display name
0x3B229~Devious Devices - Expansion.esm,Devious Devices - Expansion.esm,zadx_dud_Pony_Harness_Secure_Ebonite_BlackInventory,Black Ebonite Gag (Pony) (Harness),missing armor addon/model links
0x3B22A~Devious Devices - Expansion.esm,Devious Devices - Expansion.esm,zadx_dud_Pony_Harness_Secure_Ebonite_BlackRendered,,missing display name
0x3B22B~Devious Devices - Expansion.esm,Devious Devices - Expansion.esm,zadx_dud_Pony_Harness_Secure_Leather_BlackInventory,Black Leather Gag (Pony) (Harness),missing armor addon/model links
0x3B22C~Devious Devices - Expansion.esm,Devious Devices - Expansion.esm,zadx_dud_Pony_Harness_Secure_Leather_BlackRendered,,missing display name
0x3BCF7~Devious Devices - Expansion.esm,Devious Devices - Expansion.esm,zadx_dud_Pony_BitGag_Simple_Red_Ebonite_Inventory,Red Ebonite Gag (Pony),missing armor addon/model links
0x3BCF8~Devious Devices - Expansion.esm,Devious Devices - Expansion.esm,zadx_dud_Pony_BitGag_Simple_Red_Ebonite_Rendered,,missing display name
0x3BCF9~Devious Devices - Expansion.esm,Devious Devices - Expansion.esm,zadx_dud_Pony_BitGag_Simple_Red_Leather_Inventory,Red Leather Gag (Pony),missing armor addon/model links
0x3BCFA~Devious Devices - Expansion.esm,Devious Devices - Expansion.esm,zadx_dud_Pony_BitGag_Simple_Red_Leather_Rendered,,missing display name
0x3BCFB~Devious Devices - Expansion.esm,Devious Devices - Expansion.esm,zadx_dud_Pony_BitGag_Simple_White_Ebonite_Inventory,White Ebonite Gag (Pony),missing armor addon/model links
0x3BCFC~Devious Devices - Expansion.esm,Devious Devices - Expansion.esm,zadx_dud_Pony_BitGag_Simple_White_Ebonite_Rendered,,missing display name
0x3BCFD~Devious Devices - Expansion.esm,Devious Devices - Expansion.esm,zadx_dud_Pony_BitGag_Simple_White_Leather_Inventory,White Leather Gag (Pony),missing armor addon/model links
0x3BCFE~Devious Devices - Expansion.esm,Devious Devices - Expansion.esm,zadx_dud_Pony_BitGag_Simple_White_Leather_Rendered,,missing display name
0x3BCFF~Devious Devices - Expansion.esm,Devious Devices - Expansion.esm,zadx_dud_Pony_BitGag_Chin_Red_Ebonite_Inventory,Red Ebonite Gag (Pony) (Strap),missing armor addon/model links
0x3BD00~Devious Devices - Expansion.esm,Devious Devices - Expansion.esm,zadx_dud_Pony_BitGag_Chin_Red_Ebonite_Rendered,,missing display name
0x3BD01~Devious Devices - Expansion.esm,Devious Devices - Expansion.esm,zadx_dud_Pony_BitGag_Chin_Red_Leather_Inventory,Red Leather Gag (Pony) (Strap),missing armor addon/model links
0x3BD02~Devious Devices - Expansion.esm,Devious Devices - Expansion.esm,zadx_dud_Pony_BitGag_Chin_Red_Leather_Rendered,,missing display name
0x3BD03~Devious Devices - Expansion.esm,Devious Devices - Expansion.esm,zadx_dud_Pony_BitGag_Chin_White_Ebonite_Inventory,White Ebonite Gag (Pony) (Strap),missing armor addon/model links
0x3BD04~Devious Devices - Expansion.esm,Devious Devices - Expansion.esm,zadx_dud_Pony_BitGag_Chin_White_Ebonite_Rendered,,missing display name
0x3BD05~Devious Devices - Expansion.esm,Devious Devices - Expansion.esm,zadx_dud_Pony_BitGag_Chin_White_Leather_Inventory,White Leather Gag (Pony) (Strap),missing armor addon/model links
0x3BD06~Devious Devices - Expansion.esm,Devious Devices - Expansion.esm,zadx_dud_Pony_BitGag_Chin_White_Leather_Rendered,,missing display name
0x3BD07~Devious Devices - Expansion.esm,Devious Devices - Expansion.esm,zadx_dud_Pony_Harness_Ears_Red_Ebonite_Inventory,Red Ebonite Gag (Pony) (Ears),missing armor addon/model links
0x3BD08~Devious Devices - Expansion.esm,Devious Devices - Expansion.esm,zadx_dud_Pony_Harness_Ears_Red_Ebonite_Rendered,,missing display name
0x3BD09~Devious Devices - Expansion.esm,Devious Devices - Expansion.esm,zadx_dud_Pony_Harness_Ears_Red_Leather_Inventory,Red Leather Gag (Pony) (Ears),missing armor addon/model links
0x3BD0A~Devious Devices - Expansion.esm,Devious Devices - Expansion.esm,zadx_dud_Pony_Harness_Ears_Red_Leather_Rendered,,missing display name
0x3BD0B~Devious Devices - Expansion.esm,Devious Devices - Expansion.esm,zadx_dud_Pony_Harness_Ears_White_Ebonite_Inventory,White Ebonite Gag (Pony) (Ears),missing armor addon/model links
0x3BD0C~Devious Devices - Expansion.esm,Devious Devices - Expansion.esm,zadx_dud_Pony_Harness_Ears_White_Ebonite_Rendered,,missing display name
0x3BD0D~Devious Devices - Expansion.esm,Devious Devices - Expansion.esm,zadx_dud_Pony_Harness_Ears_White_Leather_Inventory,White Leather Gag (Pony) (Ears),missing armor addon/model links
0x3BD0E~Devious Devices - Expansion.esm,Devious Devices - Expansion.esm,zadx_dud_Pony_Harness_Ears_White_Leather_Rendered,,missing display name
0x3BD0F~Devious Devices - Expansion.esm,Devious Devices - Expansion.esm,zadx_dud_Pony_Harness_Blinders_Red_Ebonite_Inventory,Red Ebonite Gag (Pony) (Blinders),missing armor addon/model links
0x3BD10~Devious Devices - Expansion.esm,Devious Devices - Expansion.esm,zadx_dud_Pony_Harness_Blinders_Red_Ebonite_Rendered,,missing display name
0x3BD11~Devious Devices - Expansion.esm,Devious Devices - Expansion.esm,zadx_dud_Pony_Harness_Blinders_Red_Leather_Inventory,Red Leather Gag (Pony) (Blinders),missing armor addon/model links
0x3BD12~Devious Devices - Expansion.esm,Devious Devices - Expansion.esm,zadx_dud_Pony_Harness_Blinders_Red_Leather_Rendered,,missing display name
0x3BD13~Devious Devices - Expansion.esm,Devious Devices - Expansion.esm,zadx_dud_Pony_Harness_Blinders_White_Ebonite_Inventory,White Ebonite Gag (Pony) (Blinders),missing armor addon/model links
0x3BD14~Devious Devices - Expansion.esm,Devious Devices - Expansion.esm,zadx_dud_Pony_Harness_Blinders_White_Ebonite_Rendered,,missing display name
0x3BD15~Devious Devices - Expansion.esm,Devious Devices - Expansion.esm,zadx_dud_Pony_Harness_Blinders_White_Leather_Inventory,White Leather Gag (Pony) (Blinders),missing armor addon/model links
0x3BD16~Devious Devices - Expansion.esm,Devious Devices - Expansion.esm,zadx_dud_Pony_Harness_Blinders_White_Leather_Rendered,,missing display name
0x3BD17~Devious Devices - Expansion.esm,Devious Devices - Expansion.esm,zadx_dud_Pony_Harness_Secure_Red_Ebonite_Inventory,Red Ebonite Gag (Pony) (Harness),missing armor addon/model links
0x3BD18~Devious Devices - Expansion.esm,Devious Devices - Expansion.esm,zadx_dud_Pony_Harness_Secure_Red_Ebonite_Rendered,,missing display name
0x3BD19~Devious Devices - Expansion.esm,Devious Devices - Expansion.esm,zadx_dud_Pony_Harness_Secure_Red_Leather_Inventory,Red Leather Gag (Pony) (Harness),missing armor addon/model links
0x3BD1A~Devious Devices - Expansion.esm,Devious Devices - Expansion.esm,zadx_dud_Pony_Harness_Secure_Red_Leather_Rendered,,missing display name
0x3BD1B~Devious Devices - Expansion.esm,Devious Devices - Expansion.esm,zadx_dud_Pony_Harness_Secure_White_Ebonite_Inventory,White Ebonite Gag (Pony) (Harness),missing armor addon/model links
0x3BD1C~Devious Devices - Expansion.esm,Devious Devices - Expansion.esm,zadx_dud_Pony_Harness_Secure_White_Ebonite_Rendered,,missing display name
0x3BD1D~Devious Devices - Expansion.esm,Devious Devices - Expansion.esm,zadx_dud_Pony_Harness_Secure_White_Leather_Inventory,White Leather Gag (Pony) (Harness),missing armor addon/model links
0x3BD1E~Devious Devices - Expansion.esm,Devious Devices - Expansion.esm,zadx_dud_Pony_Harness_Secure_White_Leather_Rendered,,missing display name
0x3C7FA~Devious Devices - Expansion.esm,Devious Devices - Expansion.esm,zadx_HR_BBYokeRendered,,missing display name
0x3C7FB~Devious Devices - Expansion.esm,Devious Devices - Expansion.esm,zadx_HR_BBYokeInventory,Iron Breast Yoke,missing armor addon/model links
0x3D2C4~Devious Devices - Expansion.esm,Devious Devices - Expansion.esm,zadx_catsuit_black_Inventory,Black Ebonite Catsuit,missing armor addon/model links
0x3D2C5~Devious Devices - Expansion.esm,Devious Devices - Expansion.esm,zadx_catsuit_black_Rendered,,missing display name
0x3D2C6~Devious Devices - Expansion.esm,Devious Devices - Expansion.esm,zadx_catsuit_gloves_black_Inventory,Black Ebonite Catsuit Gloves,missing armor addon/model links
0x3D2C7~Devious Devices - Expansion.esm,Devious Devices - Expansion.esm,zadx_catsuit_gloves_black_Rendered,,missing display name
0x3D2C8~Devious Devices - Expansion.esm,Devious Devices - Expansion.esm,zadx_catsuit_boots_black_Inventory,Black Ebonite Catsuit Socks,missing armor addon/model links
0x3D2C9~Devious Devices - Expansion.esm,Devious Devices - Expansion.esm,zadx_catsuit_boots_black_Rendered,,missing display name
0x3D2CA~Devious Devices - Expansion.esm,Devious Devices - Expansion.esm,zadx_catsuit_collar_black_Inventory,Black Ebonite Catsuit Collar,missing armor addon/model links
0x3D2CB~Devious Devices - Expansion.esm,Devious Devices - Expansion.esm,zadx_catsuit_collar_black_Rendered,,missing display name
0x3D2CE~Devious Devices - Expansion.esm,Devious Devices - Expansion.esm,zadx_catsuit_gasmask_black_Inventory,Black Ebonite Gas Mask,missing armor addon/model links
0x3D2CF~Devious Devices - Expansion.esm,Devious Devices - Expansion.esm,zadx_catsuit_gasmask_black_Rendered,,missing display name
0x3D2D1~Devious Devices - Expansion.esm,Devious Devices - Expansion.esm,zadx_catsuit_longgloves_black_Inventory,Black Ebonite Catsuit Long Gloves,missing armor addon/model links
0x3D2D2~Devious Devices - Expansion.esm,Devious Devices - Expansion.esm,zadx_catsuit_longgloves_black_Rendered,,missing display name
0x3D2D4~Devious Devices - Expansion.esm,Devious Devices - Expansion.esm,zadx_catsuit_balletboots_black_Inventory,Black Ebonite Catsuit Ballet Boots,missing armor addon/model links
0x3D2D5~Devious Devices - Expansion.esm,Devious Devices - Expansion.esm,zadx_catsuit_balletboots_black_Rendered,,missing display name
0x3D2D7~Devious Devices - Expansion.esm,Devious Devices - Expansion.esm,zadx_hood_rubber_black_Inventory,Black Ebonite Hood,missing armor addon/model links
0x3D2D8~Devious Devices - Expansion.esm,Devious Devices - Expansion.esm,zadx_hood_rubber_black_Rendered,,missing display name
0x3D2DB~Devious Devices - Expansion.esm,Devious Devices - Expansion.esm,zadx_catsuit_transparent_Inventory,Transparent Catsuit,missing armor addon/model links
0x3D2DC~Devious Devices - Expansion.esm,Devious Devices - Expansion.esm,zadx_catsuit_transparent_Rendered,,missing display name
0x3D2DD~Devious Devices - Expansion.esm,Devious Devices - Expansion.esm,zadx_catsuit_boots_transparent_Inventory,Transparent Catsuit High Heels,missing armor addon/model links
0x3D2DE~Devious Devices - Expansion.esm,Devious Devices - Expansion.esm,zadx_catsuit_boots_transparent_Rendered,,missing display name
0x3D2E1~Devious Devices - Expansion.esm,Devious Devices - Expansion.esm,zadx_yoke_steel_Inventory,Steel Yoke,missing armor addon/model links
0x3D2E2~Devious Devices - Expansion.esm,Devious Devices - Expansion.esm,zadx_yoke_steel_Rendered,,missing display name
0x3D2E5~Devious Devices - Expansion.esm,Devious Devices - Expansion.esm,zadx_shackles_steel_Rendered,,missing display name
0x3D2E6~Devious Devices - Expansion.esm,Devious Devices - Expansion.esm,zadx_shackles_steel_Inventory,Steel Manacles,missing armor addon/model links
0x3D2E8~Devious Devices - Expansion.esm,Devious Devices - Expansion.esm,zadx_AnkleShackles_Black_Inventory,Black Steel Fetters (Chain),missing armor addon/model links
0x3D2E9~Devious Devices - Expansion.esm,Devious Devices - Expansion.esm,zadx_AnkleShackles_Black_Rendered,,missing display name
0x3D2EB~Devious Devices - Expansion.esm,Devious Devices - Expansion.esm,zadx_AnkleShackles_Silver_Inventory,Silver Fetters (Chain),missing armor addon/model links
0x3D2EC~Devious Devices - Expansion.esm,Devious Devices - Expansion.esm,zadx_AnkleShackles_Silver_Rendered,,missing display name
0x3D850~Devious Devices - Expansion.esm,Devious Devices - Expansion.esm,zadx_hood_leather_black_Inventory,Black Leather Hood,missing armor addon/model links
0x3D851~Devious Devices - Expansion.esm,Devious Devices - Expansion.esm,zadx_hood_leather_black_Rendered,,missing display name
0x3D855~Devious Devices - Expansion.esm,Devious Devices - Expansion.esm,zadx_hood_rubber_openeyes_black_Inventory,Black Ebonite Mask (Open Eyes),missing armor addon/model links
0x3D856~Devious Devices - Expansion.esm,Devious Devices - Expansion.esm,zadx_hood_rubber_openeyes_black_Rendered,,missing display name
0x3D857~Devious Devices - Expansion.esm,Devious Devices - Expansion.esm,zadx_hood_rubber_openface_black_Inventory,Black Ebonite Mask (Open Face),missing armor addon/model links
0x3D858~Devious Devices - Expansion.esm,Devious Devices - Expansion.esm,zadx_hood_rubber_openface_black_Rendered,,missing display name
0x3D859~Devious Devices - Expansion.esm,Devious Devices - Expansion.esm,zadx_hood_rubber_openeyesmouth_black_Inventory,Black Ebonite Mask (Open),missing armor addon/model links
0x3D85A~Devious Devices - Expansion.esm,Devious Devices - Expansion.esm,zadx_hood_rubber_openeyesmouth_black_Rendered,,missing display name
0x3D8E6~Devious Devices - Expansion.esm,Devious Devices - Expansion.esm,zadx_catsuit_blue_Inventory,Blue Ebonite Catsuit,missing armor addon/model links
0x3D8E7~Devious Devices - Expansion.esm,Devious Devices - Expansion.esm,zadx_catsuit_blue_Rendered,,missing display name
0x3D8E8~Devious Devices - Expansion.esm,Devious Devices - Expansion.esm,zadx_catsuit_cyan_Inventory,Cyan Ebonite Catsuit,missing armor addon/model links
0x3D8E9~Devious Devices - Expansion.esm,Devious Devices - Expansion.esm,zadx_catsuit_cyan_Rendered,,missing display name
0x3D8EA~Devious Devices - Expansion.esm,Devious Devices - Expansion.esm,zadx_catsuit_dgreen_Inventory,Dark Green Ebonite Catsuit,missing armor addon/model links
0x3D8EB~Devious Devices - Expansion.esm,Devious Devices - Expansion.esm,zadx_catsuit_dgreen_Rendered,,missing display name
0x3D8EC~Devious Devices - Expansion.esm,Devious Devices - Expansion.esm,zadx_catsuit_dgrey_Inventory,Dark Grey Ebonite Catsuit,missing armor addon/model links
0x3D8ED~Devious Devices - Expansion.esm,Devious Devices - Expansion.esm,zadx_catsuit_dgrey_Rendered,,missing display name
0x3D8EE~Devious Devices - Expansion.esm,Devious Devices - Expansion.esm,zadx_catsuit_dred_Inventory,Dark Red Ebonite Catsuit,missing armor addon/model links
0x3D8EF~Devious Devices - Expansion.esm,Devious Devices - Expansion.esm,zadx_catsuit_dred_Rendered,,missing display name
0x3D8F0~Devious Devices - Expansion.esm,Devious Devices - Expansion.esm,zadx_catsuit_gold_Inventory,Golden Ebonite Catsuit,missing armor addon/model links
0x3D8F1~Devious Devices - Expansion.esm,Devious Devices - Expansion.esm,zadx_catsuit_gold_Rendered,,missing display name
0x3D8F2~Devious Devices - Expansion.esm,Devious Devices - Expansion.esm,zadx_catsuit_green_Inventory,Green Ebonite Catsuit,missing armor addon/model links
0x3D8F3~Devious Devices - Expansion.esm,Devious Devices - Expansion.esm,zadx_catsuit_green_Rendered,,missing display name
0x3D8F4~Devious Devices - Expansion.esm,Devious Devices - Expansion.esm,zadx_catsuit_lgrey_Inventory,Light Grey Ebonite Catsuit,missing armor addon/model links
0x3D8F5~Devious Devices - Expansion.esm,Devious Devices - Expansion.esm,zadx_catsuit_lgrey_Rendered,,missing display name
0x3D8F6~Devious Devices - Expansion.esm,Devious Devices - Expansion.esm,zadx_catsuit_orange_Inventory,Orange Ebonite Catsuit,missing armor addon/model links
0x3D8F7~Devious Devices - Expansion.esm,Devious Devices - Expansion.esm,zadx_catsuit_orange_Rendered,,missing display name
0x3D8F8~Devious Devices - Expansion.esm,Devious Devices - Expansion.esm,zadx_catsuit_pink_Inventory,Pink Ebonite Catsuit,missing armor addon/model links
0x3D8F9~Devious Devices - Expansion.esm,Devious Devices - Expansion.esm,zadx_catsuit_pink_Rendered,,missing display name
0x3D8FA~Devious Devices - Expansion.esm,Devious Devices - Expansion.esm,zadx_catsuit_purple_Inventory,Purple Ebonite Catsuit,missing armor addon/model links
0x3D8FB~Devious Devices - Expansion.esm,Devious Devices - Expansion.esm,zadx_catsuit_purple_Rendered,,missing display name
0x3D8FC~Devious Devices - Expansion.esm,Devious Devices - Expansion.esm,zadx_catsuit_red_Inventory,Red Ebonite Catsuit,missing armor addon/model links
0x3D8FD~Devious Devices - Expansion.esm,Devious Devices - Expansion.esm,zadx_catsuit_red_Rendered,,missing display name
0x3D8FE~Devious Devices - Expansion.esm,Devious Devices - Expansion.esm,zadx_catsuit_redwhite_Inventory,Red+White Ebonite Catsuit,missing armor addon/model links
0x3D8FF~Devious Devices - Expansion.esm,Devious Devices - Expansion.esm,zadx_catsuit_redwhite_Rendered,,missing display name
0x3D900~Devious Devices - Expansion.esm,Devious Devices - Expansion.esm,zadx_catsuit_white_Inventory,White Ebonite Catsuit,missing armor addon/model links
0x3D901~Devious Devices - Expansion.esm,Devious Devices - Expansion.esm,zadx_catsuit_white_Rendered,,missing display name
0x3D902~Devious Devices - Expansion.esm,Devious Devices - Expansion.esm,zadx_catsuit_yellow_Inventory,Yellow Ebonite Catsuit,missing armor addon/model links
0x3D903~Devious Devices - Expansion.esm,Devious Devices - Expansion.esm,zadx_catsuit_yellow_Rendered,,missing display name
0x3D904~Devious Devices - Expansion.esm,Devious Devices - Expansion.esm,zadx_catsuit_gloves_blue_Inventory,Blue Ebonite Catsuit Gloves,missing armor addon/model links
0x3D905~Devious Devices - Expansion.esm,Devious Devices - Expansion.esm,zadx_catsuit_gloves_blue_Rendered,,missing display name
0x3D906~Devious Devices - Expansion.esm,Devious Devices - Expansion.esm,zadx_catsuit_gloves_cyan_Inventory,Cyan Ebonite Catsuit Gloves,missing armor addon/model links
0x3D907~Devious Devices - Expansion.esm,Devious Devices - Expansion.esm,zadx_catsuit_gloves_cyan_Rendered,,missing display name
0x3D908~Devious Devices - Expansion.esm,Devious Devices - Expansion.esm,zadx_catsuit_gloves_dgreen_Inventory,Dark Green Ebonite Catsuit Gloves,missing armor addon/model links
0x3D909~Devious Devices - Expansion.esm,Devious Devices - Expansion.esm,zadx_catsuit_gloves_dgreen_Rendered,,missing display name
0x3D90A~Devious Devices - Expansion.esm,Devious Devices - Expansion.esm,zadx_catsuit_gloves_dgrey_Inventory,Dark Grey Ebonite Catsuit Gloves,missing armor addon/model links
0x3D90B~Devious Devices - Expansion.esm,Devious Devices - Expansion.esm,zadx_catsuit_gloves_dgrey_Rendered,,missing display name
0x3D90C~Devious Devices - Expansion.esm,Devious Devices - Expansion.esm,zadx_catsuit_gloves_dred_Inventory,Dark Red Ebonite Catsuit Gloves,missing armor addon/model links
0x3D90D~Devious Devices - Expansion.esm,Devious Devices - Expansion.esm,zadx_catsuit_gloves_dred_Rendered,,missing display name
0x3D90E~Devious Devices - Expansion.esm,Devious Devices - Expansion.esm,zadx_catsuit_gloves_gold_Inventory,Golden Ebonite Catsuit Gloves,missing armor addon/model links
0x3D90F~Devious Devices - Expansion.esm,Devious Devices - Expansion.esm,zadx_catsuit_gloves_gold_Rendered,,missing display name
0x3D910~Devious Devices - Expansion.esm,Devious Devices - Expansion.esm,zadx_catsuit_gloves_green_Inventory,Green Ebonite Catsuit Gloves,missing armor addon/model links
0x3D911~Devious Devices - Expansion.esm,Devious Devices - Expansion.esm,zadx_catsuit_gloves_green_Rendered,,missing display name
0x3D912~Devious Devices - Expansion.esm,Devious Devices - Expansion.esm,zadx_catsuit_gloves_lgrey_Inventory,Light Grey Ebonite Catsuit Gloves,missing armor addon/model links
0x3D913~Devious Devices - Expansion.esm,Devious Devices - Expansion.esm,zadx_catsuit_gloves_lgrey_Rendered,,missing display name
0x3D914~Devious Devices - Expansion.esm,Devious Devices - Expansion.esm,zadx_catsuit_gloves_orange_Inventory,Orange Ebonite Catsuit Gloves,missing armor addon/model links
0x3D915~Devious Devices - Expansion.esm,Devious Devices - Expansion.esm,zadx_catsuit_gloves_orange_Rendered,,missing display name
0x3D916~Devious Devices - Expansion.esm,Devious Devices - Expansion.esm,zadx_catsuit_gloves_pink_Inventory,Pink Ebonite Catsuit Gloves,missing armor addon/model links
0x3D917~Devious Devices - Expansion.esm,Devious Devices - Expansion.esm,zadx_catsuit_gloves_pink_Rendered,,missing display name
0x3D918~Devious Devices - Expansion.esm,Devious Devices - Expansion.esm,zadx_catsuit_gloves_purple_Inventory,Purple Ebonite Catsuit Gloves,missing armor addon/model links
0x3D919~Devious Devices - Expansion.esm,Devious Devices - Expansion.esm,zadx_catsuit_gloves_purple_Rendered,,missing display name
0x3D91A~Devious Devices - Expansion.esm,Devious Devices - Expansion.esm,zadx_catsuit_gloves_red_Inventory,Red Ebonite Catsuit Gloves,missing armor addon/model links
0x3D91B~Devious Devices - Expansion.esm,Devious Devices - Expansion.esm,zadx_catsuit_gloves_red_Rendered,,missing display name
0x3D91C~Devious Devices - Expansion.esm,Devious Devices - Expansion.esm,zadx_catsuit_gloves_redwhite_Inventory,Red+White Ebonite Catsuit Gloves,missing armor addon/model links
0x3D91D~Devious Devices - Expansion.esm,Devious Devices - Expansion.esm,zadx_catsuit_gloves_redwhite_Rendered,,missing display name
0x3D91E~Devious Devices - Expansion.esm,Devious Devices - Expansion.esm,zadx_catsuit_gloves_white_Inventory,White Ebonite Catsuit Gloves,missing armor addon/model links
0x3D91F~Devious Devices - Expansion.esm,Devious Devices - Expansion.esm,zadx_catsuit_gloves_white_Rendered,,missing display name
0x3D920~Devious Devices - Expansion.esm,Devious Devices - Expansion.esm,zadx_catsuit_gloves_yellow_Inventory,Yellow Ebonite Catsuit Gloves,missing armor addon/model links
0x3D921~Devious Devices - Expansion.esm,Devious Devices - Expansion.esm,zadx_catsuit_gloves_yellow_Rendered,,missing display name
0x3D922~Devious Devices - Expansion.esm,Devious Devices - Expansion.esm,zadx_catsuit_boots_blue_Inventory,Blue Ebonite Catsuit Socks,missing armor addon/model links
0x3D923~Devious Devices - Expansion.esm,Devious Devices - Expansion.esm,zadx_catsuit_boots_blue_Rendered,,missing display name
0x3D924~Devious Devices - Expansion.esm,Devious Devices - Expansion.esm,zadx_catsuit_boots_cyan_Inventory,Cyan Ebonite Catsuit Socks,missing armor addon/model links
0x3D925~Devious Devices - Expansion.esm,Devious Devices - Expansion.esm,zadx_catsuit_boots_cyan_Rendered,,missing display name
0x3D926~Devious Devices - Expansion.esm,Devious Devices - Expansion.esm,zadx_catsuit_boots_dgreen_Inventory,Dark Green Ebonite Catsuit Socks,missing armor addon/model links
0x3D927~Devious Devices - Expansion.esm,Devious Devices - Expansion.esm,zadx_catsuit_boots_dgreen_Rendered,,missing display name
0x3D928~Devious Devices - Expansion.esm,Devious Devices - Expansion.esm,zadx_catsuit_boots_dgrey_Inventory,Dark Grey Ebonite Catsuit Socks,missing armor addon/model links
0x3D929~Devious Devices - Expansion.esm,Devious Devices - Expansion.esm,zadx_catsuit_boots_dgrey_Rendered,,missing display name
0x3D92A~Devious Devices - Expansion.esm,Devious Devices - Expansion.esm,zadx_catsuit_boots_dred_Inventory,Dark Red Ebonite Catsuit Socks,missing armor addon/model links
0x3D92B~Devious Devices - Expansion.esm,Devious Devices - Expansion.esm,zadx_catsuit_boots_dred_Rendered,,missing display name
0x3D92C~Devious Devices - Expansion.esm,Devious Devices - Expansion.esm,zadx_catsuit_boots_gold_Inventory,Golden Ebonite Catsuit Socks,missing armor addon/model links
0x3D92D~Devious Devices - Expansion.esm,Devious Devices - Expansion.esm,zadx_catsuit_boots_gold_Rendered,,missing display name
0x3D92E~Devious Devices - Expansion.esm,Devious Devices - Expansion.esm,zadx_catsuit_boots_green_Inventory,Green Ebonite Catsuit Socks,missing armor addon/model links
0x3D92F~Devious Devices - Expansion.esm,Devious Devices - Expansion.esm,zadx_catsuit_boots_green_Rendered,,missing display name
0x3D930~Devious Devices - Expansion.esm,Devious Devices - Expansion.esm,zadx_catsuit_boots_lgrey_Inventory,Light Grey Ebonite Catsuit Socks,missing armor addon/model links
0x3D931~Devious Devices - Expansion.esm,Devious Devices - Expansion.esm,zadx_catsuit_boots_lgrey_Rendered,,missing display name
0x3D932~Devious Devices - Expansion.esm,Devious Devices - Expansion.esm,zadx_catsuit_boots_orange_Inventory,Orange Ebonite Catsuit Socks,missing armor addon/model links
0x3D933~Devious Devices - Expansion.esm,Devious Devices - Expansion.esm,zadx_catsuit_boots_orange_Rendered,,missing display name
0x3D934~Devious Devices - Expansion.esm,Devious Devices - Expansion.esm,zadx_catsuit_boots_pink_Inventory,Pink Ebonite Catsuit Socks,missing armor addon/model links
0x3D935~Devious Devices - Expansion.esm,Devious Devices - Expansion.esm,zadx_catsuit_boots_pink_Rendered,,missing display name
0x3D936~Devious Devices - Expansion.esm,Devious Devices - Expansion.esm,zadx_catsuit_boots_purple_Inventory,Purple Ebonite Catsuit Socks,missing armor addon/model links
0x3D937~Devious Devices - Expansion.esm,Devious Devices - Expansion.esm,zadx_catsuit_boots_purple_Rendered,,missing display name
0x3D938~Devious Devices - Expansion.esm,Devious Devices - Expansion.esm,zadx_catsuit_boots_red_Inventory,Red Ebonite Catsuit Socks,missing armor addon/model links
0x3D939~Devious Devices - Expansion.esm,Devious Devices - Expansion.esm,zadx_catsuit_boots_red_Rendered,,missing display name
0x3D93A~Devious Devices - Expansion.esm,Devious Devices - Expansion.esm,zadx_catsuit_boots_redwhite_Inventory,Red+White Ebonite Catsuit Socks,missing armor addon/model links
0x3D93B~Devious Devices - Expansion.esm,Devious Devices - Expansion.esm,zadx_catsuit_boots_redwhite_Rendered,,missing display name
0x3D93C~Devious Devices - Expansion.esm,Devious Devices - Expansion.esm,zadx_catsuit_boots_white_Inventory,White Ebonite Catsuit Socks,missing armor addon/model links
0x3D93D~Devious Devices - Expansion.esm,Devious Devices - Expansion.esm,zadx_catsuit_boots_white_Rendered,,missing display name
0x3D93E~Devious Devices - Expansion.esm,Devious Devices - Expansion.esm,zadx_catsuit_boots_yellow_Inventory,Yellow Ebonite Catsuit Socks,missing armor addon/model links
0x3D93F~Devious Devices - Expansion.esm,Devious Devices - Expansion.esm,zadx_catsuit_boots_yellow_Rendered,,missing display name
0x3D94E~Devious Devices - Expansion.esm,Devious Devices - Expansion.esm,zadx_catsuit_collar_blue_Inventory,Blue Ebonite Catsuit Collar,missing armor addon/model links
0x3D94F~Devious Devices - Expansion.esm,Devious Devices - Expansion.esm,zadx_catsuit_collar_blue_Rendered,,missing display name
0x3D950~Devious Devices - Expansion.esm,Devious Devices - Expansion.esm,zadx_catsuit_collar_cyan_Inventory,Cyan Ebonite Catsuit Collar,missing armor addon/model links
0x3D951~Devious Devices - Expansion.esm,Devious Devices - Expansion.esm,zadx_catsuit_collar_cyan_Rendered,,missing display name
0x3D952~Devious Devices - Expansion.esm,Devious Devices - Expansion.esm,zadx_catsuit_collar_dgreen_Inventory,Dark Green Ebonite Catsuit Collar,missing armor addon/model links
0x3D953~Devious Devices - Expansion.esm,Devious Devices - Expansion.esm,zadx_catsuit_collar_dgreen_Rendered,,missing display name
0x3D954~Devious Devices - Expansion.esm,Devious Devices - Expansion.esm,zadx_catsuit_collar_dgrey_Inventory,Dark Grey Ebonite Catsuit Collar,missing armor addon/model links
0x3D955~Devious Devices - Expansion.esm,Devious Devices - Expansion.esm,zadx_catsuit_collar_dgrey_Rendered,,missing display name
0x3D956~Devious Devices - Expansion.esm,Devious Devices - Expansion.esm,zadx_catsuit_collar_dred_Inventory,Dark Red Ebonite Catsuit Collar,missing armor addon/model links
0x3D957~Devious Devices - Expansion.esm,Devious Devices - Expansion.esm,zadx_catsuit_collar_dred_Rendered,,missing display name
0x3D958~Devious Devices - Expansion.esm,Devious Devices - Expansion.esm,zadx_catsuit_collar_gold_Inventory,Golden Ebonite Catsuit Collar,missing armor addon/model links
0x3D959~Devious Devices - Expansion.esm,Devious Devices - Expansion.esm,zadx_catsuit_collar_gold_Rendered,,missing display name
0x3D95A~Devious Devices - Expansion.esm,Devious Devices - Expansion.esm,zadx_catsuit_collar_green_Inventory,Green Ebonite Catsuit Collar,missing armor addon/model links
0x3D95B~Devious Devices - Expansion.esm,Devious Devices - Expansion.esm,zadx_catsuit_collar_green_Rendered,,missing display name
0x3D95C~Devious Devices - Expansion.esm,Devious Devices - Expansion.esm,zadx_catsuit_collar_lgrey_Inventory,Light Grey Ebonite Catsuit Collar,missing armor addon/model links
0x3D95D~Devious Devices - Expansion.esm,Devious Devices - Expansion.esm,zadx_catsuit_collar_lgrey_Rendered,,missing display name
0x3D95E~Devious Devices - Expansion.esm,Devious Devices - Expansion.esm,zadx_catsuit_collar_orange_Inventory,Orange Ebonite Catsuit Collar,missing armor addon/model links
0x3D95F~Devious Devices - Expansion.esm,Devious Devices - Expansion.esm,zadx_catsuit_collar_orange_Rendered,,missing display name
0x3D960~Devious Devices - Expansion.esm,Devious Devices - Expansion.esm,zadx_catsuit_collar_pink_Inventory,Pink Ebonite Catsuit Collar,missing armor addon/model links
0x3D961~Devious Devices - Expansion.esm,Devious Devices - Expansion.esm,zadx_catsuit_collar_pink_Rendered,,missing display name
0x3D962~Devious Devices - Expansion.esm,Devious Devices - Expansion.esm,zadx_catsuit_collar_purple_Inventory,Purple Ebonite Catsuit Collar,missing armor addon/model links
0x3D963~Devious Devices - Expansion.esm,Devious Devices - Expansion.esm,zadx_catsuit_collar_purple_Rendered,,missing display name
0x3D964~Devious Devices - Expansion.esm,Devious Devices - Expansion.esm,zadx_catsuit_collar_red_Inventory,Red Ebonite Catsuit Collar,missing armor addon/model links
0x3D965~Devious Devices - Expansion.esm,Devious Devices - Expansion.esm,zadx_catsuit_collar_red_Rendered,,missing display name
0x3D966~Devious Devices - Expansion.esm,Devious Devices - Expansion.esm,zadx_catsuit_collar_white_Inventory,White Ebonite Catsuit Collar,missing armor addon/model links
0x3D967~Devious Devices - Expansion.esm,Devious Devices - Expansion.esm,zadx_catsuit_collar_white_Rendered,,missing display name
0x3D968~Devious Devices - Expansion.esm,Devious Devices - Expansion.esm,zadx_catsuit_collar_yellow_Inventory,Yellow Ebonite Catsuit Collar,missing armor addon/model links
0x3D969~Devious Devices - Expansion.esm,Devious Devices - Expansion.esm,zadx_catsuit_collar_yellow_Rendered,,missing display name
0x3D96A~Devious Devices - Expansion.esm,Devious Devices - Expansion.esm,zadx_catsuit_longgloves_blue_Inventory,Blue Ebonite Catsuit Long Gloves,missing armor addon/model links
0x3D96B~Devious Devices - Expansion.esm,Devious Devices - Expansion.esm,zadx_catsuit_longgloves_blue_Rendered,,missing display name
0x3D96C~Devious Devices - Expansion.esm,Devious Devices - Expansion.esm,zadx_catsuit_longgloves_cyan_Inventory,Cyan Ebonite Catsuit Long Gloves,missing armor addon/model links
0x3D96D~Devious Devices - Expansion.esm,Devious Devices - Expansion.esm,zadx_catsuit_longgloves_cyan_Rendered,,missing display name
0x3D96E~Devious Devices - Expansion.esm,Devious Devices - Expansion.esm,zadx_catsuit_longgloves_dgreen_Inventory,Dark Green Ebonite Catsuit Long Gloves,missing armor addon/model links
0x3D96F~Devious Devices - Expansion.esm,Devious Devices - Expansion.esm,zadx_catsuit_longgloves_dgreen_Rendered,,missing display name
0x3D970~Devious Devices - Expansion.esm,Devious Devices - Expansion.esm,zadx_catsuit_longgloves_dgrey_Inventory,Dark Grey Ebonite Catsuit Long Gloves,missing armor addon/model links
0x3D971~Devious Devices - Expansion.esm,Devious Devices - Expansion.esm,zadx_catsuit_longgloves_dgrey_Rendered,,missing display name
0x3D974~Devious Devices - Expansion.esm,Devious Devices - Expansion.esm,zadx_catsuit_longgloves_dred_Inventory,Dark Red Ebonite Catsuit Long Gloves,missing armor addon/model links
0x3D975~Devious Devices - Expansion.esm,Devious Devices - Expansion.esm,zadx_catsuit_longgloves_dred_Rendered,,missing display name
0x3D976~Devious Devices - Expansion.esm,Devious Devices - Expansion.esm,zadx_catsuit_longgloves_gold_Inventory,Golden Ebonite Catsuit Long Gloves,missing armor addon/model links
0x3D977~Devious Devices - Expansion.esm,Devious Devices - Expansion.esm,zadx_catsuit_longgloves_gold_Rendered,,missing display name
0x3D978~Devious Devices - Expansion.esm,Devious Devices - Expansion.esm,zadx_catsuit_longgloves_green_Inventory,Green Ebonite Catsuit Long Gloves,missing armor addon/model links
0x3D979~Devious Devices - Expansion.esm,Devious Devices - Expansion.esm,zadx_catsuit_longgloves_green_Rendered,,missing display name
0x3D97A~Devious Devices - Expansion.esm,Devious Devices - Expansion.esm,zadx_catsuit_longgloves_lgrey_Inventory,Light Grey Ebonite Catsuit Long Gloves,missing armor addon/model links
0x3D97B~Devious Devices - Expansion.esm,Devious Devices - Expansion.esm,zadx_catsuit_longgloves_lgrey_Rendered,,missing display name
0x3D97C~Devious Devices - Expansion.esm,Devious Devices - Expansion.esm,zadx_catsuit_longgloves_orange_Inventory,Orange Ebonite Catsuit Long Gloves,missing armor addon/model links
0x3D97D~Devious Devices - Expansion.esm,Devious Devices - Expansion.esm,zadx_catsuit_longgloves_orange_Rendered,,missing display name
0x3D97E~Devious Devices - Expansion.esm,Devious Devices - Expansion.esm,zadx_catsuit_longgloves_pink_Inventory,Pink Ebonite Catsuit Long Gloves,missing armor addon/model links
0x3D97F~Devious Devices - Expansion.esm,Devious Devices - Expansion.esm,zadx_catsuit_longgloves_pink_Rendered,,missing display name
0x3D980~Devious Devices - Expansion.esm,Devious Devices - Expansion.esm,zadx_catsuit_longgloves_purple_Inventory,Purple Ebonite Catsuit Long Gloves,missing armor addon/model links
0x3D981~Devious Devices - Expansion.esm,Devious Devices - Expansion.esm,zadx_catsuit_longgloves_purple_Rendered,,missing display name
0x3D982~Devious Devices - Expansion.esm,Devious Devices - Expansion.esm,zadx_catsuit_longgloves_red_Inventory,Red Ebonite Catsuit Long Gloves,missing armor addon/model links
0x3D983~Devious Devices - Expansion.esm,Devious Devices - Expansion.esm,zadx_catsuit_longgloves_red_Rendered,,missing display name
0x3D986~Devious Devices - Expansion.esm,Devious Devices - Expansion.esm,zadx_catsuit_longgloves_white_Inventory,White Ebonite Catsuit Long Gloves,missing armor addon/model links
0x3D987~Devious Devices - Expansion.esm,Devious Devices - Expansion.esm,zadx_catsuit_longgloves_white_Rendered,,missing display name
0x3D988~Devious Devices - Expansion.esm,Devious Devices - Expansion.esm,zadx_catsuit_longgloves_yellow_Inventory,Yellow Ebonite Catsuit Long Gloves,missing armor addon/model links
0x3D989~Devious Devices - Expansion.esm,Devious Devices - Expansion.esm,zadx_catsuit_longgloves_yellow_Rendered,,missing display name
0x3D98A~Devious Devices - Expansion.esm,Devious Devices - Expansion.esm,zadx_catsuit_balletboots_blue_Inventory,Blue Ebonite Catsuit Ballet Boots,missing armor addon/model links
0x3D98B~Devious Devices - Expansion.esm,Devious Devices - Expansion.esm,zadx_catsuit_balletboots_blue_Rendered,,missing display name
0x3D98C~Devious Devices - Expansion.esm,Devious Devices - Expansion.esm,zadx_catsuit_balletboots_cyan_Inventory,Cyan Ebonite Catsuit Ballet Boots,missing armor addon/model links
0x3D98D~Devious Devices - Expansion.esm,Devious Devices - Expansion.esm,zadx_catsuit_balletboots_cyan_Rendered,,missing display name
0x3D98E~Devious Devices - Expansion.esm,Devious Devices - Expansion.esm,zadx_catsuit_balletboots_dgreen_Inventory,Dark Green Ebonite Catsuit Ballet Boots,missing armor addon/model links
0x3D98F~Devious Devices - Expansion.esm,Devious Devices - Expansion.esm,zadx_catsuit_balletboots_dgreen_Rendered,,missing display name
0x3D990~Devious Devices - Expansion.esm,Devious Devices - Expansion.esm,zadx_catsuit_balletboots_dgrey_Inventory,Dark Grey Ebonite Catsuit Ballet Boots,missing armor addon/model links
0x3D991~Devious Devices - Expansion.esm,Devious Devices - Expansion.esm,zadx_catsuit_balletboots_dgrey_Rendered,,missing display name
0x3D992~Devious Devices - Expansion.esm,Devious Devices - Expansion.esm,zadx_catsuit_balletboots_dred_Inventory,Dark Red Ebonite Catsuit Ballet Boots,missing armor addon/model links
0x3D993~Devious Devices - Expansion.esm,Devious Devices - Expansion.esm,zadx_catsuit_balletboots_dred_Rendered,,missing display name
0x3D994~Devious Devices - Expansion.esm,Devious Devices - Expansion.esm,zadx_catsuit_balletboots_gold_Inventory,Golden Ebonite Catsuit Ballet Boots,missing armor addon/model links
0x3D995~Devious Devices - Expansion.esm,Devious Devices - Expansion.esm,zadx_catsuit_balletboots_gold_Rendered,,missing display name
0x3D996~Devious Devices - Expansion.esm,Devious Devices - Expansion.esm,zadx_catsuit_balletboots_green_Inventory,Green Ebonite Catsuit Ballet Boots,missing armor addon/model links
0x3D997~Devious Devices - Expansion.esm,Devious Devices - Expansion.esm,zadx_catsuit_balletboots_green_Rendered,,missing display name
0x3D998~Devious Devices - Expansion.esm,Devious Devices - Expansion.esm,zadx_catsuit_balletboots_lgrey_Inventory,Light Grey Ebonite Catsuit Ballet Boots,missing armor addon/model links
0x3D999~Devious Devices - Expansion.esm,Devious Devices - Expansion.esm,zadx_catsuit_balletboots_lgrey_Rendered,,missing display name
0x3D99A~Devious Devices - Expansion.esm,Devious Devices - Expansion.esm,zadx_catsuit_balletboots_orange_Inventory,Orange Ebonite Catsuit Ballet Boots,missing armor addon/model links
0x3D99B~Devious Devices - Expansion.esm,Devious Devices - Expansion.esm,zadx_catsuit_balletboots_orange_Rendered,,missing display name
0x3D99C~Devious Devices - Expansion.esm,Devious Devices - Expansion.esm,zadx_catsuit_balletboots_pink_Inventory,Pink Ebonite Catsuit Ballet Boots,missing armor addon/model links
0x3D99D~Devious Devices - Expansion.esm,Devious Devices - Expansion.esm,zadx_catsuit_balletboots_pink_Rendered,,missing display name
0x3D99E~Devious Devices - Expansion.esm,Devious Devices - Expansion.esm,zadx_catsuit_balletboots_purple_Inventory,Purple Ebonite Catsuit Ballet Boots,missing armor addon/model links
0x3D99F~Devious Devices - Expansion.esm,Devious Devices - Expansion.esm,zadx_catsuit_balletboots_purple_Rendered,,missing display name
0x3D9A0~Devious Devices - Expansion.esm,Devious Devices - Expansion.esm,zadx_catsuit_balletboots_red_Inventory,Red Ebonite Catsuit Ballet Boots,missing armor addon/model links
0x3D9A1~Devious Devices - Expansion.esm,Devious Devices - Expansion.esm,zadx_catsuit_balletboots_red_Rendered,,missing display name
0x3D9A2~Devious Devices - Expansion.esm,Devious Devices - Expansion.esm,zadx_catsuit_balletboots_white_Inventory,White Ebonite Catsuit Ballet Boots,missing armor addon/model links
0x3D9A3~Devious Devices - Expansion.esm,Devious Devices - Expansion.esm,zadx_catsuit_balletboots_white_Rendered,,missing display name
0x3D9A4~Devious Devices - Expansion.esm,Devious Devices - Expansion.esm,zadx_catsuit_balletboots_yellow_Inventory,Yellow Ebonite Catsuit Ballet Boots,missing armor addon/model links
0x3D9A5~Devious Devices - Expansion.esm,Devious Devices - Expansion.esm,zadx_catsuit_balletboots_yellow_Rendered,,missing display name
0x3D9C3~Devious Devices - Expansion.esm,Devious Devices - Expansion.esm,zadx_catsuit_gasmask_blue_Inventory,Blue Ebonite Gas Mask,missing armor addon/model links
0x3D9C4~Devious Devices - Expansion.esm,Devious Devices - Expansion.esm,zadx_catsuit_gasmask_blue_Rendered,,missing display name
0x3D9C5~Devious Devices - Expansion.esm,Devious Devices - Expansion.esm,zadx_catsuit_gasmask_cyan_Inventory,Cyan Ebonite Gas Mask,missing armor addon/model links
0x3D9C6~Devious Devices - Expansion.esm,Devious Devices - Expansion.esm,zadx_catsuit_gasmask_cyan_Rendered,,missing display name
0x3D9C7~Devious Devices - Expansion.esm,Devious Devices - Expansion.esm,zadx_catsuit_gasmask_dgreen_Inventory,Dark Green Ebonite Gas Mask,missing armor addon/model links
0x3D9C8~Devious Devices - Expansion.esm,Devious Devices - Expansion.esm,zadx_catsuit_gasmask_dgreen_Rendered,,missing display name
0x3D9C9~Devious Devices - Expansion.esm,Devious Devices - Expansion.esm,zadx_catsuit_gasmask_dgrey_Inventory,Dark Grey Ebonite Gas Mask,missing armor addon/model links
0x3D9CA~Devious Devices - Expansion.esm,Devious Devices - Expansion.esm,zadx_catsuit_gasmask_dgrey_Rendered,,missing display name
0x3D9CB~Devious Devices - Expansion.esm,Devious Devices - Expansion.esm,zadx_catsuit_gasmask_dred_Inventory,Dark Red Ebonite Gas Mask,missing armor addon/model links
0x3D9CC~Devious Devices - Expansion.esm,Devious Devices - Expansion.esm,zadx_catsuit_gasmask_dred_Rendered,,missing display name
0x3D9CD~Devious Devices - Expansion.esm,Devious Devices - Expansion.esm,zadx_catsuit_gasmask_gold_Inventory,Golden Ebonite Gas Mask,missing armor addon/model links
0x3D9CE~Devious Devices - Expansion.esm,Devious Devices - Expansion.esm,zadx_catsuit_gasmask_gold_Rendered,,missing display name
0x3D9CF~Devious Devices - Expansion.esm,Devious Devices - Expansion.esm,zadx_catsuit_gasmask_green_Inventory,Green Ebonite Gas Mask,missing armor addon/model links
0x3D9D0~Devious Devices - Expansion.esm,Devious Devices - Expansion.esm,zadx_catsuit_gasmask_green_Rendered,,missing display name
0x3D9D1~Devious Devices - Expansion.esm,Devious Devices - Expansion.esm,zadx_catsuit_gasmask_lgrey_Inventory,Light Grey Ebonite Gas Mask,missing armor addon/model links
0x3D9D2~Devious Devices - Expansion.esm,Devious Devices - Expansion.esm,zadx_catsuit_gasmask_lgrey_Rendered,,missing display name
0x3D9D3~Devious Devices - Expansion.esm,Devious Devices - Expansion.esm,zadx_catsuit_gasmask_orange_Inventory,Orange Ebonite Gas Mask,missing armor addon/model links
0x3D9D4~Devious Devices - Expansion.esm,Devious Devices - Expansion.esm,zadx_catsuit_gasmask_orange_Rendered,,missing display name
0x3D9D5~Devious Devices - Expansion.esm,Devious Devices - Expansion.esm,zadx_catsuit_gasmask_pink_Inventory,Pink Ebonite Gas Mask,missing armor addon/model links
0x3D9D6~Devious Devices - Expansion.esm,Devious Devices - Expansion.esm,zadx_catsuit_gasmask_pink_Rendered,,missing display name
0x3D9D7~Devious Devices - Expansion.esm,Devious Devices - Expansion.esm,zadx_catsuit_gasmask_purple_Inventory,Purple Ebonite Gas Mask,missing armor addon/model links
0x3D9D8~Devious Devices - Expansion.esm,Devious Devices - Expansion.esm,zadx_catsuit_gasmask_purple_Rendered,,missing display name
0x3D9D9~Devious Devices - Expansion.esm,Devious Devices - Expansion.esm,zadx_catsuit_gasmask_red_Inventory,Red Ebonite Gas Mask,missing armor addon/model links
0x3D9DA~Devious Devices - Expansion.esm,Devious Devices - Expansion.esm,zadx_catsuit_gasmask_red_Rendered,,missing display name
0x3D9DB~Devious Devices - Expansion.esm,Devious Devices - Expansion.esm,zadx_catsuit_gasmask_white_Inventory,White Ebonite Gas Mask,missing armor addon/model links
0x3D9DC~Devious Devices - Expansion.esm,Devious Devices - Expansion.esm,zadx_catsuit_gasmask_white_Rendered,,missing display name
0x3D9DD~Devious Devices - Expansion.esm,Devious Devices - Expansion.esm,zadx_catsuit_gasmask_yellow_Inventory,Yellow Ebonite Gas Mask,missing armor addon/model links
0x3D9DE~Devious Devices - Expansion.esm,Devious Devices - Expansion.esm,zadx_catsuit_gasmask_yellow_Rendered,,missing display name
0x3D9DF~Devious Devices - Expansion.esm,Devious Devices - Expansion.esm,zadx_catsuit_gasmask_tube_blue_Inventory,Blue Ebonite Gas Mask (tube),missing armor addon/model links
0x3D9E0~Devious Devices - Expansion.esm,Devious Devices - Expansion.esm,zadx_catsuit_gasmask_tube_blue_Rendered,,missing display name
0x3D9E1~Devious Devices - Expansion.esm,Devious Devices - Expansion.esm,zadx_catsuit_gasmask_tube_cyan_Inventory,Cyan Ebonite Gas Mask (tube),missing armor addon/model links
0x3D9E2~Devious Devices - Expansion.esm,Devious Devices - Expansion.esm,zadx_catsuit_gasmask_tube_cyan_Rendered,,missing display name
0x3D9E3~Devious Devices - Expansion.esm,Devious Devices - Expansion.esm,zadx_catsuit_gasmask_tube_dgreen_Inventory,Dark Green Ebonite Gas Mask (tube),missing armor addon/model links
0x3D9E4~Devious Devices - Expansion.esm,Devious Devices - Expansion.esm,zadx_catsuit_gasmask_tube_dgreen_Rendered,,missing display name
0x3D9E5~Devious Devices - Expansion.esm,Devious Devices - Expansion.esm,zadx_catsuit_gasmask_tube_dgrey_Inventory,Dark Grey Ebonite Gas Mask (tube),missing armor addon/model links
0x3D9E6~Devious Devices - Expansion.esm,Devious Devices - Expansion.esm,zadx_catsuit_gasmask_tube_dgrey_Rendered,,missing display name
0x3D9E7~Devious Devices - Expansion.esm,Devious Devices - Expansion.esm,zadx_catsuit_gasmask_tube_dred_Inventory,Dark Red Ebonite Gas Mask (tube),missing armor addon/model links
0x3D9E8~Devious Devices - Expansion.esm,Devious Devices - Expansion.esm,zadx_catsuit_gasmask_tube_dred_Rendered,,missing display name
0x3D9E9~Devious Devices - Expansion.esm,Devious Devices - Expansion.esm,zadx_catsuit_gasmask_tube_gold_Inventory,Golden Ebonite Gas Mask (tube),missing armor addon/model links
0x3D9EA~Devious Devices - Expansion.esm,Devious Devices - Expansion.esm,zadx_catsuit_gasmask_tube_gold_Rendered,,missing display name
0x3D9EB~Devious Devices - Expansion.esm,Devious Devices - Expansion.esm,zadx_catsuit_gasmask_tube_green_Inventory,Green Ebonite Gas Mask (tube),missing armor addon/model links
0x3D9EC~Devious Devices - Expansion.esm,Devious Devices - Expansion.esm,zadx_catsuit_gasmask_tube_green_Rendered,,missing display name
0x3D9ED~Devious Devices - Expansion.esm,Devious Devices - Expansion.esm,zadx_catsuit_gasmask_tube_lgrey_Inventory,Light Grey Ebonite Gas Mask (tube),missing armor addon/model links
0x3D9EE~Devious Devices - Expansion.esm,Devious Devices - Expansion.esm,zadx_catsuit_gasmask_tube_lgrey_Rendered,,missing display name
0x3D9EF~Devious Devices - Expansion.esm,Devious Devices - Expansion.esm,zadx_catsuit_gasmask_tube_orange_Inventory,Orange Ebonite Gas Mask (tube),missing armor addon/model links
0x3D9F0~Devious Devices - Expansion.esm,Devious Devices - Expansion.esm,zadx_catsuit_gasmask_tube_orange_Rendered,,missing display name
0x3D9F1~Devious Devices - Expansion.esm,Devious Devices - Expansion.esm,zadx_catsuit_gasmask_tube_pink_Inventory,Pink Ebonite Gas Mask (tube),missing armor addon/model links
0x3D9F2~Devious Devices - Expansion.esm,Devious Devices - Expansion.esm,zadx_catsuit_gasmask_tube_pink_Rendered,,missing display name
0x3D9F3~Devious Devices - Expansion.esm,Devious Devices - Expansion.esm,zadx_catsuit_gasmask_tube_purple_Inventory,Purple Ebonite Gas Mask (tube),missing armor addon/model links
0x3D9F4~Devious Devices - Expansion.esm,Devious Devices - Expansion.esm,zadx_catsuit_gasmask_tube_purple_Rendered,,missing display name
0x3D9F5~Devious Devices - Expansion.esm,Devious Devices - Expansion.esm,zadx_catsuit_gasmask_tube_red_Inventory,Red Ebonite Gas Mask (tube),missing armor addon/model links
0x3D9F6~Devious Devices - Expansion.esm,Devious Devices - Expansion.esm,zadx_catsuit_gasmask_tube_red_Rendered,,missing display name
0x3D9F7~Devious Devices - Expansion.esm,Devious Devices - Expansion.esm,zadx_catsuit_gasmask_tube_white_Inventory,White Ebonite Gas Mask (tube),missing armor addon/model links
0x3D9F8~Devious Devices - Expansion.esm,Devious Devices - Expansion.esm,zadx_catsuit_gasmask_tube_white_Rendered,,missing display name
0x3D9F9~Devious Devices - Expansion.esm,Devious Devices - Expansion.esm,zadx_catsuit_gasmask_tube_yellow_Inventory,Yellow Ebonite Gas Mask (tube),missing armor addon/model links
0x3D9FA~Devious Devices - Expansion.esm,Devious Devices - Expansion.esm,zadx_catsuit_gasmask_tube_yellow_Rendered,,missing display name
0x3D9FB~Devious Devices - Expansion.esm,Devious Devices - Expansion.esm,zadx_catsuit_gasmask_tube_black_Inventory,Black Ebonite Gas Mask (tube),missing armor addon/model links
0x3D9FC~Devious Devices - Expansion.esm,Devious Devices - Expansion.esm,zadx_catsuit_gasmask_tube_black_Rendered,,missing display name
0x3D9FD~Devious Devices - Expansion.esm,Devious Devices - Expansion.esm,zadx_catsuit_gasmask_filter_blue_Inventory,Blue Ebonite Gas Mask (filter),missing armor addon/model links
0x3D9FE~Devious Devices - Expansion.esm,Devious Devices - Expansion.esm,zadx_catsuit_gasmask_filter_blue_Rendered,,missing display name
0x3D9FF~Devious Devices - Expansion.esm,Devious Devices - Expansion.esm,zadx_catsuit_gasmask_filter_cyan_Inventory,Cyan Ebonite Gas Mask (filter),missing armor addon/model links
0x3DA00~Devious Devices - Expansion.esm,Devious Devices - Expansion.esm,zadx_catsuit_gasmask_filter_cyan_Rendered,,missing display name
0x3DA01~Devious Devices - Expansion.esm,Devious Devices - Expansion.esm,zadx_catsuit_gasmask_filter_dgreen_Inventory,Dark Green Ebonite Gas Mask (filter),missing armor addon/model links
0x3DA02~Devious Devices - Expansion.esm,Devious Devices - Expansion.esm,zadx_catsuit_gasmask_filter_dgreen_Rendered,,missing display name
0x3DA03~Devious Devices - Expansion.esm,Devious Devices - Expansion.esm,zadx_catsuit_gasmask_filter_dgrey_Inventory,Dark Grey Ebonite Gas Mask (filter),missing armor addon/model links
0x3DA04~Devious Devices - Expansion.esm,Devious Devices - Expansion.esm,zadx_catsuit_gasmask_filter_dgrey_Rendered,,missing display name
0x3DA05~Devious Devices - Expansion.esm,Devious Devices - Expansion.esm,zadx_catsuit_gasmask_filter_dred_Inventory,Dark Red Ebonite Gas Mask (filter),missing armor addon/model links
0x3DA06~Devious Devices - Expansion.esm,Devious Devices - Expansion.esm,zadx_catsuit_gasmask_filter_dred_Rendered,,missing display name
0x3DA07~Devious Devices - Expansion.esm,Devious Devices - Expansion.esm,zadx_catsuit_gasmask_filter_gold_Inventory,Golden Ebonite Gas Mask (filter),missing armor addon/model links
0x3DA08~Devious Devices - Expansion.esm,Devious Devices - Expansion.esm,zadx_catsuit_gasmask_filter_gold_Rendered,,missing display name
0x3DA09~Devious Devices - Expansion.esm,Devious Devices - Expansion.esm,zadx_catsuit_gasmask_filter_green_Inventory,Green Ebonite Gas Mask (filter),missing armor addon/model links
0x3DA0A~Devious Devices - Expansion.esm,Devious Devices - Expansion.esm,zadx_catsuit_gasmask_filter_green_Rendered,,missing display name
0x3DA0B~Devious Devices - Expansion.esm,Devious Devices - Expansion.esm,zadx_catsuit_gasmask_filter_lgrey_Inventory,Light Grey Ebonite Gas Mask (filter),missing armor addon/model links
0x3DA0C~Devious Devices - Expansion.esm,Devious Devices - Expansion.esm,zadx_catsuit_gasmask_filter_lgrey_Rendered,,missing display name
0x3DA0D~Devious Devices - Expansion.esm,Devious Devices - Expansion.esm,zadx_catsuit_gasmask_filter_orange_Inventory,Orange Ebonite Gas Mask (filter),missing armor addon/model links
0x3DA0E~Devious Devices - Expansion.esm,Devious Devices - Expansion.esm,zadx_catsuit_gasmask_filter_orange_Rendered,,missing display name
0x3DA0F~Devious Devices - Expansion.esm,Devious Devices - Expansion.esm,zadx_catsuit_gasmask_filter_pink_Inventory,Pink Ebonite Gas Mask (filter),missing armor addon/model links
0x3DA10~Devious Devices - Expansion.esm,Devious Devices - Expansion.esm,zadx_catsuit_gasmask_filter_pink_Rendered,,missing display name
0x3DA11~Devious Devices - Expansion.esm,Devious Devices - Expansion.esm,zadx_catsuit_gasmask_filter_purple_Inventory,Purple Ebonite Gas Mask (filter),missing armor addon/model links
0x3DA12~Devious Devices - Expansion.esm,Devious Devices - Expansion.esm,zadx_catsuit_gasmask_filter_purple_Rendered,,missing display name
0x3DA13~Devious Devices - Expansion.esm,Devious Devices - Expansion.esm,zadx_catsuit_gasmask_filter_red_Inventory,Red Ebonite Gas Mask (filter),missing armor addon/model links
0x3DA14~Devious Devices - Expansion.esm,Devious Devices - Expansion.esm,zadx_catsuit_gasmask_filter_red_Rendered,,missing display name
0x3DA15~Devious Devices - Expansion.esm,Devious Devices - Expansion.esm,zadx_catsuit_gasmask_filter_white_Inventory,White Ebonite Gas Mask (filter),missing armor addon/model links
0x3DA16~Devious Devices - Expansion.esm,Devious Devices - Expansion.esm,zadx_catsuit_gasmask_filter_white_Rendered,,missing display name
0x3DA17~Devious Devices - Expansion.esm,Devious Devices - Expansion.esm,zadx_catsuit_gasmask_filter_yellow_Inventory,Yellow Ebonite Gas Mask (filter),missing armor addon/model links
0x3DA18~Devious Devices - Expansion.esm,Devious Devices - Expansion.esm,zadx_catsuit_gasmask_filter_yellow_Rendered,,missing display name
0x3DA19~Devious Devices - Expansion.esm,Devious Devices - Expansion.esm,zadx_catsuit_gasmask_filter_black_Inventory,Black Ebonite Gas Mask (filter),missing armor addon/model links
0x3DA1A~Devious Devices - Expansion.esm,Devious Devices - Expansion.esm,zadx_catsuit_gasmask_filter_black_Rendered,,missing display name
0x3DA1B~Devious Devices - Expansion.esm,Devious Devices - Expansion.esm,zadx_catsuit_gasmask_rebr_blue_Inventory,Blue Ebonite Gas Mask (rebreather),missing armor addon/model links
0x3DA1C~Devious Devices - Expansion.esm,Devious Devices - Expansion.esm,zadx_catsuit_gasmask_rebr_blue_Rendered,,missing display name
0x3DA1D~Devious Devices - Expansion.esm,Devious Devices - Expansion.esm,zadx_catsuit_gasmask_rebr_cyan_Inventory,Cyan Ebonite Gas Mask (rebreather),missing armor addon/model links
0x3DA1E~Devious Devices - Expansion.esm,Devious Devices - Expansion.esm,zadx_catsuit_gasmask_rebr_cyan_Rendered,,missing display name
0x3DA1F~Devious Devices - Expansion.esm,Devious Devices - Expansion.esm,zadx_catsuit_gasmask_rebr_dgreen_Inventory,Dark Green Ebonite Gas Mask (rebreather),missing armor addon/model links
0x3DA20~Devious Devices - Expansion.esm,Devious Devices - Expansion.esm,zadx_catsuit_gasmask_rebr_dgreen_Rendered,,missing display name
0x3DA21~Devious Devices - Expansion.esm,Devious Devices - Expansion.esm,zadx_catsuit_gasmask_rebr_dgrey_Inventory,Dark Grey Ebonite Gas Mask (rebreather),missing armor addon/model links
0x3DA22~Devious Devices - Expansion.esm,Devious Devices - Expansion.esm,zadx_catsuit_gasmask_rebr_dgrey_Rendered,,missing display name
0x3DA23~Devious Devices - Expansion.esm,Devious Devices - Expansion.esm,zadx_catsuit_gasmask_rebr_dred_Inventory,Dark Red Ebonite Gas Mask (rebreather),missing armor addon/model links
0x3DA24~Devious Devices - Expansion.esm,Devious Devices - Expansion.esm,zadx_catsuit_gasmask_rebr_dred_Rendered,,missing display name
0x3DA25~Devious Devices - Expansion.esm,Devious Devices - Expansion.esm,zadx_catsuit_gasmask_rebr_gold_Inventory,Golden Ebonite Gas Mask (rebreather),missing armor addon/model links
0x3DA26~Devious Devices - Expansion.esm,Devious Devices - Expansion.esm,zadx_catsuit_gasmask_rebr_gold_Rendered,,missing display name
0x3DA27~Devious Devices - Expansion.esm,Devious Devices - Expansion.esm,zadx_catsuit_gasmask_rebr_green_Inventory,Green Ebonite Gas Mask (rebreather),missing armor addon/model links
0x3DA28~Devious Devices - Expansion.esm,Devious Devices - Expansion.esm,zadx_catsuit_gasmask_rebr_green_Rendered,,missing display name
0x3DA29~Devious Devices - Expansion.esm,Devious Devices - Expansion.esm,zadx_catsuit_gasmask_rebr_lgrey_Inventory,Light Grey Ebonite Gas Mask (rebreather),missing armor addon/model links
0x3DA2A~Devious Devices - Expansion.esm,Devious Devices - Expansion.esm,zadx_catsuit_gasmask_rebr_lgrey_Rendered,,missing display name
0x3DA2B~Devious Devices - Expansion.esm,Devious Devices - Expansion.esm,zadx_catsuit_gasmask_rebr_orange_Inventory,Orange Ebonite Gas Mask (rebreather),missing armor addon/model links
0x3DA2C~Devious Devices - Expansion.esm,Devious Devices - Expansion.esm,zadx_catsuit_gasmask_rebr_orange_Rendered,,missing display name
0x3DA2D~Devious Devices - Expansion.esm,Devious Devices - Expansion.esm,zadx_catsuit_gasmask_rebr_pink_Inventory,Pink Ebonite Gas Mask (rebreather),missing armor addon/model links
0x3DA2E~Devious Devices - Expansion.esm,Devious Devices - Expansion.esm,zadx_catsuit_gasmask_rebr_pink_Rendered,,missing display name
0x3DA2F~Devious Devices - Expansion.esm,Devious Devices - Expansion.esm,zadx_catsuit_gasmask_rebr_purple_Inventory,Purple Ebonite Gas Mask (rebreather),missing armor addon/model links
0x3DA30~Devious Devices - Expansion.esm,Devious Devices - Expansion.esm,zadx_catsuit_gasmask_rebr_purple_Rendered,,missing display name
0x3DA31~Devious Devices - Expansion.esm,Devious Devices - Expansion.esm,zadx_catsuit_gasmask_rebr_red_Inventory,Red Ebonite Gas Mask (rebreather),missing armor addon/model links
0x3DA32~Devious Devices - Expansion.esm,Devious Devices - Expansion.esm,zadx_catsuit_gasmask_rebr_red_Rendered,,missing display name
0x3DA33~Devious Devices - Expansion.esm,Devious Devices - Expansion.esm,zadx_catsuit_gasmask_rebr_white_Inventory,White Ebonite Gas Mask (rebreather),missing armor addon/model links
0x3DA34~Devious Devices - Expansion.esm,Devious Devices - Expansion.esm,zadx_catsuit_gasmask_rebr_white_Rendered,,missing display name
0x3DA35~Devious Devices - Expansion.esm,Devious Devices - Expansion.esm,zadx_catsuit_gasmask_rebr_yellow_Inventory,Yellow Ebonite Gas Mask (rebreather),missing armor addon/model links
0x3DA36~Devious Devices - Expansion.esm,Devious Devices - Expansion.esm,zadx_catsuit_gasmask_rebr_yellow_Rendered,,missing display name
0x3DA37~Devious Devices - Expansion.esm,Devious Devices - Expansion.esm,zadx_catsuit_gasmask_rebr_black_Inventory,Black Ebonite Gas Mask (rebreather),missing armor addon/model links
0x3DA38~Devious Devices - Expansion.esm,Devious Devices - Expansion.esm,zadx_catsuit_gasmask_rebr_black_Rendered,,missing display name
0x3FFFC~Devious Devices - Expansion.esm,Devious Devices - Expansion.esm,zadx_chastitybelt_Padded_Gold_Rendered,,missing display name
0x3FFFD~Devious Devices - Expansion.esm,Devious Devices - Expansion.esm,zadx_chastitybelt_Padded_Gold_Inventory,Golden Chastity Belt (Padded),missing armor addon/model links
0x3FFFE~Devious Devices - Expansion.esm,Devious Devices - Expansion.esm,zadx_chastitybra_Padded_Gold_Rendered,,missing display name
0x3FFFF~Devious Devices - Expansion.esm,Devious Devices - Expansion.esm,zadx_chastitybra_Padded_Gold_Inventory,Golden Chastity Bra (Padded),missing armor addon/model links
0x40000~Devious Devices - Expansion.esm,Devious Devices - Expansion.esm,zadx_chastitybelt_Padded_Silver_Inventory,Silver Chastity Belt (Padded),missing armor addon/model links
0x40001~Devious Devices - Expansion.esm,Devious Devices - Expansion.esm,zadx_chastitybelt_Padded_Silver_Rendered,,missing display name
0x40002~Devious Devices - Expansion.esm,Devious Devices - Expansion.esm,zadx_chastitybra_Padded_Silver_Inventory,Silver Chastity Bra (Padded),missing armor addon/model links
0x40003~Devious Devices - Expansion.esm,Devious Devices - Expansion.esm,zadx_chastitybra_Padded_Silver_Rendered,,missing display name
0x40004~Devious Devices - Expansion.esm,Devious Devices - Expansion.esm,zadx_Collar_Posture_Gold_Rendered,,missing display name
0x40005~Devious Devices - Expansion.esm,Devious Devices - Expansion.esm,zadx_Collar_Posture_Gold_Inventory,Golden Collar (Padded) (Posture),missing armor addon/model links
0x40006~Devious Devices - Expansion.esm,Devious Devices - Expansion.esm,zadx_Collar_Posture_Silver_Inventory,Silver Collar (Padded) (Posture),missing armor addon/model links
0x40007~Devious Devices - Expansion.esm,Devious Devices - Expansion.esm,zadx_Collar_Posture_Silver_Rendered,,missing display name
0x4000A~Devious Devices - Expansion.esm,Devious Devices - Expansion.esm,zadx_cuffs_Padded_Arms_Gold_Rendered,,missing display name
0x4000B~Devious Devices - Expansion.esm,Devious Devices - Expansion.esm,zadx_cuffs_Padded_Arms_Gold_Inventory,Golden Cuffs (Padded) (Arms),missing armor addon/model links
0x4000C~Devious Devices - Expansion.esm,Devious Devices - Expansion.esm,zadx_cuffs_Padded_Legs_Gold_Rendered,,missing display name
0x4000D~Devious Devices - Expansion.esm,Devious Devices - Expansion.esm,zadx_cuffs_Padded_Legs_Gold_Inventory,Golden Cuffs (Padded) (Legs),missing armor addon/model links
0x4000E~Devious Devices - Expansion.esm,Devious Devices - Expansion.esm,zadx_cuffs_Padded_Collar_Gold_Rendered,,missing display name
0x4000F~Devious Devices - Expansion.esm,Devious Devices - Expansion.esm,zadx_cuffs_Padded_Collar_Gold_Inventory,Golden Collar (Padded),missing armor addon/model links
0x40010~Devious Devices - Expansion.esm,Devious Devices - Expansion.esm,zadx_cuffs_Padded_Arms_Silver_Inventory,Silver Cuffs (Padded) (Arms),missing armor addon/model links
0x40011~Devious Devices - Expansion.esm,Devious Devices - Expansion.esm,zadx_cuffs_Padded_Arms_Silver_Rendered,,missing display name
0x40012~Devious Devices - Expansion.esm,Devious Devices - Expansion.esm,zadx_cuffs_Padded_Collar_Silver_Inventory,Silver Collar (Padded),missing armor addon/model links
0x40013~Devious Devices - Expansion.esm,Devious Devices - Expansion.esm,zadx_cuffs_Padded_Collar_Silver_Rendered,,missing display name
0x40014~Devious Devices - Expansion.esm,Devious Devices - Expansion.esm,zadx_cuffs_Padded_Legs_Silver_Inventory,Silver Cuffs (Padded) (Legs),missing armor addon/model links
0x40015~Devious Devices - Expansion.esm,Devious Devices - Expansion.esm,zadx_cuffs_Padded_Legs_Silver_Rendered,,missing display name
0x415A3~Devious Devices - Expansion.esm,Devious Devices - Expansion.esm,zadx_ElbowbinderEboniteInventory,Black Ebonite Elbowbinder,missing armor addon/model links
0x415A4~Devious Devices - Expansion.esm,Devious Devices - Expansion.esm,zadx_ElbowbinderEboniteRendered,,missing display name
0x415A5~Devious Devices - Expansion.esm,Devious Devices - Expansion.esm,zadx_ElbowbinderEboniteRedInventory,Red Ebonite Elbowbinder,missing armor addon/model links
0x415A6~Devious Devices - Expansion.esm,Devious Devices - Expansion.esm,zadx_ElbowbinderEboniteRedRendered,,missing display name
0x415A7~Devious Devices - Expansion.esm,Devious Devices - Expansion.esm,zadx_ElbowbinderEboniteWhiteInventory,White Ebonite Elbowbinder,missing armor addon/model links
0x415A8~Devious Devices - Expansion.esm,Devious Devices - Expansion.esm,zadx_ElbowbinderEboniteWhiteRendered,,missing display name
0x415A9~Devious Devices - Expansion.esm,Devious Devices - Expansion.esm,zadx_ElbowbinderRedInventory,Red Leather Elbowbinder,missing armor addon/model links
0x415AA~Devious Devices - Expansion.esm,Devious Devices - Expansion.esm,zadx_ElbowbinderRedRendered,,missing display name
0x415AB~Devious Devices - Expansion.esm,Devious Devices - Expansion.esm,zadx_ElbowbinderWhiteInventory,White Leather Elbowbinder,missing armor addon/model links
0x415AC~Devious Devices - Expansion.esm,Devious Devices - Expansion.esm,zadx_ElbowbinderWhiteRendered,,missing display name
0x47BF4~Devious Devices - Expansion.esm,Devious Devices - Expansion.esm,zadx_restrictiveCollarTrans_Rendered,,missing display name
0x47BFA~Devious Devices - Expansion.esm,Devious Devices - Expansion.esm,zadx_restrictiveCollarTrans_Inventory,Transparent Restrictive Collar,missing armor addon/model links
0x47BFB~Devious Devices - Expansion.esm,Devious Devices - Expansion.esm,zadx_restrictiveBootsTrans_Rendered,,missing display name
0x47BFC~Devious Devices - Expansion.esm,Devious Devices - Expansion.esm,zadx_restrictiveBootsTrans_Inventory,Transparent Restrictive Boots,missing armor addon/model links
0x47BFE~Devious Devices - Expansion.esm,Devious Devices - Expansion.esm,zadx_restrictiveCorsetTrans_Inventory,Transparent Restrictive Corset,missing armor addon/model links
0x47BFF~Devious Devices - Expansion.esm,Devious Devices - Expansion.esm,zadx_restrictiveCorsetTrans_Rendered,,missing display name
0x47C00~Devious Devices - Expansion.esm,Devious Devices - Expansion.esm,zadx_restrictiveCorsetTransChastity_Rendered,,missing display name
0x47C01~Devious Devices - Expansion.esm,Devious Devices - Expansion.esm,zadx_restrictiveCorsetTransChastityOpen_Rendered,,missing display name
0x47C04~Devious Devices - Expansion.esm,Devious Devices - Expansion.esm,zadx_GagEboniteStrapBallBig_Rendered,,missing display name
0x47C05~Devious Devices - Expansion.esm,Devious Devices - Expansion.esm,zadx_GagEboniteStrapBallBig_Inventory,Black Ebonite Gag (Large Ball) (Simple),missing armor addon/model links
0x47C06~Devious Devices - Expansion.esm,Devious Devices - Expansion.esm,zadx_GagEboniteHarnessBallBig_Rendered,,missing display name
0x47C07~Devious Devices - Expansion.esm,Devious Devices - Expansion.esm,zadx_GagEboniteHarnessBallBig_Inventory,Black Ebonite Gag (Large Ball) (Harness),missing armor addon/model links
0x4816B~Devious Devices - Expansion.esm,Devious Devices - Expansion.esm,zadx_blindfold_rope_Rendered,,missing display name
0x4816C~Devious Devices - Expansion.esm,Devious Devices - Expansion.esm,zadx_blindfold_Rope_Inventory,Rope Blindfold,missing armor addon/model links
0x486D0~Devious Devices - Expansion.esm,Devious Devices - Expansion.esm,zadx_gag_rope_ball_Inventory,Rope Ball Gag,missing armor addon/model links
0x486D1~Devious Devices - Expansion.esm,Devious Devices - Expansion.esm,zadx_gag_rope_ball_Rendered,,missing display name
0x486D3~Devious Devices - Expansion.esm,Devious Devices - Expansion.esm,zadx_gag_rope_bit_Inventory,Rope Bit Gag,missing armor addon/model links
0x486D4~Devious Devices - Expansion.esm,Devious Devices - Expansion.esm,zadx_gag_rope_bit_Rendered,,missing display name
0x486D6~Devious Devices - Expansion.esm,Devious Devices - Expansion.esm,zadx_Collar_Rope_1_Rendered,,missing display name
0x486D7~Devious Devices - Expansion.esm,Devious Devices - Expansion.esm,zadx_Collar_Rope_1_Inventory,Rope Collar,missing armor addon/model links
0x486D9~Devious Devices - Expansion.esm,Devious Devices - Expansion.esm,zadx_Collar_Rope_2_Rendered,,missing display name
0x486DA~Devious Devices - Expansion.esm,Devious Devices - Expansion.esm,zadx_Collar_Rope_2_Inventory,Rope Collar,missing armor addon/model links
0x486DC~Devious Devices - Expansion.esm,Devious Devices - Expansion.esm,zadx_Armbinder_Rope_Strict_Rendered,,missing display name
0x486DD~Devious Devices - Expansion.esm,Devious Devices - Expansion.esm,zadx_Armbinder_Rope_Strict_Inventory,Strict Rope Armbinder,missing armor addon/model links
0x486E0~Devious Devices - Expansion.esm,Devious Devices - Expansion.esm,zadx_Harness_Rope_Full_Inventory,Rope Body Restraint,missing armor addon/model links
0x486E1~Devious Devices - Expansion.esm,Devious Devices - Expansion.esm,zadx_Harness_Rope_Full_Rendered,,missing display name
0x486E3~Devious Devices - Expansion.esm,Devious Devices - Expansion.esm,zadx_Armbinder_Rope_Inventory,Rope Armbinder,missing armor addon/model links
0x486E4~Devious Devices - Expansion.esm,Devious Devices - Expansion.esm,zadx_Armbinder_Rope_Rendered,,missing display name
0x48B8~Devious Devices - Expansion.esm,Devious Devices - Expansion.esm,zadx_bootsLockingInventory,Iron Ring Slave Boots,missing armor addon/model links
0x48B9~Devious Devices - Expansion.esm,Devious Devices - Expansion.esm,zadx_bootsLocking_scriptInstance,,missing display name
0x4970E~Devious Devices - Expansion.esm,Devious Devices - Expansion.esm,zadx_HobbleDressTransparentRendered,,missing display name
0x4970F~Devious Devices - Expansion.esm,Devious Devices - Expansion.esm,zadx_HobbleDressTransparentInventory,Transparent Hobble Dress (Extreme),missing armor addon/model links
0x49711~Devious Devices - Expansion.esm,Devious Devices - Expansion.esm,zadx_catsuit_longgloves_transparent_Inventory,Transparent Catsuit Long Gloves,missing armor addon/model links
0x49712~Devious Devices - Expansion.esm,Devious Devices - Expansion.esm,zadx_catsuit_longgloves_transparent_Rendered,,missing display name
0x49C76~Devious Devices - Expansion.esm,Devious Devices - Expansion.esm,zadx_hood_rubber_transparent_Inventory,Transparent Mask (Open Eyes),missing armor addon/model links
0x49C77~Devious Devices - Expansion.esm,Devious Devices - Expansion.esm,zadx_hood_rubber_transparent_Rendered,,missing display name
0x49C79~Devious Devices - Expansion.esm,Devious Devices - Expansion.esm,zadx_hood_rubber_openface_transparent_Inventory,Transparent Mask (Open Face),missing armor addon/model links
0x49C7A~Devious Devices - Expansion.esm,Devious Devices - Expansion.esm,zadx_hood_rubber_openface_transparent_Rendered,,missing display name
0x49C7C~Devious Devices - Expansion.esm,Devious Devices - Expansion.esm,zadx_hood_rubber_openeyesmouth_transparent_Inventory,Transparent Mask (Open),missing armor addon/model links
0x49C7D~Devious Devices - Expansion.esm,Devious Devices - Expansion.esm,zadx_hood_rubber_openeyesmouth_transparent_Rendered,,missing display name
0x49C80~Devious Devices - Expansion.esm,Devious Devices - Expansion.esm,zadx_gag_facemask_biz_black_Inventory,Black Ebonite Face Mask,missing armor addon/model links
0x49C81~Devious Devices - Expansion.esm,Devious Devices - Expansion.esm,zadx_gag_facemask_biz_black_Rendered,,missing display name
0x49C82~Devious Devices - Expansion.esm,Devious Devices - Expansion.esm,zadx_gag_facemask_biz_transparent_Inventory,Transparent Face Mask,missing armor addon/model links
0x49C83~Devious Devices - Expansion.esm,Devious Devices - Expansion.esm,zadx_gag_facemask_biz_transparent_Rendered,,missing display name
0x4A1E6~Devious Devices - Expansion.esm,Devious Devices - Expansion.esm,zadx_XinEbonitePonyBoots_Play_Rendered,,missing display name
0x4A1E7~Devious Devices - Expansion.esm,Devious Devices - Expansion.esm,zadx_XinEbonitePonyBoots_Play_Inventory,Black Ebonite Pony Play Boots,missing armor addon/model links
0x4ACE8~Devious Devices - Expansion.esm,Devious Devices - Expansion.esm,zadx_PetSuit_Black_Inventory,Black Leather Pet Suit,missing armor addon/model links
0x4ACE9~Devious Devices - Expansion.esm,Devious Devices - Expansion.esm,zadx_PetSuit_Black_Rendered,,missing display name
0x4B24C~Devious Devices - Expansion.esm,Devious Devices - Expansion.esm,zadx_PetSuit_Red_Inventory,Red Leather Pet Suit,missing armor addon/model links
0x4B24D~Devious Devices - Expansion.esm,Devious Devices - Expansion.esm,zadx_PetSuit_Red_Rendered,,missing display name
0x4B24E~Devious Devices - Expansion.esm,Devious Devices - Expansion.esm,zadx_PetSuit_White_Inventory,White Leather Pet Suit,missing armor addon/model links
0x4B24F~Devious Devices - Expansion.esm,Devious Devices - Expansion.esm,zadx_PetSuit_White_Rendered,,missing display name
0x4B7B5~Devious Devices - Expansion.esm,Devious Devices - Expansion.esm,zadx_gag_tape_Inventory,Tape Gag,missing armor addon/model links
0x4B7B6~Devious Devices - Expansion.esm,Devious Devices - Expansion.esm,zadx_gag_tape_Rendered,,missing display name
0x4B7B7~Devious Devices - Expansion.esm,Devious Devices - Expansion.esm,zadx_gag_tape_large_Inventory,Tape Gag,missing armor addon/model links
0x4B7B8~Devious Devices - Expansion.esm,Devious Devices - Expansion.esm,zadx_gag_tape_large_Rendered,,missing display name
0x4B7B9~Devious Devices - Expansion.esm,Devious Devices - Expansion.esm,zadx_gag_tape_full_Inventory,Tape Gag,missing armor addon/model links
0x4B7BA~Devious Devices - Expansion.esm,Devious Devices - Expansion.esm,zadx_gag_tape_full_Rendered,,missing display name
0x4C27F~Devious Devices - Expansion.esm,Devious Devices - Expansion.esm,zadx_PetSuit_Ebonite_Black_Inventory,Black Ebonite Pet Suit,missing armor addon/model links
0x4C280~Devious Devices - Expansion.esm,Devious Devices - Expansion.esm,zadx_PetSuit_Ebonite_Black_Rendered,,missing display name
0x4C7E9~Devious Devices - Expansion.esm,Devious Devices - Expansion.esm,zadx_PetSuit_Ebonite_Red_Inventory,Red Ebonite Pet Suit,missing armor addon/model links
0x4C7EA~Devious Devices - Expansion.esm,Devious Devices - Expansion.esm,zadx_PetSuit_Ebonite_Red_Rendered,,missing display name
0x4CD4D~Devious Devices - Expansion.esm,Devious Devices - Expansion.esm,zadx_PetSuit_Ebonite_White_Inventory,White Ebonite Pet Suit,missing armor addon/model links
0x4CD4E~Devious Devices - Expansion.esm,Devious Devices - Expansion.esm,zadx_PetSuit_Ebonite_White_Rendered,,missing display name
0x4E24~Devious Devices - Expansion.esm,Devious Devices - Expansion.esm,zadx_blindfoldBlocking_scriptInstance,,missing display name
0x4E25~Devious Devices - Expansion.esm,Devious Devices - Expansion.esm,zadx_blindfoldBlockingInventory,Black Leather Blindfold (Custom),missing armor addon/model links
0x4E2EA~Devious Devices - Expansion.esm,Devious Devices - Expansion.esm,zadx_StraitJacketLatexDressRedInventory,Red Ebonite Straitjacket Dress,missing armor addon/model links
0x4E2EB~Devious Devices - Expansion.esm,Devious Devices - Expansion.esm,zadx_StraitJacketLatexDressRedRendered,,missing display name
0x4E2EC~Devious Devices - Expansion.esm,Devious Devices - Expansion.esm,zadx_StraitJacketLatexDressWhiteInventory,White Ebonite Straitjacket Dress,missing armor addon/model links
0x4E2ED~Devious Devices - Expansion.esm,Devious Devices - Expansion.esm,zadx_StraitJacketLatexDressWhiteRendered,,missing display name
0x4E2EE~Devious Devices - Expansion.esm,Devious Devices - Expansion.esm,zadx_StraitJacketLatexDressToplessRedInventory,Red Ebonite Straitjacket Dress (Topless),missing armor addon/model links
0x4E2EF~Devious Devices - Expansion.esm,Devious Devices - Expansion.esm,zadx_StraitJacketLatexDressToplessRedRendered,,missing display name
0x4E2F0~Devious Devices - Expansion.esm,Devious Devices - Expansion.esm,zadx_StraitJacketLatexDressToplessWhiteInventory,White Ebonite Straitjacket Dress (Topless),missing armor addon/model links
0x4E2F1~Devious Devices - Expansion.esm,Devious Devices - Expansion.esm,zadx_StraitJacketLatexDressToplessWhiteRendered,,missing display name
0x4E2F2~Devious Devices - Expansion.esm,Devious Devices - Expansion.esm,zadx_StraitJacketLeatherDressBlackInventory,Black Leather Straitjacket Dress,missing armor addon/model links
0x4E2F3~Devious Devices - Expansion.esm,Devious Devices - Expansion.esm,zadx_StraitJacketLeatherDressBlackRendered,,missing display name
0x4E2F4~Devious Devices - Expansion.esm,Devious Devices - Expansion.esm,zadx_StraitJacketLeatherDressToplessBlackInventory,Black Leather Straitjacket Dress (Topless),missing armor addon/model links
0x4E2F5~Devious Devices - Expansion.esm,Devious Devices - Expansion.esm,zadx_StraitJacketLeatherDressToplessBlackRendered,,missing display name
0x4E2F6~Devious Devices - Expansion.esm,Devious Devices - Expansion.esm,zadx_StraitJacketLeatherDressRedInventory,Red Leather Straitjacket Dress,missing armor addon/model links
0x4E2F7~Devious Devices - Expansion.esm,Devious Devices - Expansion.esm,zadx_StraitJacketLeatherDressRedRendered,,missing display name
0x4E2F8~Devious Devices - Expansion.esm,Devious Devices - Expansion.esm,zadx_StraitJacketLeatherDressWhiteInventory,White Leather Straitjacket Dress,missing armor addon/model links
0x4E2F9~Devious Devices - Expansion.esm,Devious Devices - Expansion.esm,zadx_StraitJacketLeatherDressWhiteRendered,,missing display name
0x4E2FA~Devious Devices - Expansion.esm,Devious Devices - Expansion.esm,zadx_StraitJacketLeatherDressToplessRedInventory,Red Leather Straitjacket Dress (Topless),missing armor addon/model links
0x4E2FB~Devious Devices - Expansion.esm,Devious Devices - Expansion.esm,zadx_StraitJacketLeatherDressToplessRedRendered,,missing display name
0x4E2FC~Devious Devices - Expansion.esm,Devious Devices - Expansion.esm,zadx_StraitJacketLeatherDressToplessWhiteInventory,White Leather Straitjacket Dress (Topless),missing armor addon/model links
0x4E2FD~Devious Devices - Expansion.esm,Devious Devices - Expansion.esm,zadx_StraitJacketLeatherDressToplessWhiteRendered,,missing display name
0x4E309~Devious Devices - Expansion.esm,Devious Devices - Expansion.esm,zadx_dud_CollarSimpleBlack_Rendered,,missing display name
0x4E30A~Devious Devices - Expansion.esm,Devious Devices - Expansion.esm,zadx_dud_CollarSimpleBlack_Inventory,Black Ebonite Collar (Simple),missing armor addon/model links
0x4E30B~Devious Devices - Expansion.esm,Devious Devices - Expansion.esm,zadx_dud_CollarSimpleRed_Rendered,,missing display name
0x4E30C~Devious Devices - Expansion.esm,Devious Devices - Expansion.esm,zadx_dud_CollarSimpleRed_Inventory,Red Ebonite Collar (Simple),missing armor addon/model links
0x4E30D~Devious Devices - Expansion.esm,Devious Devices - Expansion.esm,zadx_dud_CollarSimpleWhite_Rendered,,missing display name
0x4E30E~Devious Devices - Expansion.esm,Devious Devices - Expansion.esm,zadx_dud_CollarSimpleWhite_Inventory,White Ebonite Collar (Simple),missing armor addon/model links
0x4E30F~Devious Devices - Expansion.esm,Devious Devices - Expansion.esm,zadx_dud_CollarStuddedBlack_Rendered,,missing display name
0x4E310~Devious Devices - Expansion.esm,Devious Devices - Expansion.esm,zadx_dud_CollarStuddedBlack_Inventory,Black Ebonite Collar (Studded),missing armor addon/model links
0x4E311~Devious Devices - Expansion.esm,Devious Devices - Expansion.esm,zadx_dud_CollarStuddedRed_Rendered,,missing display name
0x4E312~Devious Devices - Expansion.esm,Devious Devices - Expansion.esm,zadx_dud_CollarStuddedRed_Inventory,Red Ebonite Collar (Studded),missing armor addon/model links
0x4E313~Devious Devices - Expansion.esm,Devious Devices - Expansion.esm,zadx_dud_CollarStuddedWhite_Rendered,,missing display name
0x4E314~Devious Devices - Expansion.esm,Devious Devices - Expansion.esm,zadx_dud_CollarStuddedWhite_Inventory,White Ebonite Collar (Studded),missing armor addon/model links
0x4E315~Devious Devices - Expansion.esm,Devious Devices - Expansion.esm,zadx_dud_CollarSpikedBlack_Rendered,,missing display name
0x4E316~Devious Devices - Expansion.esm,Devious Devices - Expansion.esm,zadx_dud_CollarSpikedBlack_Inventory,Black Ebonite Collar (Spiked),missing armor addon/model links
0x4E317~Devious Devices - Expansion.esm,Devious Devices - Expansion.esm,zadx_dud_CollarSpikedRed_Rendered,,missing display name
0x4E318~Devious Devices - Expansion.esm,Devious Devices - Expansion.esm,zadx_dud_CollarSpikedRed_Inventory,Red Ebonite Collar (Spiked),missing armor addon/model links
0x4E319~Devious Devices - Expansion.esm,Devious Devices - Expansion.esm,zadx_dud_CollarSpikedWhite_Rendered,,missing display name
0x4E31A~Devious Devices - Expansion.esm,Devious Devices - Expansion.esm,zadx_dud_CollarSpikedWhite_Inventory,White Ebonite Collar (Spiked),missing armor addon/model links
0x4E89F~Devious Devices - Expansion.esm,Devious Devices - Expansion.esm,zadx_rope_crotch_Inventory,Crotch Rope,missing armor addon/model links
0x4E8A0~Devious Devices - Expansion.esm,Devious Devices - Expansion.esm,zadx_rope_crotch_Rendered,,missing display name
0x4E8A1~Devious Devices - Expansion.esm,Devious Devices - Expansion.esm,zadx_rope_cuffs_Arms_Inventory,Rope Arm Cuffs,missing armor addon/model links
0x4E8A2~Devious Devices - Expansion.esm,Devious Devices - Expansion.esm,zadx_rope_cuffs_Arms_Rendered,,missing display name
0x4E8A3~Devious Devices - Expansion.esm,Devious Devices - Expansion.esm,zadx_rope_cuffs_legs_Inventory,Rope Leg Cuffs,missing armor addon/model links
0x4E8A4~Devious Devices - Expansion.esm,Devious Devices - Expansion.esm,zadx_rope_cuffs_Legs_Rendered,,missing display name
0x4E8A5~Devious Devices - Expansion.esm,Devious Devices - Expansion.esm,zadx_rope_harness_chaotic_fulltop_Rendered,,missing display name
0x4E8A6~Devious Devices - Expansion.esm,Devious Devices - Expansion.esm,zadx_rope_harness_chaotic_fulltop_Inventory,Full Top Chaotic Rope Harness,missing armor addon/model links
0x4E8A7~Devious Devices - Expansion.esm,Devious Devices - Expansion.esm,zadx_rope_harness_chaotic_Hishi_Inventory,Hishi Chaotic Rope Harness,missing armor addon/model links
0x4E8A8~Devious Devices - Expansion.esm,Devious Devices - Expansion.esm,zadx_rope_harness_chaotic_hishi_Rendered,,missing display name
0x4E8A9~Devious Devices - Expansion.esm,Devious Devices - Expansion.esm,zadx_rope_harness_chaotic_Penta_Inventory,Pentagram Chaotic Rope Harness,missing armor addon/model links
0x4E8AA~Devious Devices - Expansion.esm,Devious Devices - Expansion.esm,zadx_rope_harness_chaotic_Penta_Rendered,,missing display name
0x4E8AB~Devious Devices - Expansion.esm,Devious Devices - Expansion.esm,zadx_rope_harness_chaotic_Simple_Inventory,Simple Chaotic Rope Harness,missing armor addon/model links
0x4E8AC~Devious Devices - Expansion.esm,Devious Devices - Expansion.esm,zadx_rope_harness_chaotic_Simple_Rendered,,missing display name
0x4E8AD~Devious Devices - Expansion.esm,Devious Devices - Expansion.esm,zadx_rope_harness_chaotic_Top_Inventory,Top Chaotic Rope Harness,missing armor addon/model links
0x4E8AE~Devious Devices - Expansion.esm,Devious Devices - Expansion.esm,zadx_rope_harness_chaotic_Top_Rendered,,missing display name
0x4E8AF~Devious Devices - Expansion.esm,Devious Devices - Expansion.esm,zadx_rope_harness_chaotic_Inventory,Chaotic Rope Harness,missing armor addon/model links
0x4E8B0~Devious Devices - Expansion.esm,Devious Devices - Expansion.esm,zadx_rope_harness_chaotic_Rendered,,missing display name
0x4E8B1~Devious Devices - Expansion.esm,Devious Devices - Expansion.esm,zadx_rope_harness_corset_chaotic_Penta_Inventory,Pentagram Chaotic Rope Corset,missing armor addon/model links
0x4E8B2~Devious Devices - Expansion.esm,Devious Devices - Expansion.esm,zadx_rope_harness_corset_chaotic_Penta_Rendered,,missing display name
0x4E8B3~Devious Devices - Expansion.esm,Devious Devices - Expansion.esm,zadx_rope_harness_corset_chaotic_Simple_Inventory,Simple Chaotic Rope Corset,missing armor addon/model links
0x4E8B4~Devious Devices - Expansion.esm,Devious Devices - Expansion.esm,zadx_rope_harness_corset_chaotic_Simple_Rendered,,missing display name
0x4E8B5~Devious Devices - Expansion.esm,Devious Devices - Expansion.esm,zadx_rope_harness_corset_chaotic_Top_Inventory,Top Chaotic Rope Corset,missing armor addon/model links
0x4E8B6~Devious Devices - Expansion.esm,Devious Devices - Expansion.esm,zadx_rope_harness_corset_chaotic_Top_Rendered,,missing display name
0x4E8B7~Devious Devices - Expansion.esm,Devious Devices - Expansion.esm,zadx_rope_harness_corset_chaotic_Rendered,,missing display name
0x4E8B8~Devious Devices - Expansion.esm,Devious Devices - Expansion.esm,zadx_rope_harness_corset_chaotic_Inventory,Chaotic Rope Corset,missing armor addon/model links
0x4E8B9~Devious Devices - Expansion.esm,Devious Devices - Expansion.esm,zadx_rope_harness_corset_Penta_Inventory,Pentagram Rope Corset,missing armor addon/model links
0x4E8BA~Devious Devices - Expansion.esm,Devious Devices - Expansion.esm,zadx_rope_harness_corset_Penta_Rendered,,missing display name
0x4E8BB~Devious Devices - Expansion.esm,Devious Devices - Expansion.esm,zadx_rope_harness_corset_Simple_Inventory,Simple Rope Corset,missing armor addon/model links
0x4E8BC~Devious Devices - Expansion.esm,Devious Devices - Expansion.esm,zadx_rope_harness_corset_Simple_Rendered,,missing display name
0x4E8BD~Devious Devices - Expansion.esm,Devious Devices - Expansion.esm,zadx_rope_harness_corset_Top_Inventory,Top Rope Corset,missing armor addon/model links
0x4E8BE~Devious Devices - Expansion.esm,Devious Devices - Expansion.esm,zadx_rope_harness_corset_Top_Rendered,,missing display name
0x4E8BF~Devious Devices - Expansion.esm,Devious Devices - Expansion.esm,zadx_rope_harness_corset_Rendered,,missing display name
0x4E8C0~Devious Devices - Expansion.esm,Devious Devices - Expansion.esm,zadx_rope_harness_corset_Inventory,Rope Corset,missing armor addon/model links
0x4EE23~Devious Devices - Expansion.esm,Devious Devices - Expansion.esm,zadx_rope_harness_corsetExp_Chaotic_Penta_Inventory,Chaotic Pentagram Rope Corset (Exp),missing armor addon/model links
0x4EE24~Devious Devices - Expansion.esm,Devious Devices - Expansion.esm,zadx_rope_harness_corsetExp_Chaotic_Penta_Rendered,,missing display name
0x4EE25~Devious Devices - Expansion.esm,Devious Devices - Expansion.esm,zadx_rope_harness_corsetExp_Chaotic_Simple_Inventory,Chaotic Simple Rope Corset (Exp),missing armor addon/model links
0x4EE26~Devious Devices - Expansion.esm,Devious Devices - Expansion.esm,zadx_rope_harness_corsetExp_Chaotic_Simple_Rendered,,missing display name
0x4EE27~Devious Devices - Expansion.esm,Devious Devices - Expansion.esm,zadx_rope_harness_corsetExp_chaotic_Top_Inventory,Chaotic Top Rope Corset (Exp),missing armor addon/model links
0x4EE28~Devious Devices - Expansion.esm,Devious Devices - Expansion.esm,zadx_rope_harness_corsetExp_Chaotic_Top_Rendered,,missing display name
0x4EE29~Devious Devices - Expansion.esm,Devious Devices - Expansion.esm,zadx_rope_harness_corsetExp_chaotic_Inventory,Chaotic Rope Corset (Exp),missing armor addon/model links
0x4EE2A~Devious Devices - Expansion.esm,Devious Devices - Expansion.esm,zadx_rope_harness_corsetExp_Chaotic_Rendered,,missing display name
0x4EE2B~Devious Devices - Expansion.esm,Devious Devices - Expansion.esm,zadx_rope_harness_corsetExp_Penta_Inventory,Pentagram Rope Corset (Exp),missing armor addon/model links
0x4EE2C~Devious Devices - Expansion.esm,Devious Devices - Expansion.esm,zadx_rope_harness_corsetExp_Penta_Rendered,,missing display name
0x4EE2D~Devious Devices - Expansion.esm,Devious Devices - Expansion.esm,zadx_rope_harness_corsetExp_Simple_Inventory,Simple Rope Corset (Exp),missing armor addon/model links
0x4EE2E~Devious Devices - Expansion.esm,Devious Devices - Expansion.esm,zadx_rope_harness_corsetExp_Simple_Rendered,,missing display name
0x4EE2F~Devious Devices - Expansion.esm,Devious Devices - Expansion.esm,zadx_rope_harness_corsetExp_Top_Inventory,Top Rope Corset (Exp),missing armor addon/model links
0x4EE30~Devious Devices - Expansion.esm,Devious Devices - Expansion.esm,zadx_rope_harness_corsetExp_Top_Rendered,,missing display name
0x4EE31~Devious Devices - Expansion.esm,Devious Devices - Expansion.esm,zadx_rope_harness_corsetExp_Inventory,Rope Corset (Exp),missing armor addon/model links
0x4EE32~Devious Devices - Expansion.esm,Devious Devices - Expansion.esm,zadx_rope_harness_corsetExp_Rendered,,missing display name
0x4EE33~Devious Devices - Expansion.esm,Devious Devices - Expansion.esm,zadx_rope_harness_Extreme_Inventory,Extreme Rope Harness,missing armor addon/model links
0x4EE34~Devious Devices - Expansion.esm,Devious Devices - Expansion.esm,zadx_rope_harness_Extreme_Rendered,,missing display name
0x4EE35~Devious Devices - Expansion.esm,Devious Devices - Expansion.esm,zadx_rope_harness_FullTop_Inventory,Full Top Rope Harness,missing armor addon/model links
0x4EE36~Devious Devices - Expansion.esm,Devious Devices - Expansion.esm,zadx_rope_harness_FullTop_Rendered,,missing display name
0x4EE37~Devious Devices - Expansion.esm,Devious Devices - Expansion.esm,zadx_rope_harness_Hishi_Inventory,Hishi Karada Rope Harness,missing armor addon/model links
0x4EE38~Devious Devices - Expansion.esm,Devious Devices - Expansion.esm,zadx_rope_harness_Hishi_Rendered,,missing display name
0x4EE39~Devious Devices - Expansion.esm,Devious Devices - Expansion.esm,zadx_rope_harness_Penta_Crotch_Inventory,Pentagram Crotch Rope Harness,missing armor addon/model links
0x4EE3A~Devious Devices - Expansion.esm,Devious Devices - Expansion.esm,zadx_rope_harness_Penta_Crotch_Rendered,,missing display name
0x4EE3B~Devious Devices - Expansion.esm,Devious Devices - Expansion.esm,zadx_rope_harness_Penta_Inventory,Pentagram Rope Harness,missing armor addon/model links
0x4EE3C~Devious Devices - Expansion.esm,Devious Devices - Expansion.esm,zadx_rope_harness_Penta_Rendered,,missing display name
0x4EE3D~Devious Devices - Expansion.esm,Devious Devices - Expansion.esm,zadx_rope_harness_Simple_Crotch_Inventory,Simple Crotch Rope Harness,missing armor addon/model links
0x4EE3E~Devious Devices - Expansion.esm,Devious Devices - Expansion.esm,zadx_rope_harness_Simple_Crotch_Rendered,,missing display name
0x4EE3F~Devious Devices - Expansion.esm,Devious Devices - Expansion.esm,zadx_rope_harness_Simple_Inventory,Simple Rope Harness,missing armor addon/model links
0x4EE40~Devious Devices - Expansion.esm,Devious Devices - Expansion.esm,zadx_rope_harness_Simple_Rendered,,missing display name
0x4EE41~Devious Devices - Expansion.esm,Devious Devices - Expansion.esm,zadx_rope_harness_Top_Crotch_Inventory,Top Crotch Rope Harness,missing armor addon/model links
0x4EE42~Devious Devices - Expansion.esm,Devious Devices - Expansion.esm,zadx_rope_harness_Top_Crotch_Rendered,,missing display name
0x4EE43~Devious Devices - Expansion.esm,Devious Devices - Expansion.esm,zadx_rope_harness_Top_Rendered,,missing display name
0x4EE44~Devious Devices - Expansion.esm,Devious Devices - Expansion.esm,zadx_rope_harness_Top_Inventory,Top Rope Harness,missing armor addon/model links
0x4F90E~Devious Devices - Expansion.esm,Devious Devices - Expansion.esm,zadx_Collar_Chain_Inventory,Chain Collar,missing armor addon/model links
0x4F90F~Devious Devices - Expansion.esm,Devious Devices - Expansion.esm,zadx_Collar_chain_Rendered,,missing display name
0x4F910~Devious Devices - Expansion.esm,Devious Devices - Expansion.esm,zadx_Collar_Bell_Inventory,Bell Collar,missing armor addon/model links
0x4F911~Devious Devices - Expansion.esm,Devious Devices - Expansion.esm,zadx_Collar_Bell_Rendered,,missing display name
0x4F912~Devious Devices - Expansion.esm,Devious Devices - Expansion.esm,zadx_Collar_Kitten_Inventory,Kitten Collar,missing armor addon/model links
0x4F913~Devious Devices - Expansion.esm,Devious Devices - Expansion.esm,zadx_Collar_Kitten_Rendered,,missing display name
0x4F914~Devious Devices - Expansion.esm,Devious Devices - Expansion.esm,zadx_Collar_Pet_Inventory,Pet Collar,missing armor addon/model links
0x4F915~Devious Devices - Expansion.esm,Devious Devices - Expansion.esm,zadx_Collar_Pet_Rendered,,missing display name
0x4F916~Devious Devices - Expansion.esm,Devious Devices - Expansion.esm,zadx_Collar_Puppy_Inventory,Puppy Collar,missing armor addon/model links
0x4F917~Devious Devices - Expansion.esm,Devious Devices - Expansion.esm,zadx_Collar_Puppy_Rendered,,missing display name
0x4F918~Devious Devices - Expansion.esm,Devious Devices - Expansion.esm,zadx_Gag_Bone_Black_Rendered,,missing display name
0x4F919~Devious Devices - Expansion.esm,Devious Devices - Expansion.esm,zadx_Gag_Bone_Black_Inventory,Black Bone Gag,missing armor addon/model links
0x4F921~Devious Devices - Expansion.esm,Devious Devices - Expansion.esm,zadx_Gag_Bone_Pink_Inventory,Pink Bone Gag,missing armor addon/model links
0x4F922~Devious Devices - Expansion.esm,Devious Devices - Expansion.esm,zadx_Gag_Bone_Pink_Rendered,,missing display name
0x4F923~Devious Devices - Expansion.esm,Devious Devices - Expansion.esm,zadx_Gag_Bone_Red_Inventory,Red Bone Gag,missing armor addon/model links
0x4F924~Devious Devices - Expansion.esm,Devious Devices - Expansion.esm,zadx_Gag_Bone_Red_Rendered,,missing display name
0x4F925~Devious Devices - Expansion.esm,Devious Devices - Expansion.esm,zadx_Gag_Ball_Extreme_Purple_Inventory,Extreme Ball Gag Harness (Purple),missing armor addon/model links
0x4F926~Devious Devices - Expansion.esm,Devious Devices - Expansion.esm,zadx_Gag_Ball_Extreme_Purple_Rendered,,missing display name
0x4F927~Devious Devices - Expansion.esm,Devious Devices - Expansion.esm,zadx_Gag_Ball_Extreme_Red_Inventory,Extreme Ball Gag Harness (Red),missing armor addon/model links
0x4F928~Devious Devices - Expansion.esm,Devious Devices - Expansion.esm,zadx_Gag_Ball_Extreme_Red_Rendered,,missing display name
0x4F929~Devious Devices - Expansion.esm,Devious Devices - Expansion.esm,zadx_Gag_Panel_Extreme_Rendered,,missing display name
0x4F92A~Devious Devices - Expansion.esm,Devious Devices - Expansion.esm,zadx_Gag_Inflat_Extreme_Rendered,,missing display name
0x4F92B~Devious Devices - Expansion.esm,Devious Devices - Expansion.esm,zadx_Gag_Inflat_Extreme_Inventory,Extreme Inflatable Gag Harness,missing armor addon/model links
0x4F92C~Devious Devices - Expansion.esm,Devious Devices - Expansion.esm,zadx_Gag_Panel_Extreme_Inventory,Extreme Panel Gag Harness,missing armor addon/model links
0x4F92D~Devious Devices - Expansion.esm,Devious Devices - Expansion.esm,zadx_yoke_simple_Inventory,Steel Yoke,missing armor addon/model links
0x4F92E~Devious Devices - Expansion.esm,Devious Devices - Expansion.esm,zadx_yoke_simple_Rendered,,missing display name
0x4FE93~Devious Devices - Expansion.esm,Devious Devices - Expansion.esm,zadx_Gag_Ball_Extreme_Black_Inventory,Extreme Ball Gag Harness (Black),missing armor addon/model links
0x4FE94~Devious Devices - Expansion.esm,Devious Devices - Expansion.esm,zadx_Gag_Ball_Extreme_Black_Rendered,,missing display name
0x509C4~Devious Devices - Expansion.esm,Devious Devices - Expansion.esm,zadx_rope_red_crotch_Inventory,Red Crotch Rope,missing armor addon/model links
0x509C5~Devious Devices - Expansion.esm,Devious Devices - Expansion.esm,zadx_rope_red_crotch_Rendered,,missing display name
0x509C6~Devious Devices - Expansion.esm,Devious Devices - Expansion.esm,zadx_rope_red_cuffs_Arms_Inventory,Red Rope Arm Cuffs,missing armor addon/model links
0x509C7~Devious Devices - Expansion.esm,Devious Devices - Expansion.esm,zadx_rope_red_cuffs_Arms_Rendered,,missing display name
0x509C8~Devious Devices - Expansion.esm,Devious Devices - Expansion.esm,zadx_rope_red_cuffs_legs_Inventory,Red Rope Leg Cuffs,missing armor addon/model links
0x509C9~Devious Devices - Expansion.esm,Devious Devices - Expansion.esm,zadx_rope_red_cuffs_Legs_Rendered,,missing display name
0x509CA~Devious Devices - Expansion.esm,Devious Devices - Expansion.esm,zadx_rope_red_harness_chaotic_fulltop_Inventory,Red Full Top Chaotic Rope Harness,missing armor addon/model links
0x509CB~Devious Devices - Expansion.esm,Devious Devices - Expansion.esm,zadx_rope_red_harness_chaotic_fulltop_Rendered,,missing display name
0x509CC~Devious Devices - Expansion.esm,Devious Devices - Expansion.esm,zadx_rope_red_harness_chaotic_Hishi_Inventory,Red Hishi Chaotic Rope Harness,missing armor addon/model links
0x509CD~Devious Devices - Expansion.esm,Devious Devices - Expansion.esm,zadx_rope_red_harness_chaotic_hishi_Rendered,,missing display name
0x509CE~Devious Devices - Expansion.esm,Devious Devices - Expansion.esm,zadx_rope_red_harness_chaotic_Inventory,Red Chaotic Rope Harness,missing armor addon/model links
0x509CF~Devious Devices - Expansion.esm,Devious Devices - Expansion.esm,zadx_rope_red_harness_chaotic_Penta_Inventory,Red Pentagram Chaotic Rope Harness,missing armor addon/model links
0x509D0~Devious Devices - Expansion.esm,Devious Devices - Expansion.esm,zadx_rope_red_harness_chaotic_Penta_Rendered,,missing display name
0x509D1~Devious Devices - Expansion.esm,Devious Devices - Expansion.esm,zadx_rope_red_harness_chaotic_Rendered,,missing display name
0x509D2~Devious Devices - Expansion.esm,Devious Devices - Expansion.esm,zadx_rope_red_harness_chaotic_Simple_Inventory,Red Simple Chaotic Rope Harness,missing armor addon/model links
0x509D3~Devious Devices - Expansion.esm,Devious Devices - Expansion.esm,zadx_rope_red_harness_chaotic_Simple_Rendered,,missing display name
0x509D4~Devious Devices - Expansion.esm,Devious Devices - Expansion.esm,zadx_rope_red_harness_chaotic_Top_Inventory,Red Top Chaotic Rope Harness,missing armor addon/model links
0x509D5~Devious Devices - Expansion.esm,Devious Devices - Expansion.esm,zadx_rope_red_harness_chaotic_Top_Rendered,,missing display name
0x509D6~Devious Devices - Expansion.esm,Devious Devices - Expansion.esm,zadx_rope_red_harness_corset_chaotic_Inventory,Red Chaotic Rope Corset,missing armor addon/model links
0x509D7~Devious Devices - Expansion.esm,Devious Devices - Expansion.esm,zadx_rope_red_harness_corset_chaotic_Penta_Inventory,Red Pentagram Chaotic Rope Corset,missing armor addon/model links
0x509D8~Devious Devices - Expansion.esm,Devious Devices - Expansion.esm,zadx_rope_red_harness_corset_chaotic_Penta_Rendered,,missing display name
0x509D9~Devious Devices - Expansion.esm,Devious Devices - Expansion.esm,zadx_rope_red_harness_corset_chaotic_Rendered,,missing display name
0x509DA~Devious Devices - Expansion.esm,Devious Devices - Expansion.esm,zadx_rope_red_harness_corset_chaotic_Simple_Rendered,,missing display name
0x509DB~Devious Devices - Expansion.esm,Devious Devices - Expansion.esm,zadx_rope_red_harness_corset_chaotic_Simple_Inventory,Red Simple Chaotic Rope Corset,missing armor addon/model links
0x509DC~Devious Devices - Expansion.esm,Devious Devices - Expansion.esm,zadx_rope_red_harness_corset_chaotic_Top_Inventory,Red Top Chaotic Rope Corset,missing armor addon/model links
0x509DD~Devious Devices - Expansion.esm,Devious Devices - Expansion.esm,zadx_rope_red_harness_corset_chaotic_Top_Rendered,,missing display name
0x509DE~Devious Devices - Expansion.esm,Devious Devices - Expansion.esm,zadx_rope_red_harness_corset_Inventory,Red Rope Corset,missing armor addon/model links
0x509DF~Devious Devices - Expansion.esm,Devious Devices - Expansion.esm,zadx_rope_red_harness_corset_Penta_Inventory,Red Pentagram Rope Corset,missing armor addon/model links
0x509E0~Devious Devices - Expansion.esm,Devious Devices - Expansion.esm,zadx_rope_red_harness_corset_Penta_Rendered,,missing display name
0x509E1~Devious Devices - Expansion.esm,Devious Devices - Expansion.esm,zadx_rope_red_harness_corset_Rendered,,missing display name
0x509E2~Devious Devices - Expansion.esm,Devious Devices - Expansion.esm,zadx_rope_red_harness_corset_Simple_Inventory,Red Simple Rope Corset,missing armor addon/model links
0x509E3~Devious Devices - Expansion.esm,Devious Devices - Expansion.esm,zadx_rope_red_harness_corset_Simple_Rendered,,missing display name
0x509E4~Devious Devices - Expansion.esm,Devious Devices - Expansion.esm,zadx_rope_red_harness_corset_Top_Rendered,,missing display name
0x509E5~Devious Devices - Expansion.esm,Devious Devices - Expansion.esm,zadx_rope_red_harness_corset_Top_Inventory,Red Top Rope Corset,missing armor addon/model links
0x509E6~Devious Devices - Expansion.esm,Devious Devices - Expansion.esm,zadx_rope_red_harness_corsetExp_chaotic_Inventory,Red Chaotic Rope Corset (Exp),missing armor addon/model links
0x509E7~Devious Devices - Expansion.esm,Devious Devices - Expansion.esm,zadx_rope_red_harness_corsetExp_Chaotic_Penta_Inventory,Red Chaotic Pentagram Rope Corset (Exp),missing armor addon/model links
0x509E8~Devious Devices - Expansion.esm,Devious Devices - Expansion.esm,zadx_rope_red_harness_corsetExp_Chaotic_Penta_Rendered,,missing display name
0x509E9~Devious Devices - Expansion.esm,Devious Devices - Expansion.esm,zadx_rope_red_harness_corsetExp_Chaotic_Rendered,,missing display name
0x509EA~Devious Devices - Expansion.esm,Devious Devices - Expansion.esm,zadx_rope_red_harness_corsetExp_Chaotic_Simple_Inventory,Red Chaotic Simple Rope Corset (Exp),missing armor addon/model links
0x509EB~Devious Devices - Expansion.esm,Devious Devices - Expansion.esm,zadx_rope_red_harness_corsetExp_Chaotic_Simple_Rendered,,missing display name
0x509EC~Devious Devices - Expansion.esm,Devious Devices - Expansion.esm,zadx_rope_red_harness_corsetExp_chaotic_Top_Inventory,Red Chaotic Top Rope Corset (Exp),missing armor addon/model links
0x509ED~Devious Devices - Expansion.esm,Devious Devices - Expansion.esm,zadx_rope_red_harness_corsetExp_Chaotic_Top_Rendered,,missing display name
0x509EE~Devious Devices - Expansion.esm,Devious Devices - Expansion.esm,zadx_rope_red_harness_corsetExp_Inventory,Red Rope Corset (Exp),missing armor addon/model links
0x509EF~Devious Devices - Expansion.esm,Devious Devices - Expansion.esm,zadx_rope_red_harness_corsetExp_Penta_Inventory,Red Pentagram Rope Corset (Exp),missing armor addon/model links
0x509F0~Devious Devices - Expansion.esm,Devious Devices - Expansion.esm,zadx_rope_red_harness_corsetExp_Penta_Rendered,,missing display name
0x509F1~Devious Devices - Expansion.esm,Devious Devices - Expansion.esm,zadx_rope_red_harness_corsetExp_Rendered,,missing display name
0x509F2~Devious Devices - Expansion.esm,Devious Devices - Expansion.esm,zadx_rope_red_harness_corsetExp_Simple_Inventory,Red Simple Rope Corset (Exp),missing armor addon/model links
0x509F3~Devious Devices - Expansion.esm,Devious Devices - Expansion.esm,zadx_rope_red_harness_corsetExp_Simple_Rendered,,missing display name
0x509F4~Devious Devices - Expansion.esm,Devious Devices - Expansion.esm,zadx_rope_red_harness_corsetExp_Top_Inventory,Red Top Rope Corset (Exp),missing armor addon/model links
0x509F5~Devious Devices - Expansion.esm,Devious Devices - Expansion.esm,zadx_rope_red_harness_corsetExp_Top_Rendered,,missing display name
0x509F6~Devious Devices - Expansion.esm,Devious Devices - Expansion.esm,zadx_rope_red_harness_Extreme_Inventory,Red Extreme Rope Harness,missing armor addon/model links
0x509F7~Devious Devices - Expansion.esm,Devious Devices - Expansion.esm,zadx_rope_red_harness_Extreme_Rendered,,missing display name
0x509F8~Devious Devices - Expansion.esm,Devious Devices - Expansion.esm,zadx_rope_red_harness_FullTop_Inventory,Red Full Top Rope Harness,missing armor addon/model links
0x509F9~Devious Devices - Expansion.esm,Devious Devices - Expansion.esm,zadx_rope_red_harness_FullTop_Rendered,,missing display name
0x509FA~Devious Devices - Expansion.esm,Devious Devices - Expansion.esm,zadx_rope_red_harness_Hishi_Inventory,Red Hishi Karada Rope Harness,missing armor addon/model links
0x509FB~Devious Devices - Expansion.esm,Devious Devices - Expansion.esm,zadx_rope_red_harness_Hishi_Rendered,,missing display name
0x509FC~Devious Devices - Expansion.esm,Devious Devices - Expansion.esm,zadx_rope_red_harness_Penta_Crotch_Inventory,Red Pentagram Crotch Rope Harness,missing armor addon/model links
0x509FD~Devious Devices - Expansion.esm,Devious Devices - Expansion.esm,zadx_rope_red_harness_Penta_Crotch_Rendered,,missing display name
0x509FE~Devious Devices - Expansion.esm,Devious Devices - Expansion.esm,zadx_rope_red_harness_Penta_Inventory,Red Pentagram Rope Harness,missing armor addon/model links
0x509FF~Devious Devices - Expansion.esm,Devious Devices - Expansion.esm,zadx_rope_red_harness_Penta_Rendered,,missing display name
0x50A00~Devious Devices - Expansion.esm,Devious Devices - Expansion.esm,zadx_rope_red_harness_Simple_Crotch_Inventory,Red Simple Crotch Rope Harness,missing armor addon/model links
0x50A01~Devious Devices - Expansion.esm,Devious Devices - Expansion.esm,zadx_rope_red_harness_Simple_Crotch_Rendered,,missing display name
0x50A02~Devious Devices - Expansion.esm,Devious Devices - Expansion.esm,zadx_rope_red_harness_Simple_Inventory,Red Simple Rope Harness,missing armor addon/model links
0x50A03~Devious Devices - Expansion.esm,Devious Devices - Expansion.esm,zadx_rope_red_harness_Simple_Rendered,,missing display name
0x50A04~Devious Devices - Expansion.esm,Devious Devices - Expansion.esm,zadx_rope_red_harness_Top_Crotch_Inventory,Red Top Crotch Rope Harness,missing armor addon/model links
0x50A05~Devious Devices - Expansion.esm,Devious Devices - Expansion.esm,zadx_rope_red_harness_Top_Crotch_Rendered,,missing display name
0x50A06~Devious Devices - Expansion.esm,Devious Devices - Expansion.esm,zadx_rope_red_harness_Top_Inventory,Red Top Rope Harness,missing armor addon/model links
0x50A07~Devious Devices - Expansion.esm,Devious Devices - Expansion.esm,zadx_rope_red_harness_Top_Rendered,,missing display name
0x51F93~Devious Devices - Expansion.esm,Devious Devices - Expansion.esm,zadx_rope_black_crotch_Rendered,,missing display name
0x51F94~Devious Devices - Expansion.esm,Devious Devices - Expansion.esm,zadx_rope_black_cuffs_Arms_Rendered,,missing display name
0x51F95~Devious Devices - Expansion.esm,Devious Devices - Expansion.esm,zadx_rope_black_cuffs_Legs_Rendered,,missing display name
0x51F96~Devious Devices - Expansion.esm,Devious Devices - Expansion.esm,zadx_rope_black_harness_chaotic_fulltop_Rendered,,missing display name
0x51F97~Devious Devices - Expansion.esm,Devious Devices - Expansion.esm,zadx_rope_black_harness_chaotic_hishi_Rendered,,missing display name
0x51F98~Devious Devices - Expansion.esm,Devious Devices - Expansion.esm,zadx_rope_black_harness_chaotic_Penta_Rendered,,missing display name
0x51F99~Devious Devices - Expansion.esm,Devious Devices - Expansion.esm,zadx_rope_black_harness_chaotic_Rendered,,missing display name
0x51F9A~Devious Devices - Expansion.esm,Devious Devices - Expansion.esm,zadx_rope_black_harness_chaotic_Simple_Rendered,,missing display name
0x51F9B~Devious Devices - Expansion.esm,Devious Devices - Expansion.esm,zadx_rope_black_harness_chaotic_Top_Rendered,,missing display name
0x51F9C~Devious Devices - Expansion.esm,Devious Devices - Expansion.esm,zadx_rope_black_harness_corset_chaotic_Penta_Rendered,,missing display name
0x51F9D~Devious Devices - Expansion.esm,Devious Devices - Expansion.esm,zadx_rope_black_harness_corset_chaotic_Rendered,,missing display name
0x51F9E~Devious Devices - Expansion.esm,Devious Devices - Expansion.esm,zadx_rope_black_harness_corset_chaotic_Simple_Rendered,,missing display name
0x51F9F~Devious Devices - Expansion.esm,Devious Devices - Expansion.esm,zadx_rope_black_harness_corset_chaotic_Top_Rendered,,missing display name
0x51FA0~Devious Devices - Expansion.esm,Devious Devices - Expansion.esm,zadx_rope_black_harness_corset_Penta_Rendered,,missing display name
0x51FA1~Devious Devices - Expansion.esm,Devious Devices - Expansion.esm,zadx_rope_black_harness_corset_Rendered,,missing display name
0x51FA2~Devious Devices - Expansion.esm,Devious Devices - Expansion.esm,zadx_rope_black_harness_corset_Simple_Rendered,,missing display name
0x51FA3~Devious Devices - Expansion.esm,Devious Devices - Expansion.esm,zadx_rope_black_harness_corset_Top_Rendered,,missing display name
0x51FA4~Devious Devices - Expansion.esm,Devious Devices - Expansion.esm,zadx_rope_black_harness_corsetExp_Chaotic_Penta_Rendered,,missing display name
0x51FA5~Devious Devices - Expansion.esm,Devious Devices - Expansion.esm,zadx_rope_black_harness_corsetExp_Chaotic_Rendered,,missing display name
0x51FA6~Devious Devices - Expansion.esm,Devious Devices - Expansion.esm,zadx_rope_black_harness_corsetExp_Chaotic_Simple_Rendered,,missing display name
0x51FA7~Devious Devices - Expansion.esm,Devious Devices - Expansion.esm,zadx_rope_black_harness_corsetExp_Chaotic_Top_Rendered,,missing display name
0x51FA8~Devious Devices - Expansion.esm,Devious Devices - Expansion.esm,zadx_rope_black_harness_corsetExp_Penta_Rendered,,missing display name
0x51FA9~Devious Devices - Expansion.esm,Devious Devices - Expansion.esm,zadx_rope_black_harness_corsetExp_Rendered,,missing display name
0x51FAA~Devious Devices - Expansion.esm,Devious Devices - Expansion.esm,zadx_rope_black_harness_corsetExp_Simple_Rendered,,missing display name
0x51FAB~Devious Devices - Expansion.esm,Devious Devices - Expansion.esm,zadx_rope_black_harness_corsetExp_Top_Rendered,,missing display name
0x51FAC~Devious Devices - Expansion.esm,Devious Devices - Expansion.esm,zadx_rope_black_harness_Extreme_Rendered,,missing display name
0x51FAD~Devious Devices - Expansion.esm,Devious Devices - Expansion.esm,zadx_rope_black_harness_FullTop_Rendered,,missing display name
0x51FAE~Devious Devices - Expansion.esm,Devious Devices - Expansion.esm,zadx_rope_black_harness_Hishi_Rendered,,missing display name
0x51FAF~Devious Devices - Expansion.esm,Devious Devices - Expansion.esm,zadx_rope_black_harness_Penta_Crotch_Rendered,,missing display name
0x51FB0~Devious Devices - Expansion.esm,Devious Devices - Expansion.esm,zadx_rope_black_harness_Penta_Rendered,,missing display name
0x51FB1~Devious Devices - Expansion.esm,Devious Devices - Expansion.esm,zadx_rope_black_harness_Simple_Crotch_Rendered,,missing display name
0x51FB2~Devious Devices - Expansion.esm,Devious Devices - Expansion.esm,zadx_rope_black_harness_Simple_Rendered,,missing display name
0x51FB3~Devious Devices - Expansion.esm,Devious Devices - Expansion.esm,zadx_rope_black_harness_Top_Crotch_Rendered,,missing display name
0x51FB4~Devious Devices - Expansion.esm,Devious Devices - Expansion.esm,zadx_rope_black_harness_Top_Rendered,,missing display name
0x51FB5~Devious Devices - Expansion.esm,Devious Devices - Expansion.esm,zadx_rope_black_crotch_Inventory,Black Crotch Rope,missing armor addon/model links
0x51FB6~Devious Devices - Expansion.esm,Devious Devices - Expansion.esm,zadx_rope_black_cuffs_Arms_Inventory,Black Rope Arm Cuffs,missing armor addon/model links
0x51FB7~Devious Devices - Expansion.esm,Devious Devices - Expansion.esm,zadx_rope_black_cuffs_legs_Inventory,Black Rope Leg Cuffs,missing armor addon/model links
0x51FB8~Devious Devices - Expansion.esm,Devious Devices - Expansion.esm,zadx_rope_black_harness_chaotic_fulltop_Inventory,Black Full Top Chaotic Rope Harness,missing armor addon/model links
0x51FB9~Devious Devices - Expansion.esm,Devious Devices - Expansion.esm,zadx_rope_black_harness_chaotic_Hishi_Inventory,Black Hishi Chaotic Rope Harness,missing armor addon/model links
0x51FBA~Devious Devices - Expansion.esm,Devious Devices - Expansion.esm,zadx_rope_black_harness_chaotic_Inventory,Black Chaotic Rope Harness,missing armor addon/model links
0x51FBB~Devious Devices - Expansion.esm,Devious Devices - Expansion.esm,zadx_rope_black_harness_chaotic_Penta_Inventory,Black Pentagram Chaotic Rope Harness,missing armor addon/model links
0x51FBC~Devious Devices - Expansion.esm,Devious Devices - Expansion.esm,zadx_rope_black_harness_chaotic_Simple_Inventory,Black Simple Chaotic Rope Harness,missing armor addon/model links
0x51FBD~Devious Devices - Expansion.esm,Devious Devices - Expansion.esm,zadx_rope_black_harness_chaotic_Top_Inventory,Black Top Chaotic Rope Harness,missing armor addon/model links
0x51FBE~Devious Devices - Expansion.esm,Devious Devices - Expansion.esm,zadx_rope_black_harness_corset_chaotic_Inventory,Black Chaotic Rope Corset,missing armor addon/model links
0x51FBF~Devious Devices - Expansion.esm,Devious Devices - Expansion.esm,zadx_rope_black_harness_corset_chaotic_Penta_Inventory,Black Pentagram Chaotic Rope Corset,missing armor addon/model links
0x51FC0~Devious Devices - Expansion.esm,Devious Devices - Expansion.esm,zadx_rope_black_harness_corset_chaotic_Simple_Inventory,Black Simple Chaotic Rope Corset,missing armor addon/model links
0x51FC1~Devious Devices - Expansion.esm,Devious Devices - Expansion.esm,zadx_rope_black_harness_corset_chaotic_Top_Inventory,Black Top Chaotic Rope Corset,missing armor addon/model links
0x51FC2~Devious Devices - Expansion.esm,Devious Devices - Expansion.esm,zadx_rope_black_harness_corset_Inventory,Black Rope Corset,missing armor addon/model links
0x51FC3~Devious Devices - Expansion.esm,Devious Devices - Expansion.esm,zadx_rope_black_harness_corset_Penta_Inventory,Black Pentagram Rope Corset,missing armor addon/model links
0x51FC4~Devious Devices - Expansion.esm,Devious Devices - Expansion.esm,zadx_rope_black_harness_corset_Simple_Inventory,Black Simple Rope Corset,missing armor addon/model links
0x51FC5~Devious Devices - Expansion.esm,Devious Devices - Expansion.esm,zadx_rope_black_harness_corset_Top_Inventory,Black Top Rope Corset,missing armor addon/model links
0x51FC6~Devious Devices - Expansion.esm,Devious Devices - Expansion.esm,zadx_rope_black_harness_corsetExp_chaotic_Inventory,Black Chaotic Rope Corset (Exp),missing armor addon/model links
0x51FC7~Devious Devices - Expansion.esm,Devious Devices - Expansion.esm,zadx_rope_black_harness_corsetExp_Chaotic_Penta_Inventory,Black Chaotic Pentagram Rope Corset (Exp),missing armor addon/model links
0x51FC8~Devious Devices - Expansion.esm,Devious Devices - Expansion.esm,zadx_rope_black_harness_corsetExp_Chaotic_Simple_Inventory,Black Chaotic Simple Rope Corset (Exp),missing armor addon/model links
0x51FC9~Devious Devices - Expansion.esm,Devious Devices - Expansion.esm,zadx_rope_black_harness_corsetExp_chaotic_Top_Inventory,Black Chaotic Top Rope Corset (Exp),missing armor addon/model links
0x51FCA~Devious Devices - Expansion.esm,Devious Devices - Expansion.esm,zadx_rope_black_harness_corsetExp_Inventory,Black Rope Corset (Exp),missing armor addon/model links
0x51FCB~Devious Devices - Expansion.esm,Devious Devices - Expansion.esm,zadx_rope_black_harness_corsetExp_Penta_Inventory,Black Pentagram Rope Corset (Exp),missing armor addon/model links
0x51FCC~Devious Devices - Expansion.esm,Devious Devices - Expansion.esm,zadx_rope_black_harness_corsetExp_Simple_Inventory,Black Simple Rope Corset (Exp),missing armor addon/model links
0x51FCD~Devious Devices - Expansion.esm,Devious Devices - Expansion.esm,zadx_rope_black_harness_corsetExp_Top_Inventory,Black Top Rope Corset (Exp),missing armor addon/model links
0x51FCE~Devious Devices - Expansion.esm,Devious Devices - Expansion.esm,zadx_rope_black_harness_Extreme_Inventory,Black Extreme Rope Harness,missing armor addon/model links
0x51FCF~Devious Devices - Expansion.esm,Devious Devices - Expansion.esm,zadx_rope_black_harness_FullTop_Inventory,Black Full Top Rope Harness,missing armor addon/model links
0x51FD0~Devious Devices - Expansion.esm,Devious Devices - Expansion.esm,zadx_rope_black_harness_Hishi_Inventory,Black Hishi Karada Rope Harness,missing armor addon/model links
0x51FD1~Devious Devices - Expansion.esm,Devious Devices - Expansion.esm,zadx_rope_black_harness_Penta_Crotch_Inventory,Black Pentagram Crotch Rope Harness,missing armor addon/model links
0x51FD2~Devious Devices - Expansion.esm,Devious Devices - Expansion.esm,zadx_rope_black_harness_Penta_Inventory,Black Pentagram Rope Harness,missing armor addon/model links
0x51FD3~Devious Devices - Expansion.esm,Devious Devices - Expansion.esm,zadx_rope_black_harness_Simple_Crotch_Inventory,Black Simple Crotch Rope Harness,missing armor addon/model links
0x51FD4~Devious Devices - Expansion.esm,Devious Devices - Expansion.esm,zadx_rope_black_harness_Simple_Inventory,Black Simple Rope Harness,missing armor addon/model links
0x51FD5~Devious Devices - Expansion.esm,Devious Devices - Expansion.esm,zadx_rope_black_harness_Top_Crotch_Inventory,Black Top Crotch Rope Harness,missing armor addon/model links
0x51FD6~Devious Devices - Expansion.esm,Devious Devices - Expansion.esm,zadx_rope_black_harness_Top_Inventory,Black Top Rope Harness,missing armor addon/model links
0x52539~Devious Devices - Expansion.esm,Devious Devices - Expansion.esm,zadx_rope_white_crotch_Rendered,,missing display name
0x5253A~Devious Devices - Expansion.esm,Devious Devices - Expansion.esm,zadx_rope_white_cuffs_Arms_Rendered,,missing display name
0x5253B~Devious Devices - Expansion.esm,Devious Devices - Expansion.esm,zadx_rope_white_cuffs_Legs_Rendered,,missing display name
0x5253C~Devious Devices - Expansion.esm,Devious Devices - Expansion.esm,zadx_rope_white_harness_chaotic_fulltop_Rendered,,missing display name
0x5253D~Devious Devices - Expansion.esm,Devious Devices - Expansion.esm,zadx_rope_white_harness_chaotic_hishi_Rendered,,missing display name
0x5253E~Devious Devices - Expansion.esm,Devious Devices - Expansion.esm,zadx_rope_white_harness_chaotic_Penta_Rendered,,missing display name
0x5253F~Devious Devices - Expansion.esm,Devious Devices - Expansion.esm,zadx_rope_white_harness_chaotic_Rendered,,missing display name
0x52540~Devious Devices - Expansion.esm,Devious Devices - Expansion.esm,zadx_rope_white_harness_chaotic_Simple_Rendered,,missing display name
0x52541~Devious Devices - Expansion.esm,Devious Devices - Expansion.esm,zadx_rope_white_harness_chaotic_Top_Rendered,,missing display name
0x52542~Devious Devices - Expansion.esm,Devious Devices - Expansion.esm,zadx_rope_white_harness_corset_chaotic_Penta_Rendered,,missing display name
0x52543~Devious Devices - Expansion.esm,Devious Devices - Expansion.esm,zadx_rope_white_harness_corset_chaotic_Rendered,,missing display name
0x52544~Devious Devices - Expansion.esm,Devious Devices - Expansion.esm,zadx_rope_white_harness_corset_chaotic_Simple_Rendered,,missing display name
0x52545~Devious Devices - Expansion.esm,Devious Devices - Expansion.esm,zadx_rope_white_harness_corset_chaotic_Top_Rendered,,missing display name
0x52546~Devious Devices - Expansion.esm,Devious Devices - Expansion.esm,zadx_rope_white_harness_corset_Penta_Rendered,,missing display name
0x52547~Devious Devices - Expansion.esm,Devious Devices - Expansion.esm,zadx_rope_white_harness_corset_Rendered,,missing display name
0x52548~Devious Devices - Expansion.esm,Devious Devices - Expansion.esm,zadx_rope_white_harness_corset_Simple_Rendered,,missing display name
0x52549~Devious Devices - Expansion.esm,Devious Devices - Expansion.esm,zadx_rope_white_harness_corset_Top_Rendered,,missing display name
0x5254A~Devious Devices - Expansion.esm,Devious Devices - Expansion.esm,zadx_rope_white_harness_corsetExp_Chaotic_Penta_Rendered,,missing display name
0x5254B~Devious Devices - Expansion.esm,Devious Devices - Expansion.esm,zadx_rope_white_harness_corsetExp_Chaotic_Rendered,,missing display name
0x5254C~Devious Devices - Expansion.esm,Devious Devices - Expansion.esm,zadx_rope_white_harness_corsetExp_Chaotic_Simple_Rendered,,missing display name
0x5254D~Devious Devices - Expansion.esm,Devious Devices - Expansion.esm,zadx_rope_white_harness_corsetExp_Chaotic_Top_Rendered,,missing display name
0x5254E~Devious Devices - Expansion.esm,Devious Devices - Expansion.esm,zadx_rope_white_harness_corsetExp_Penta_Rendered,,missing display name
0x5254F~Devious Devices - Expansion.esm,Devious Devices - Expansion.esm,zadx_rope_white_harness_corsetExp_Rendered,,missing display name
0x52550~Devious Devices - Expansion.esm,Devious Devices - Expansion.esm,zadx_rope_white_harness_corsetExp_Simple_Rendered,,missing display name
0x52551~Devious Devices - Expansion.esm,Devious Devices - Expansion.esm,zadx_rope_white_harness_corsetExp_Top_Rendered,,missing display name
0x52552~Devious Devices - Expansion.esm,Devious Devices - Expansion.esm,zadx_rope_white_harness_Extreme_Rendered,,missing display name
0x52553~Devious Devices - Expansion.esm,Devious Devices - Expansion.esm,zadx_rope_white_harness_FullTop_Rendered,,missing display name
0x52554~Devious Devices - Expansion.esm,Devious Devices - Expansion.esm,zadx_rope_white_harness_Hishi_Rendered,,missing display name
0x52555~Devious Devices - Expansion.esm,Devious Devices - Expansion.esm,zadx_rope_white_harness_Penta_Crotch_Rendered,,missing display name
0x52556~Devious Devices - Expansion.esm,Devious Devices - Expansion.esm,zadx_rope_white_harness_Penta_Rendered,,missing display name
0x52557~Devious Devices - Expansion.esm,Devious Devices - Expansion.esm,zadx_rope_white_harness_Simple_Crotch_Rendered,,missing display name
0x52558~Devious Devices - Expansion.esm,Devious Devices - Expansion.esm,zadx_rope_white_harness_Simple_Rendered,,missing display name
0x52559~Devious Devices - Expansion.esm,Devious Devices - Expansion.esm,zadx_rope_white_harness_Top_Crotch_Rendered,,missing display name
0x5255A~Devious Devices - Expansion.esm,Devious Devices - Expansion.esm,zadx_rope_white_harness_Top_Rendered,,missing display name
0x5255B~Devious Devices - Expansion.esm,Devious Devices - Expansion.esm,zadx_rope_white_crotch_Inventory,White Crotch Rope,missing armor addon/model links
0x5255C~Devious Devices - Expansion.esm,Devious Devices - Expansion.esm,zadx_rope_white_cuffs_Arms_Inventory,White Rope Arm Cuffs,missing armor addon/model links
0x5255D~Devious Devices - Expansion.esm,Devious Devices - Expansion.esm,zadx_rope_white_cuffs_legs_Inventory,White Rope Leg Cuffs,missing armor addon/model links
0x5255E~Devious Devices - Expansion.esm,Devious Devices - Expansion.esm,zadx_rope_white_harness_chaotic_fulltop_Inventory,White Full Top Chaotic Rope Harness,missing armor addon/model links
0x5255F~Devious Devices - Expansion.esm,Devious Devices - Expansion.esm,zadx_rope_white_harness_chaotic_Hishi_Inventory,White Hishi Chaotic Rope Harness,missing armor addon/model links
0x52560~Devious Devices - Expansion.esm,Devious Devices - Expansion.esm,zadx_rope_white_harness_chaotic_Inventory,White Chaotic Rope Harness,missing armor addon/model links
0x52561~Devious Devices - Expansion.esm,Devious Devices - Expansion.esm,zadx_rope_white_harness_chaotic_Penta_Inventory,White Pentagram Chaotic Rope Harness,missing armor addon/model links
0x52562~Devious Devices - Expansion.esm,Devious Devices - Expansion.esm,zadx_rope_white_harness_chaotic_Simple_Inventory,White Simple Chaotic Rope Harness,missing armor addon/model links
0x52563~Devious Devices - Expansion.esm,Devious Devices - Expansion.esm,zadx_rope_white_harness_chaotic_Top_Inventory,White Top Chaotic Rope Harness,missing armor addon/model links
0x52564~Devious Devices - Expansion.esm,Devious Devices - Expansion.esm,zadx_rope_white_harness_corset_chaotic_Inventory,White Chaotic Rope Corset,missing armor addon/model links
0x52565~Devious Devices - Expansion.esm,Devious Devices - Expansion.esm,zadx_rope_white_harness_corset_chaotic_Penta_Inventory,White Pentagram Chaotic Rope Corset,missing armor addon/model links
0x52566~Devious Devices - Expansion.esm,Devious Devices - Expansion.esm,zadx_rope_white_harness_corset_chaotic_Simple_Inventory,White Simple Chaotic Rope Corset,missing armor addon/model links
0x52567~Devious Devices - Expansion.esm,Devious Devices - Expansion.esm,zadx_rope_white_harness_corset_chaotic_Top_Inventory,White Top Chaotic Rope Corset,missing armor addon/model links
0x52568~Devious Devices - Expansion.esm,Devious Devices - Expansion.esm,zadx_rope_white_harness_corset_Inventory,White Rope Corset,missing armor addon/model links
0x52569~Devious Devices - Expansion.esm,Devious Devices - Expansion.esm,zadx_rope_white_harness_corset_Penta_Inventory,White Pentagram Rope Corset,missing armor addon/model links
0x5256A~Devious Devices - Expansion.esm,Devious Devices - Expansion.esm,zadx_rope_white_harness_corset_Simple_Inventory,White Simple Rope Corset,missing armor addon/model links
0x5256B~Devious Devices - Expansion.esm,Devious Devices - Expansion.esm,zadx_rope_white_harness_corset_Top_Inventory,White Top Rope Corset,missing armor addon/model links
0x5256C~Devious Devices - Expansion.esm,Devious Devices - Expansion.esm,zadx_rope_white_harness_corsetExp_chaotic_Inventory,White Chaotic Rope Corset (Exp),missing armor addon/model links
0x5256D~Devious Devices - Expansion.esm,Devious Devices - Expansion.esm,zadx_rope_white_harness_corsetExp_Chaotic_Penta_Inventory,White Chaotic Pentagram Rope Corset (Exp),missing armor addon/model links
0x5256E~Devious Devices - Expansion.esm,Devious Devices - Expansion.esm,zadx_rope_white_harness_corsetExp_Chaotic_Simple_Inventory,White Chaotic Simple Rope Corset (Exp),missing armor addon/model links
0x5256F~Devious Devices - Expansion.esm,Devious Devices - Expansion.esm,zadx_rope_white_harness_corsetExp_chaotic_Top_Inventory,White Chaotic Top Rope Corset (Exp),missing armor addon/model links
0x52570~Devious Devices - Expansion.esm,Devious Devices - Expansion.esm,zadx_rope_white_harness_corsetExp_Inventory,White Rope Corset (Exp),missing armor addon/model links
0x52571~Devious Devices - Expansion.esm,Devious Devices - Expansion.esm,zadx_rope_white_harness_corsetExp_Penta_Inventory,White Pentagram Rope Corset (Exp),missing armor addon/model links
0x52572~Devious Devices - Expansion.esm,Devious Devices - Expansion.esm,zadx_rope_white_harness_corsetExp_Simple_Inventory,White Simple Rope Corset (Exp),missing armor addon/model links
0x52573~Devious Devices - Expansion.esm,Devious Devices - Expansion.esm,zadx_rope_white_harness_corsetExp_Top_Inventory,White Top Rope Corset (Exp),missing armor addon/model links
0x52574~Devious Devices - Expansion.esm,Devious Devices - Expansion.esm,zadx_rope_white_harness_Extreme_Inventory,White Extreme Rope Harness,missing armor addon/model links
0x52575~Devious Devices - Expansion.esm,Devious Devices - Expansion.esm,zadx_rope_white_harness_FullTop_Inventory,White Full Top Rope Harness,missing armor addon/model links
0x52576~Devious Devices - Expansion.esm,Devious Devices - Expansion.esm,zadx_rope_white_harness_Hishi_Inventory,White Hishi Karada Rope Harness,missing armor addon/model links
0x52577~Devious Devices - Expansion.esm,Devious Devices - Expansion.esm,zadx_rope_white_harness_Penta_Crotch_Inventory,White Pentagram Crotch Rope Harness,missing armor addon/model links
0x52578~Devious Devices - Expansion.esm,Devious Devices - Expansion.esm,zadx_rope_white_harness_Penta_Inventory,White Pentagram Rope Harness,missing armor addon/model links
0x52579~Devious Devices - Expansion.esm,Devious Devices - Expansion.esm,zadx_rope_white_harness_Simple_Crotch_Inventory,White Simple Crotch Rope Harness,missing armor addon/model links
0x5257A~Devious Devices - Expansion.esm,Devious Devices - Expansion.esm,zadx_rope_white_harness_Simple_Inventory,White Simple Rope Harness,missing armor addon/model links
0x5257B~Devious Devices - Expansion.esm,Devious Devices - Expansion.esm,zadx_rope_white_harness_Top_Crotch_Inventory,White Top Crotch Rope Harness,missing armor addon/model links
0x5257C~Devious Devices - Expansion.esm,Devious Devices - Expansion.esm,zadx_rope_white_harness_Top_Inventory,White Top Rope Harness,missing armor addon/model links
0x530C1~Devious Devices - Expansion.esm,Devious Devices - Expansion.esm,zadx_elbowshacklesCollar_Inventory,Elbow Shackles with Collar,missing armor addon/model links
0x530C2~Devious Devices - Expansion.esm,Devious Devices - Expansion.esm,zadx_elbowshacklesCollar_Rendered,,missing display name
0x53625~Devious Devices - Expansion.esm,Devious Devices - Expansion.esm,zadx_elbowshacklesHook_Inventory,Hooked Elbow Shackles,missing armor addon/model links
0x53626~Devious Devices - Expansion.esm,Devious Devices - Expansion.esm,zadx_elbowshacklesHook_Rendered,,missing display name
0x53629~Devious Devices - Expansion.esm,Devious Devices - Expansion.esm,zadx_elbowshackles_Inventory,Elbow Shackles,missing armor addon/model links
0x5362A~Devious Devices - Expansion.esm,Devious Devices - Expansion.esm,zadx_elbowshackles_Rendered,,missing display name
0x56785~Devious Devices - Expansion.esm,Devious Devices - Expansion.esm,zadx_Gag_Inflat_Panel_Inventory,Inflatable Panel Gag,missing armor addon/model links
0x56786~Devious Devices - Expansion.esm,Devious Devices - Expansion.esm,zadx_Gag_Inflat_Panel_Rendered,,missing display name
0x56D6A~Devious Devices - Expansion.esm,Devious Devices - Expansion.esm,zadx_BoxBinder_Inventory,Black Ebonite Boxbinder,missing armor addon/model links
0x56D6B~Devious Devices - Expansion.esm,Devious Devices - Expansion.esm,zadx_BoxBinder_Rendered,,missing display name
0x572CF~Devious Devices - Expansion.esm,Devious Devices - Expansion.esm,zadx_BoxBinderOutfit_Inventory,Black Ebonite Boxbinder Outfit,missing armor addon/model links
0x572D0~Devious Devices - Expansion.esm,Devious Devices - Expansion.esm,zadx_BoxBinderOutfit_Rendered,,missing display name
0x57350~Devious Devices - Expansion.esm,Devious Devices - Expansion.esm,zadx_WTLeatherHarnessRegNC_scriptInstance,,missing display name
0x57351~Devious Devices - Expansion.esm,Devious Devices - Expansion.esm,zadx_WTLeatherHarnessRegNCInventory,"White Leather Slave Harness, No Collar",missing armor addon/model links
0x57352~Devious Devices - Expansion.esm,Devious Devices - Expansion.esm,zadx_RDLeatherHarnessRegNC_scriptInstance,,missing display name
0x57353~Devious Devices - Expansion.esm,Devious Devices - Expansion.esm,zadx_WTLeatherHarnessNC_scriptInstance,,missing display name
0x57354~Devious Devices - Expansion.esm,Devious Devices - Expansion.esm,zadx_WTLeatherHarnessNCInventory,"White Leather Chastity Harness, No Collar",missing armor addon/model links
0x57355~Devious Devices - Expansion.esm,Devious Devices - Expansion.esm,zadx_RDLeatherHarnessNC_scriptInstance,,missing display name
0x57356~Devious Devices - Expansion.esm,Devious Devices - Expansion.esm,zadx_RDLeatherHarnessNCInventory,"Red Leather Chastity Harness, No Collar",missing armor addon/model links
0x57357~Devious Devices - Expansion.esm,Devious Devices - Expansion.esm,zadx_WTEboniteHarnessRegNC_scriptInstance,,missing display name
0x57358~Devious Devices - Expansion.esm,Devious Devices - Expansion.esm,zadx_WTEboniteHarnessRegNCInventory,"White Ebonite Slave Harness, No Collar",missing armor addon/model links
0x57359~Devious Devices - Expansion.esm,Devious Devices - Expansion.esm,zadx_RDEboniteHarnessRegNC_scriptInstance,,missing display name
0x5735A~Devious Devices - Expansion.esm,Devious Devices - Expansion.esm,zadx_RDEboniteHarnessRegNCInventory,"Red Ebonite Slave Harness, No Collar",missing armor addon/model links
0x5735B~Devious Devices - Expansion.esm,Devious Devices - Expansion.esm,zadx_WTEboniteHarnessNC_scriptInstance,,missing display name
0x5735C~Devious Devices - Expansion.esm,Devious Devices - Expansion.esm,zadx_WTEboniteHarnessNCInventory,"White Ebonite Chastity Harness, No Collar",missing armor addon/model links
0x57366~Devious Devices - Expansion.esm,Devious Devices - Expansion.esm,zadx_LeatherHarnessRegNC_scriptInstance,,missing display name
0x57367~Devious Devices - Expansion.esm,Devious Devices - Expansion.esm,zadx_LeatherHarnessNC_scriptInstance,,missing display name
0x57368~Devious Devices - Expansion.esm,Devious Devices - Expansion.esm,zadx_EboniteHarnessNC_scriptInstance,,missing display name
0x57369~Devious Devices - Expansion.esm,Devious Devices - Expansion.esm,zadx_EboniteHarnessRegNC_scriptInstance,,missing display name
0x5736D~Devious Devices - Expansion.esm,Devious Devices - Expansion.esm,zad_woodenyoke_scriptInstance,,missing display name
0x57371~Devious Devices - Expansion.esm,Devious Devices - Expansion.esm,zadx_chastitybelt_PaddedOpen_Gold_Inventory,Golden Chastity Belt (Padded) (Open),missing armor addon/model links
0x57372~Devious Devices - Expansion.esm,Devious Devices - Expansion.esm,zadx_chastitybelt_PaddedOpen_Gold_Rendered,,missing display name
0x57373~Devious Devices - Expansion.esm,Devious Devices - Expansion.esm,zadx_chastitybelt_PaddedOpen_Silver_Inventory,Silver Chastity Belt (Padded) (Open),missing armor addon/model links
0x57374~Devious Devices - Expansion.esm,Devious Devices - Expansion.esm,zadx_chastitybelt_PaddedOpen_Silver_Rendered,,missing display name
0x57375~Devious Devices - Expansion.esm,Devious Devices - Expansion.esm,zadx_catsuit_simpleboots_black_Inventory,Black Ebonite Catsuit Boots,missing armor addon/model links
0x57376~Devious Devices - Expansion.esm,Devious Devices - Expansion.esm,zadx_catsuit_simpleboots_blue_Inventory,Blue Ebonite Catsuit Boots,missing armor addon/model links
0x57377~Devious Devices - Expansion.esm,Devious Devices - Expansion.esm,zadx_catsuit_simpleboots_black_Rendered,,missing display name
0x57378~Devious Devices - Expansion.esm,Devious Devices - Expansion.esm,zadx_catsuit_simpleboots_blue_Rendered,,missing display name
0x57379~Devious Devices - Expansion.esm,Devious Devices - Expansion.esm,zadx_catsuit_simpleboots_cyan_Inventory,Cyan Ebonite Catsuit Boots,missing armor addon/model links
0x5737A~Devious Devices - Expansion.esm,Devious Devices - Expansion.esm,zadx_catsuit_simpleboots_cyan_Rendered,,missing display name
0x5737B~Devious Devices - Expansion.esm,Devious Devices - Expansion.esm,zadx_catsuit_simpleboots_dgreen_Inventory,Dark Green Ebonite Catsuit Boots,missing armor addon/model links
0x5737C~Devious Devices - Expansion.esm,Devious Devices - Expansion.esm,zadx_catsuit_simpleboots_dgreen_Rendered,,missing display name
0x5737D~Devious Devices - Expansion.esm,Devious Devices - Expansion.esm,zadx_catsuit_simpleboots_dgrey_Inventory,Dark Grey Ebonite Catsuit Boots,missing armor addon/model links
0x5737E~Devious Devices - Expansion.esm,Devious Devices - Expansion.esm,zadx_catsuit_simpleboots_dgrey_Rendered,,missing display name
0x5737F~Devious Devices - Expansion.esm,Devious Devices - Expansion.esm,zadx_catsuit_simpleboots_dred_Inventory,Dark Red Ebonite Catsuit Boots,missing armor addon/model links
0x57380~Devious Devices - Expansion.esm,Devious Devices - Expansion.esm,zadx_catsuit_simpleboots_dred_Rendered,,missing display name
0x57381~Devious Devices - Expansion.esm,Devious Devices - Expansion.esm,zadx_catsuit_simpleboots_gold_Inventory,Golden Ebonite Catsuit Boots,missing armor addon/model links
0x57382~Devious Devices - Expansion.esm,Devious Devices - Expansion.esm,zadx_catsuit_simpleboots_gold_Rendered,,missing display name
0x57383~Devious Devices - Expansion.esm,Devious Devices - Expansion.esm,zadx_catsuit_simpleboots_green_Inventory,Green Ebonite Catsuit Boots,missing armor addon/model links
0x57384~Devious Devices - Expansion.esm,Devious Devices - Expansion.esm,zadx_catsuit_simpleboots_green_Rendered,,missing display name
0x57385~Devious Devices - Expansion.esm,Devious Devices - Expansion.esm,zadx_catsuit_simpleboots_lgrey_Inventory,Light Grey Ebonite Catsuit Boots,missing armor addon/model links
0x57386~Devious Devices - Expansion.esm,Devious Devices - Expansion.esm,zadx_catsuit_simpleboots_lgrey_Rendered,,missing display name
0x57387~Devious Devices - Expansion.esm,Devious Devices - Expansion.esm,zadx_catsuit_simpleboots_orange_Inventory,Orange Ebonite Catsuit Boots,missing armor addon/model links
0x57388~Devious Devices - Expansion.esm,Devious Devices - Expansion.esm,zadx_catsuit_simpleboots_orange_Rendered,,missing display name
0x57389~Devious Devices - Expansion.esm,Devious Devices - Expansion.esm,zadx_catsuit_simpleboots_pink_Inventory,Pink Ebonite Catsuit Boots,missing armor addon/model links
0x5738A~Devious Devices - Expansion.esm,Devious Devices - Expansion.esm,zadx_catsuit_simpleboots_pink_Rendered,,missing display name
0x5738B~Devious Devices - Expansion.esm,Devious Devices - Expansion.esm,zadx_catsuit_simpleboots_purple_Inventory,Purple Ebonite Catsuit Boots,missing armor addon/model links
0x5738C~Devious Devices - Expansion.esm,Devious Devices - Expansion.esm,zadx_catsuit_simpleboots_purple_Rendered,,missing display name
0x5738D~Devious Devices - Expansion.esm,Devious Devices - Expansion.esm,zadx_catsuit_simpleboots_red_Inventory,Red Ebonite Catsuit Boots,missing armor addon/model links
0x5738E~Devious Devices - Expansion.esm,Devious Devices - Expansion.esm,zadx_catsuit_simpleboots_red_Rendered,,missing display name
0x5738F~Devious Devices - Expansion.esm,Devious Devices - Expansion.esm,zadx_catsuit_simpleboots_redwhite_Inventory,Red+White Ebonite Catsuit Boots,missing armor addon/model links
0x57390~Devious Devices - Expansion.esm,Devious Devices - Expansion.esm,zadx_catsuit_simpleboots_redwhite_Rendered,,missing display name
0x57391~Devious Devices - Expansion.esm,Devious Devices - Expansion.esm,zadx_catsuit_simpleboots_white_Inventory,White Ebonite Catsuit Boots,missing armor addon/model links
0x57392~Devious Devices - Expansion.esm,Devious Devices - Expansion.esm,zadx_catsuit_simpleboots_white_Rendered,,missing display name
0x57393~Devious Devices - Expansion.esm,Devious Devices - Expansion.esm,zadx_catsuit_simpleboots_yellow_Inventory,Yellow Ebonite Catsuit Boots,missing armor addon/model links
0x57394~Devious Devices - Expansion.esm,Devious Devices - Expansion.esm,zadx_catsuit_simpleboots_yellow_Rendered,,missing display name
0x58458~Devious Devices - Expansion.esm,Devious Devices - Expansion.esm,zadx_chastitybra_Padded_Red_Inventory,Red Chastity Bra (Padded),missing armor addon/model links
0x58459~Devious Devices - Expansion.esm,Devious Devices - Expansion.esm,zadx_chastitybra_Padded_Red_Rendered,,missing display name
0x5845A~Devious Devices - Expansion.esm,Devious Devices - Expansion.esm,zadx_chastitybelt_Padded_Red_Inventory,Red Chastity Belt (Padded),missing armor addon/model links
0x5845B~Devious Devices - Expansion.esm,Devious Devices - Expansion.esm,zadx_chastitybelt_Padded_Red_Rendered,,missing display name
0x5845C~Devious Devices - Expansion.esm,Devious Devices - Expansion.esm,zadx_chastitybelt_Padded_White_Inventory,White Chastity Belt (Padded),missing armor addon/model links
0x5845D~Devious Devices - Expansion.esm,Devious Devices - Expansion.esm,zadx_chastitybelt_Padded_White_Rendered,,missing display name
0x5845E~Devious Devices - Expansion.esm,Devious Devices - Expansion.esm,zadx_chastitybelt_Padded_Black_Inventory,Black Chastity Belt (Padded),missing armor addon/model links
0x5845F~Devious Devices - Expansion.esm,Devious Devices - Expansion.esm,zadx_chastitybelt_Padded_Black_Rendered,,missing display name
0x58460~Devious Devices - Expansion.esm,Devious Devices - Expansion.esm,zadx_chastitybra_Padded_White_Inventory,White Chastity Bra (Padded),missing armor addon/model links
0x58461~Devious Devices - Expansion.esm,Devious Devices - Expansion.esm,zadx_chastitybra_Padded_White_Rendered,,missing display name
0x58462~Devious Devices - Expansion.esm,Devious Devices - Expansion.esm,zadx_chastitybra_Padded_Black_Inventory,Black Chastity Bra (Padded),missing armor addon/model links
0x58463~Devious Devices - Expansion.esm,Devious Devices - Expansion.esm,zadx_chastitybra_Padded_Black_Rendered,,missing display name
0x58464~Devious Devices - Expansion.esm,Devious Devices - Expansion.esm,zadx_Collar_Posture_Red_Inventory,Red Collar (Padded) (Posture),missing armor addon/model links
0x58465~Devious Devices - Expansion.esm,Devious Devices - Expansion.esm,zadx_Collar_Posture_Red_Rendered,,missing display name
0x58466~Devious Devices - Expansion.esm,Devious Devices - Expansion.esm,zadx_Collar_Posture_White_Inventory,White Collar (Padded) (Posture),missing armor addon/model links
0x58467~Devious Devices - Expansion.esm,Devious Devices - Expansion.esm,zadx_Collar_Posture_White_Rendered,,missing display name
0x58468~Devious Devices - Expansion.esm,Devious Devices - Expansion.esm,zadx_Collar_Posture_Black_Inventory,Black Collar (Padded) (Posture),missing armor addon/model links
0x58469~Devious Devices - Expansion.esm,Devious Devices - Expansion.esm,zadx_Collar_Posture_Black_Rendered,,missing display name
0x5846A~Devious Devices - Expansion.esm,Devious Devices - Expansion.esm,zadx_cuffs_Padded_Arms_Red_Inventory,Red Cuffs (Padded) (Arms),missing armor addon/model links
0x5846B~Devious Devices - Expansion.esm,Devious Devices - Expansion.esm,zadx_cuffs_Padded_Arms_Red_Rendered,,missing display name
0x5846C~Devious Devices - Expansion.esm,Devious Devices - Expansion.esm,zadx_cuffs_Padded_Arms_White_Inventory,White Cuffs (Padded) (Arms),missing armor addon/model links
0x5846D~Devious Devices - Expansion.esm,Devious Devices - Expansion.esm,zadx_cuffs_Padded_Arms_White_Rendered,,missing display name
0x5846E~Devious Devices - Expansion.esm,Devious Devices - Expansion.esm,zadx_cuffs_Padded_Arms_Black_Inventory,Black Cuffs (Padded) (Arms),missing armor addon/model links
0x5846F~Devious Devices - Expansion.esm,Devious Devices - Expansion.esm,zadx_cuffs_Padded_Arms_Black_Rendered,,missing display name
0x58470~Devious Devices - Expansion.esm,Devious Devices - Expansion.esm,zadx_cuffs_Padded_Collar_Red_Inventory,Red Collar (Padded),missing armor addon/model links
0x58471~Devious Devices - Expansion.esm,Devious Devices - Expansion.esm,zadx_cuffs_Padded_Collar_Red_Rendered,,missing display name
0x58472~Devious Devices - Expansion.esm,Devious Devices - Expansion.esm,zadx_cuffs_Padded_Collar_White_Inventory,White Collar (Padded),missing armor addon/model links
0x58473~Devious Devices - Expansion.esm,Devious Devices - Expansion.esm,zadx_cuffs_Padded_Collar_White_Rendered,,missing display name
0x58474~Devious Devices - Expansion.esm,Devious Devices - Expansion.esm,zadx_cuffs_Padded_Collar_Black_Inventory,Black Collar (Padded),missing armor addon/model links
0x58475~Devious Devices - Expansion.esm,Devious Devices - Expansion.esm,zadx_cuffs_Padded_Collar_Black_Rendered,,missing display name
0x58476~Devious Devices - Expansion.esm,Devious Devices - Expansion.esm,zadx_cuffs_Padded_Legs_Red_Inventory,Red Cuffs (Padded) (Legs),missing armor addon/model links
0x58477~Devious Devices - Expansion.esm,Devious Devices - Expansion.esm,zadx_cuffs_Padded_Legs_Red_Rendered,,missing display name
0x58478~Devious Devices - Expansion.esm,Devious Devices - Expansion.esm,zadx_cuffs_Padded_Legs_White_Inventory,White Cuffs (Padded) (Legs),missing armor addon/model links
0x58479~Devious Devices - Expansion.esm,Devious Devices - Expansion.esm,zadx_cuffs_Padded_Legs_White_Rendered,,missing display name
0x5847A~Devious Devices - Expansion.esm,Devious Devices - Expansion.esm,zadx_cuffs_Padded_Legs_Black_Inventory,Black Cuffs (Padded) (Legs),missing armor addon/model links
0x5847B~Devious Devices - Expansion.esm,Devious Devices - Expansion.esm,zadx_cuffs_Padded_Legs_Black_Rendered,,missing display name
0x584FB~Devious Devices - Expansion.esm,Devious Devices - Expansion.esm,zadx_chastitybelt_PaddedOpen_Black_Rendered,,missing display name
0x584FC~Devious Devices - Expansion.esm,Devious Devices - Expansion.esm,zadx_chastitybelt_PaddedOpen_Black_Inventory,Black Chastity Belt (Padded) (Open),missing armor addon/model links
0x584FE~Devious Devices - Expansion.esm,Devious Devices - Expansion.esm,zadx_chastitybelt_PaddedOpen_White_Rendered,,missing display name
0x584FF~Devious Devices - Expansion.esm,Devious Devices - Expansion.esm,zadx_chastitybelt_PaddedOpen_White_Inventory,White Chastity Belt (Padded) (Open),missing armor addon/model links
0x58501~Devious Devices - Expansion.esm,Devious Devices - Expansion.esm,zadx_chastitybelt_PaddedOpen_Red_Rendered,,missing display name
0x58502~Devious Devices - Expansion.esm,Devious Devices - Expansion.esm,zadx_chastitybelt_PaddedOpen_Red_Inventory,Red Chastity Belt (Padded) (Open),missing armor addon/model links
0x58504~Devious Devices - Expansion.esm,Devious Devices - Expansion.esm,zadx_gag_facemask_biz_red_Rendered,,missing display name
0x58505~Devious Devices - Expansion.esm,Devious Devices - Expansion.esm,zadx_gag_facemask_biz_red_Inventory,Red Ebonite Face Mask,missing armor addon/model links
0x58507~Devious Devices - Expansion.esm,Devious Devices - Expansion.esm,zadx_hood_rubber_openface_white_Rendered,,missing display name
0x58508~Devious Devices - Expansion.esm,Devious Devices - Expansion.esm,zadx_hood_rubber_openface_white_Inventory,White Ebonite Mask (Open Face),missing armor addon/model links
0x58509~Devious Devices - Expansion.esm,Devious Devices - Expansion.esm,zadx_hood_rubber_openeyesmouth_white_Rendered,,missing display name
0x5850A~Devious Devices - Expansion.esm,Devious Devices - Expansion.esm,zadx_hood_rubber_openeyesmouth_white_Inventory,White Ebonite Mask (Open),missing armor addon/model links
0x5850E~Devious Devices - Expansion.esm,Devious Devices - Expansion.esm,zadx_hood_leather_red_Inventory,Red Leather Hood,missing armor addon/model links
0x5850F~Devious Devices - Expansion.esm,Devious Devices - Expansion.esm,zadx_hood_leather_red_Rendered,,missing display name
0x5858F~Devious Devices - Expansion.esm,Devious Devices - Expansion.esm,zadx_leather_heels_white_Rendered,,missing display name
0x58590~Devious Devices - Expansion.esm,Devious Devices - Expansion.esm,zadx_leather_heels_white_Inventory,White Leather High Heels,missing armor addon/model links
0x58591~Devious Devices - Expansion.esm,Devious Devices - Expansion.esm,zadx_leather_heels_red_Rendered,,missing display name
0x58592~Devious Devices - Expansion.esm,Devious Devices - Expansion.esm,zadx_leather_heels_red_Inventory,Red Leather High Heels,missing armor addon/model links
0x58593~Devious Devices - Expansion.esm,Devious Devices - Expansion.esm,zadx_ebonite_heels_white_Rendered,,missing display name
0x58594~Devious Devices - Expansion.esm,Devious Devices - Expansion.esm,zadx_ebonite_heels_white_Inventory,White Ebonite High Heels,missing armor addon/model links
0x58595~Devious Devices - Expansion.esm,Devious Devices - Expansion.esm,zadx_ebonite_heels_red_Rendered,,missing display name
0x58596~Devious Devices - Expansion.esm,Devious Devices - Expansion.esm,zadx_ebonite_heels_red_Inventory,Red Ebonite High Heels,missing armor addon/model links
0x5859B~Devious Devices - Expansion.esm,Devious Devices - Expansion.esm,zadx_ebonite_heels_black_Rendered,,missing display name
0x5859C~Devious Devices - Expansion.esm,Devious Devices - Expansion.esm,zadx_ebonite_heels_black_Inventory,Black Ebonite High Heels,missing armor addon/model links
0x5859E~Devious Devices - Expansion.esm,Devious Devices - Expansion.esm,zadx_leather_heels_black_Rendered,,missing display name
0x5859F~Devious Devices - Expansion.esm,Devious Devices - Expansion.esm,zadx_leather_heels_black_Inventory,Black Leather High Heels,missing armor addon/model links
0x58620~Devious Devices - Expansion.esm,Devious Devices - Expansion.esm,zadx_Collar_Posture_LS_Black_Inventory,Black Lustrous Collar (Padded) (Posture),missing armor addon/model links
0x58626~Devious Devices - Expansion.esm,Devious Devices - Expansion.esm,zadx_chastitybra_Padded_LS_Black_Inventory,Black Lustrous Chastity Bra (Padded),missing armor addon/model links
0x5862B~Devious Devices - Expansion.esm,Devious Devices - Expansion.esm,zadx_chastitybelt_Padded_LS_White_Rendered,,missing display name
0x5862C~Devious Devices - Expansion.esm,Devious Devices - Expansion.esm,zadx_chastitybelt_Padded_LS_White_Inventory,White Lustrous Chastity Belt (Padded),missing armor addon/model links
0x5862D~Devious Devices - Expansion.esm,Devious Devices - Expansion.esm,zadx_chastitybelt_Padded_LS_Red_Rendered,,missing display name
0x5862E~Devious Devices - Expansion.esm,Devious Devices - Expansion.esm,zadx_chastitybelt_Padded_LS_Red_Inventory,Red Lustrous Chastity Belt (Padded),missing armor addon/model links
0x5862F~Devious Devices - Expansion.esm,Devious Devices - Expansion.esm,zadx_chastitybelt_Padded_LS_Black_Rendered,,missing display name
0x58630~Devious Devices - Expansion.esm,Devious Devices - Expansion.esm,zadx_chastitybelt_Padded_LS_Black_Inventory,Black Lustrous Chastity Belt (Padded),missing armor addon/model links
0x586BE~Devious Devices - Expansion.esm,Devious Devices - Expansion.esm,zadx_Gag_MuzzleLips_EboniteRed_Rendered,,missing display name
0x586BF~Devious Devices - Expansion.esm,Devious Devices - Expansion.esm,zadx_Gag_MuzzleLips_EbonitePink_Rendered,,missing display name
0x586C0~Devious Devices - Expansion.esm,Devious Devices - Expansion.esm,zadx_Gag_MuzzleLips_EboniteBlack_Rendered,,missing display name
0x586C1~Devious Devices - Expansion.esm,Devious Devices - Expansion.esm,zadx_Gag_MuzzleLips_LeatherWhite_Inventory,White Leather Muzzle Lips Gag,missing armor addon/model links
0x586C2~Devious Devices - Expansion.esm,Devious Devices - Expansion.esm,zadx_Gag_MuzzleLips_LeatherRed_Inventory,Red Leather Muzzle Lips Gag,missing armor addon/model links
0x586C3~Devious Devices - Expansion.esm,Devious Devices - Expansion.esm,zadx_Gag_MuzzleLips_LeatherPink_Inventory,Pink Leather Muzzle Lips Gag,missing armor addon/model links
0x586C4~Devious Devices - Expansion.esm,Devious Devices - Expansion.esm,zadx_Gag_MuzzleLips_EboniteWhite_Inventory,White Ebonite Muzzle Lips Gag,missing armor addon/model links
0x586C5~Devious Devices - Expansion.esm,Devious Devices - Expansion.esm,zadx_Gag_MuzzleLips_EboniteRed_Inventory,Red Ebonite Muzzle Lips Gag,missing armor addon/model links
0x586C6~Devious Devices - Expansion.esm,Devious Devices - Expansion.esm,zadx_Gag_MuzzleLips_EbonitePink_Inventory,Pink Ebonite Muzzle Lips Gag,missing armor addon/model links
0x586C7~Devious Devices - Expansion.esm,Devious Devices - Expansion.esm,zadx_Gag_MuzzleLips_EboniteBlack_Inventory,Black Ebonite Muzzle Lips Gag,missing armor addon/model links
0x58CBE~Devious Devices - Expansion.esm,Devious Devices - Expansion.esm,zadx_chastitybelt_PaddedOpen_LS_Black_Rendered,,missing display name
0x58CBF~Devious Devices - Expansion.esm,Devious Devices - Expansion.esm,zadx_chastitybelt_PaddedOpen_LS_Black_Inventory,Black Lustrous Chastity Belt (Padded) (Open),missing armor addon/model links
0x59223~Devious Devices - Expansion.esm,Devious Devices - Expansion.esm,zadx_EbRrestrictiveGlovesTrans_Rendered,,missing display name
0x59224~Devious Devices - Expansion.esm,Devious Devices - Expansion.esm,zadx_EbRrestrictiveGlovesTrans_Inventory,Transparent Restrictive Gloves,missing armor addon/model links
0x592A5~Devious Devices - Expansion.esm,Devious Devices - Expansion.esm,zadx_Harness_Rope_White_Rendered,,missing display name
0x592A6~Devious Devices - Expansion.esm,Devious Devices - Expansion.esm,zadx_Harness_Rope_White_Inventory,White Rope Harness,missing armor addon/model links
0x592A7~Devious Devices - Expansion.esm,Devious Devices - Expansion.esm,zadx_Harness_Rope_Red_Rendered,,missing display name
0x592A8~Devious Devices - Expansion.esm,Devious Devices - Expansion.esm,zadx_Harness_Rope_Red_Inventory,Red Rope Harness,missing armor addon/model links
0x592A9~Devious Devices - Expansion.esm,Devious Devices - Expansion.esm,zadx_Harness_Rope_Black_Rendered,,missing display name
0x592AA~Devious Devices - Expansion.esm,Devious Devices - Expansion.esm,zadx_Harness_Rope_Black_Inventory,Black Rope Harness,missing armor addon/model links
0x592AB~Devious Devices - Expansion.esm,Devious Devices - Expansion.esm,zadx_Harness_Rope_Rendered,,missing display name
0x592AC~Devious Devices - Expansion.esm,Devious Devices - Expansion.esm,zadx_Harness_Rope_Inventory,Rope Harness,missing armor addon/model links
0x592AD~Devious Devices - Expansion.esm,Devious Devices - Expansion.esm,zadx_Harness_Rope_Full_White_Rendered,,missing display name
0x592AE~Devious Devices - Expansion.esm,Devious Devices - Expansion.esm,zadx_Harness_Rope_Full_White_Inventory,White Rope Body Restraint,missing armor addon/model links
0x592AF~Devious Devices - Expansion.esm,Devious Devices - Expansion.esm,zadx_Harness_Rope_Full_Red_Rendered,,missing display name
0x592B0~Devious Devices - Expansion.esm,Devious Devices - Expansion.esm,zadx_Harness_Rope_Full_Red_Inventory,Red Rope Body Restraint,missing armor addon/model links
0x592B1~Devious Devices - Expansion.esm,Devious Devices - Expansion.esm,zadx_Harness_Rope_Full_Black_Rendered,,missing display name
0x592B2~Devious Devices - Expansion.esm,Devious Devices - Expansion.esm,zadx_Harness_Rope_Full_Black_Inventory,Black Rope Body Restraint,missing armor addon/model links
0x592B3~Devious Devices - Expansion.esm,Devious Devices - Expansion.esm,zadx_gag_rope_bit_white_Rendered,,missing display name
0x592B4~Devious Devices - Expansion.esm,Devious Devices - Expansion.esm,zadx_gag_rope_bit_white_Inventory,White Rope Bit Gag,missing armor addon/model links
0x592B5~Devious Devices - Expansion.esm,Devious Devices - Expansion.esm,zadx_Collar_Rope_1_White_Rendered,,missing display name
0x592B6~Devious Devices - Expansion.esm,Devious Devices - Expansion.esm,zadx_Collar_Rope_1_Red_Rendered,,missing display name
0x592B7~Devious Devices - Expansion.esm,Devious Devices - Expansion.esm,zadx_Collar_Rope_1_Black_Rendered,,missing display name
0x592B8~Devious Devices - Expansion.esm,Devious Devices - Expansion.esm,zadx_Collar_Rope_1_White_Inventory,White Rope Collar,missing armor addon/model links
0x592B9~Devious Devices - Expansion.esm,Devious Devices - Expansion.esm,zadx_Collar_Rope_1_Red_Inventory,Red Rope Collar,missing armor addon/model links
0x592BA~Devious Devices - Expansion.esm,Devious Devices - Expansion.esm,zadx_Collar_Rope_1_Black_Inventory,Black Rope Collar,missing armor addon/model links
0x592BB~Devious Devices - Expansion.esm,Devious Devices - Expansion.esm,zadx_blindfold_rope_White_Rendered,,missing display name
0x592BC~Devious Devices - Expansion.esm,Devious Devices - Expansion.esm,zadx_blindfold_rope_Red_Rendered,,missing display name
0x592BD~Devious Devices - Expansion.esm,Devious Devices - Expansion.esm,zadx_blindfold_rope_Black_Rendered,,missing display name
0x592BE~Devious Devices - Expansion.esm,Devious Devices - Expansion.esm,zadx_blindfold_Rope_White_Inventory,White Rope Blindfold,missing armor addon/model links
0x592BF~Devious Devices - Expansion.esm,Devious Devices - Expansion.esm,zadx_blindfold_Rope_Red_Inventory,Red Rope Blindfold,missing armor addon/model links
0x592C0~Devious Devices - Expansion.esm,Devious Devices - Expansion.esm,zadx_blindfold_Rope_Black_Inventory,Black Rope Blindfold,missing armor addon/model links
0x592C1~Devious Devices - Expansion.esm,Devious Devices - Expansion.esm,zadx_Armbinder_Rope_Strict_White_Rendered,,missing display name
0x592C2~Devious Devices - Expansion.esm,Devious Devices - Expansion.esm,zadx_Armbinder_Rope_Strict_Red_Rendered,,missing display name
0x592C3~Devious Devices - Expansion.esm,Devious Devices - Expansion.esm,zadx_Armbinder_Rope_Strict_White_Inventory,Strict White Rope Armbinder,missing armor addon/model links
0x592C4~Devious Devices - Expansion.esm,Devious Devices - Expansion.esm,zadx_Armbinder_Rope_Strict_Red_Inventory,Strict Red Rope Armbinder,missing armor addon/model links
0x592C5~Devious Devices - Expansion.esm,Devious Devices - Expansion.esm,zadx_Armbinder_Rope_Strict_Black_Rendered,,missing display name
0x592C6~Devious Devices - Expansion.esm,Devious Devices - Expansion.esm,zadx_Armbinder_Rope_Strict_Black_Inventory,Strict Black Rope Armbinder,missing armor addon/model links
0x592C7~Devious Devices - Expansion.esm,Devious Devices - Expansion.esm,zadx_Armbinder_Rope_White_Rendered,,missing display name
0x592C8~Devious Devices - Expansion.esm,Devious Devices - Expansion.esm,zadx_Armbinder_Rope_White_Inventory,White Rope Armbinder,missing armor addon/model links
0x592C9~Devious Devices - Expansion.esm,Devious Devices - Expansion.esm,zadx_Armbinder_Rope_Red_Rendered,,missing display name
0x592CA~Devious Devices - Expansion.esm,Devious Devices - Expansion.esm,zadx_Armbinder_Rope_Red_Inventory,Red Rope Armbinder,missing armor addon/model links
0x592CB~Devious Devices - Expansion.esm,Devious Devices - Expansion.esm,zadx_Armbinder_Rope_Black_Rendered,,missing display name
0x592CC~Devious Devices - Expansion.esm,Devious Devices - Expansion.esm,zadx_Armbinder_Rope_Black_Inventory,Black Rope Armbinder,missing armor addon/model links
0x592E1~Devious Devices - Expansion.esm,Devious Devices - Expansion.esm,zadx_restrictiveCorsetTransChastityOpen_Inventory,"Transparent Restrictive Chastity Corset, Open",missing armor addon/model links
0x592E2~Devious Devices - Expansion.esm,Devious Devices - Expansion.esm,zadx_restrictiveCorsetTransChastity_Inventory,Transparent Restrictive Chastity Corset,missing armor addon/model links
0x800~Devious Devices - Expansion.esm,Devious Devices - Expansion.esm,zadx_StraitJacketFormalDressLeatherBlackInventory,"Black Leather Straitjacket Dress, Elegant",missing armor addon/model links
0x801~Devious Devices - Expansion.esm,Devious Devices - Expansion.esm,zadx_StraitJacketFormalDressLeatherBlackRendered,,missing display name
0x806~Devious Devices - Expansion.esm,Devious Devices - Expansion.esm,zadx_StraitJacketFormalDressEboniteBlackInventory,"Black Ebonite Straitjacket Dress, Elegant",missing armor addon/model links
0x807~Devious Devices - Expansion.esm,Devious Devices - Expansion.esm,zadx_StraitJacketFormalDressEboniteBlackRendered,,missing display name
0x809~Devious Devices - Expansion.esm,Devious Devices - Expansion.esm,zadx_StraitJacketFormalDressLeatherRedInventory,"Red Leather Straitjacket Dress, Elegant",missing armor addon/model links
0x80A~Devious Devices - Expansion.esm,Devious Devices - Expansion.esm,zadx_StraitJacketFormalDressLeatherRedRendered,,missing display name
0x80B~Devious Devices - Expansion.esm,Devious Devices - Expansion.esm,zadx_StraitJacketFormalDressEboniteRedInventory,"Red Ebonite Straitjacket Dress, Elegant",missing armor addon/model links
0x80C~Devious Devices - Expansion.esm,Devious Devices - Expansion.esm,zadx_StraitJacketFormalDressEboniteRedRendered,,missing display name
0x80E~Devious Devices - Expansion.esm,Devious Devices - Expansion.esm,zadx_StraitJacketFormalDressLeatherWhiteInventory,"White Leather Straitjacket Dress, Elegant",missing armor addon/model links
0x80F~Devious Devices - Expansion.esm,Devious Devices - Expansion.esm,zadx_StraitJacketFormalDressLeatherWhiteRendered,,missing display name
0x811~Devious Devices - Expansion.esm,Devious Devices - Expansion.esm,zadx_StraitJacketFormalDressEboniteWhiteInventory,"White Ebonite Straitjacket Dress, Elegant",missing armor addon/model links
0x812~Devious Devices - Expansion.esm,Devious Devices - Expansion.esm,zadx_StraitJacketFormalDressEboniteWhiteRendered,,missing display name
0x819~Devious Devices - Expansion.esm,Devious Devices - Expansion.esm,zadx_StraitJacketFormalDressEboniteBlackOpenInventory,"Black Ebonite Straitjacket Dress, Elegant (Open)",missing armor addon/model links
0x81A~Devious Devices - Expansion.esm,Devious Devices - Expansion.esm,zadx_StraitJacketFormalDressEboniteBlackOpenRendered,,missing display name
0x81B~Devious Devices - Expansion.esm,Devious Devices - Expansion.esm,zadx_StraitJacketFormalDressEboniteRedOpenInventory,"Red Ebonite Straitjacket Dress, Elegant (Open)",missing armor addon/model links
0x81C~Devious Devices - Expansion.esm,Devious Devices - Expansion.esm,zadx_StraitJacketFormalDressEboniteRedOpenRendered,,missing display name
0x81D~Devious Devices - Expansion.esm,Devious Devices - Expansion.esm,zadx_StraitJacketFormalDressEboniteWhiteOpenInventory,"White Ebonite Straitjacket Dress, Elegant (Open)",missing armor addon/model links
0x81E~Devious Devices - Expansion.esm,Devious Devices - Expansion.esm,zadx_StraitJacketFormalDressEboniteWhiteOpenRendered,,missing display name
0x81F~Devious Devices - Expansion.esm,Devious Devices - Expansion.esm,zadx_StraitJacketFormalDressLeatherBlackOpenInventory,"Black Leather Straitjacket Dress, Elegant (Open)",missing armor addon/model links
0x820~Devious Devices - Expansion.esm,Devious Devices - Expansion.esm,zadx_StraitJacketFormalDressLeatherBlackOpenRendered,,missing display name
0x821~Devious Devices - Expansion.esm,Devious Devices - Expansion.esm,zadx_StraitJacketFormalDressLeatherRedOpenInventory,"Red Leather Straitjacket Dress, Elegant (Open)",missing armor addon/model links
0x822~Devious Devices - Expansion.esm,Devious Devices - Expansion.esm,zadx_StraitJacketFormalDressLeatherRedOpenRendered,,missing display name
0x823~Devious Devices - Expansion.esm,Devious Devices - Expansion.esm,zadx_StraitJacketFormalDressLeatherWhiteOpenInventory,"White Leather Straitjacket Dress, Elegant (Open)",missing armor addon/model links
0x824~Devious Devices - Expansion.esm,Devious Devices - Expansion.esm,zadx_StraitJacketFormalDressLeatherWhiteOpenRendered,,missing display name
0x826~Devious Devices - Expansion.esm,Devious Devices - Expansion.esm,zadx_StraitJacketHobbleDressLeatherBlackOpenRendered,,missing display name
0x827~Devious Devices - Expansion.esm,Devious Devices - Expansion.esm,zadx_StraitJacketHobbleDressLeatherBlackOpenInventory,Black Leather Straitjacket Dress (Open),missing armor addon/model links
0x829~Devious Devices - Expansion.esm,Devious Devices - Expansion.esm,zadx_StraitJacketHobbleDressLeatherBlackCleavageInventory,Black Leather Straitjacket Dress (Cleavage),missing armor addon/model links
0x82A~Devious Devices - Expansion.esm,Devious Devices - Expansion.esm,zadx_StraitJacketHobbleDressLeatherBlackCleavageRendered,,missing display name
0x82F~Devious Devices - Expansion.esm,Devious Devices - Expansion.esm,zadx_StraitJacketHobbleDressEboniteBlackCleavageInventory,Black Ebonite Straitjacket Dress (Cleavage),missing armor addon/model links
0x830~Devious Devices - Expansion.esm,Devious Devices - Expansion.esm,zadx_StraitJacketHobbleDressEboniteBlackCleavageRendered,,missing display name
0x831~Devious Devices - Expansion.esm,Devious Devices - Expansion.esm,zadx_StraitJacketHobbleDressEboniteBlackOpenInventory,Black Ebonite Straitjacket Dress (Open),missing armor addon/model links
0x832~Devious Devices - Expansion.esm,Devious Devices - Expansion.esm,zadx_StraitJacketHobbleDressEboniteBlackOpenRendered,,missing display name
0x839~Devious Devices - Expansion.esm,Devious Devices - Expansion.esm,zadx_StraitJacketHobbleDressEboniteRedCleavageInventory,Red Ebonite Straitjacket Dress (Cleavage),missing armor addon/model links
0x83A~Devious Devices - Expansion.esm,Devious Devices - Expansion.esm,zadx_StraitJacketHobbleDressEboniteRedCleavageRendered,,missing display name
0x83B~Devious Devices - Expansion.esm,Devious Devices - Expansion.esm,zadx_StraitJacketHobbleDressEboniteRedOpenInventory,Red Ebonite Straitjacket Dress (Open),missing armor addon/model links
0x83C~Devious Devices - Expansion.esm,Devious Devices - Expansion.esm,zadx_StraitJacketHobbleDressEboniteRedOpenRendered,,missing display name
0x83D~Devious Devices - Expansion.esm,Devious Devices - Expansion.esm,zadx_StraitJacketHobbleDressEboniteWhiteCleavageInventory,White Ebonite Straitjacket Dress (Cleavage),missing armor addon/model links
0x83E~Devious Devices - Expansion.esm,Devious Devices - Expansion.esm,zadx_StraitJacketHobbleDressEboniteWhiteCleavageRendered,,missing display name
0x83F~Devious Devices - Expansion.esm,Devious Devices - Expansion.esm,zadx_StraitJacketHobbleDressEboniteWhiteOpenInventory,White Ebonite Straitjacket Dress (Open),missing armor addon/model links
0x840~Devious Devices - Expansion.esm,Devious Devices - Expansion.esm,zadx_StraitJacketHobbleDressEboniteWhiteOpenRendered,,missing display name
0x841~Devious Devices - Expansion.esm,Devious Devices - Expansion.esm,zadx_StraitJacketHobbleDressLeatherRedCleavageInventory,Red Leather Straitjacket Dress (Cleavage),missing armor addon/model links
0x842~Devious Devices - Expansion.esm,Devious Devices - Expansion.esm,zadx_StraitJacketHobbleDressLeatherRedCleavageRendered,,missing display name
0x843~Devious Devices - Expansion.esm,Devious Devices - Expansion.esm,zadx_StraitJacketHobbleDressLeatherRedOpenInventory,Red Leather Straitjacket Dress (Open),missing armor addon/model links
0x844~Devious Devices - Expansion.esm,Devious Devices - Expansion.esm,zadx_StraitJacketHobbleDressLeatherRedOpenRendered,,missing display name
0x845~Devious Devices - Expansion.esm,Devious Devices - Expansion.esm,zadx_StraitJacketHobbleDressLeatherWhiteCleavageInventory,White Leather Straitjacket Dress (Cleavage),missing armor addon/model links
0x846~Devious Devices - Expansion.esm,Devious Devices - Expansion.esm,zadx_StraitJacketHobbleDressLeatherWhiteCleavageRendered,,missing display name
0x847~Devious Devices - Expansion.esm,Devious Devices - Expansion.esm,zadx_StraitJacketHobbleDressLeatherWhiteOpenInventory,White Leather Straitjacket Dress (Open),missing armor addon/model links
0x848~Devious Devices - Expansion.esm,Devious Devices - Expansion.esm,zadx_StraitJacketHobbleDressLeatherWhiteOpenRendered,,missing display name
0xA00000~Devious Devices - Expansion.esm,Devious Devices - Expansion.esm,zadNG_BLEArmbinderNew_scriptInstance,,missing display name
0xA00001~Devious Devices - Expansion.esm,Devious Devices - Expansion.esm,zadNG_BLEArmbinderNewInventory,Black Ebonite Armbinder (New),missing armor addon/model links
0xA00004~Devious Devices - Expansion.esm,Devious Devices - Expansion.esm,zadNG_PKEarmbinderNew_scriptInstance,,missing display name
0xA00005~Devious Devices - Expansion.esm,Devious Devices - Expansion.esm,zadNG_PKEarmbinderNewInventory,Pink Ebonite Armbinder (New),missing armor addon/model links
0xA00006~Devious Devices - Expansion.esm,Devious Devices - Expansion.esm,zadNG_PKLarmbinderNew_scriptInstance,,missing display name
0xA00007~Devious Devices - Expansion.esm,Devious Devices - Expansion.esm,zadNG_PKLarmbinderNewInventory,Pink Leather Armbinder (New),missing armor addon/model links
0xA0000E~Devious Devices - Expansion.esm,Devious Devices - Expansion.esm,zadNG_BLLArmbinderNewInventory,Black Leather Armbinder (New),missing armor addon/model links
0xA0000F~Devious Devices - Expansion.esm,Devious Devices - Expansion.esm,zadNG_BLLArmbinderNew_scriptInstance,,missing display name
0xA00014~Devious Devices - Expansion.esm,Devious Devices - Expansion.esm,zadNG_ArmbinderNewInventory,Armbinder (New),missing armor addon/model links
0xA00015~Devious Devices - Expansion.esm,Devious Devices - Expansion.esm,zadNG_ArmbinderNew_scriptInstance,,missing display name
0xA00016~Devious Devices - Expansion.esm,Devious Devices - Expansion.esm,zadNG_WTEArmbinderNewInventory,White Ebonite Armbinder (New),missing armor addon/model links
0xA00017~Devious Devices - Expansion.esm,Devious Devices - Expansion.esm,zadNG_WTEArmbinderNew_scriptInstance,,missing display name
0xA00019~Devious Devices - Expansion.esm,Devious Devices - Expansion.esm,zadNG_WTLArmbinderNewInventory,White Leather Armbinder (New),missing armor addon/model links
0xA0001A~Devious Devices - Expansion.esm,Devious Devices - Expansion.esm,zadNG_WTLArmbinderNew_scriptInstance,,missing display name
0xA0001C~Devious Devices - Expansion.esm,Devious Devices - Expansion.esm,zadNG_RDEArmbinderNewInventory,Red Ebonite Armbinder (New),missing armor addon/model links
0xA0001D~Devious Devices - Expansion.esm,Devious Devices - Expansion.esm,zadNG_RDEArmbinderNew_scriptInstance,,missing display name
0xA0001E~Devious Devices - Expansion.esm,Devious Devices - Expansion.esm,zadNG_RDLArmbinderNewInventory,Red Leather Armbinder (New),missing armor addon/model links
0xA0001F~Devious Devices - Expansion.esm,Devious Devices - Expansion.esm,zadNG_RDLArmbinderNew_scriptInstance,,missing display name
0xA10000~Devious Devices - Expansion.esm,Devious Devices - Expansion.esm,zadNG_HarnessCorsetLeatherBlack_ID,Black Leather Chastity Harness (Corset),missing armor addon/model links
0xA10001~Devious Devices - Expansion.esm,Devious Devices - Expansion.esm,zadNG_HarnessCorsetLeatherBlack_RD,,missing display name
0xA10003~Devious Devices - Expansion.esm,Devious Devices - Expansion.esm,zadNG_CatsuitLeatherBlack_ID,Black Leather Catsuit (Tight),missing armor addon/model links
0xA10004~Devious Devices - Expansion.esm,Devious Devices - Expansion.esm,zadNG_CatsuitLeatherBlack_RD,,missing display name
0xA1000B~Devious Devices - Expansion.esm,Devious Devices - Expansion.esm,zadNG_CatsuitLeatherRed_ID,Red Leather Catsuit (Tight),missing armor addon/model links
0xA1000C~Devious Devices - Expansion.esm,Devious Devices - Expansion.esm,zadNG_CatsuitLeatherRed_RD,,missing display name
0xA1000D~Devious Devices - Expansion.esm,Devious Devices - Expansion.esm,zadNG_CatsuitLeatherWhite_ID,White Leather Catsuit (Tight),missing armor addon/model links
0xA1000E~Devious Devices - Expansion.esm,Devious Devices - Expansion.esm,zadNG_CatsuitLeatherWhite_RD,,missing display name
0xA1000F~Devious Devices - Expansion.esm,Devious Devices - Expansion.esm,zadNG_HarnessCorsetLeatherRed_ID,Red Leather Chastity Harness (Corset),missing armor addon/model links
0xA10010~Devious Devices - Expansion.esm,Devious Devices - Expansion.esm,zadNG_HarnessCorsetLeatherRed_RD,,missing display name
0xA10011~Devious Devices - Expansion.esm,Devious Devices - Expansion.esm,zadNG_HarnessCorsetLeatherWhite_ID,White Leather Chastity Harness (Corset),missing armor addon/model links
0xA10012~Devious Devices - Expansion.esm,Devious Devices - Expansion.esm,zadNG_HarnessCorsetLeatherWhite_RD,,missing display name
0xA10018~Devious Devices - Expansion.esm,Devious Devices - Expansion.esm,zadNG_GasGagBlack_ID,Black Gas Gag (Filter),missing armor addon/model links
0xA10019~Devious Devices - Expansion.esm,Devious Devices - Expansion.esm,zadNG_GasGagBlack_RD,,missing display name
0xA1001B~Devious Devices - Expansion.esm,Devious Devices - Expansion.esm,zadNG_CatsuitLatexBlack_ID,Black Ebonite Catsuit (Tight),missing armor addon/model links
0xA1001C~Devious Devices - Expansion.esm,Devious Devices - Expansion.esm,zadNG_CatsuitLatexBlack_RD,,missing display name
0xA1001F~Devious Devices - Expansion.esm,Devious Devices - Expansion.esm,zadNG_HarnessCorsetLatexBlack_ID,Black Ebonite Chastity Harness (Corset),missing armor addon/model links
0xA10020~Devious Devices - Expansion.esm,Devious Devices - Expansion.esm,zadNG_HarnessCorsetLatexBlack_RD,,missing display name
0xA10023~Devious Devices - Expansion.esm,Devious Devices - Expansion.esm,zadNG_CatsuitLatexRed_ID,Red Ebonite Catsuit (Tight),missing armor addon/model links
0xA10024~Devious Devices - Expansion.esm,Devious Devices - Expansion.esm,zadNG_CatsuitLatexRed_RD,,missing display name
0xA10027~Devious Devices - Expansion.esm,Devious Devices - Expansion.esm,zadNG_CatsuitLatexWhite_ID,White Ebonite Catsuit (Tight),missing armor addon/model links
0xA10028~Devious Devices - Expansion.esm,Devious Devices - Expansion.esm,zadNG_CatsuitLatexWhite_RD,,missing display name
0xA1002F~Devious Devices - Expansion.esm,Devious Devices - Expansion.esm,zadNG_HarnessCorsetLatexRed_ID,Red Ebonite Chastity Harness (Corset),missing armor addon/model links
0xA10030~Devious Devices - Expansion.esm,Devious Devices - Expansion.esm,zadNG_HarnessCorsetLatexRed_RD,,missing display name
0xA10031~Devious Devices - Expansion.esm,Devious Devices - Expansion.esm,zadNG_HarnessCorsetLatexWhite_ID,White Ebonite Chastity Harness (Corset),missing armor addon/model links
0xA10032~Devious Devices - Expansion.esm,Devious Devices - Expansion.esm,zadNG_HarnessCorsetLatexWhite_RD,,missing display name
0xA10033~Devious Devices - Expansion.esm,Devious Devices - Expansion.esm,zadNG_BoxBinderArmHiddenBlack_Inventory,Black Ebonite Boxbinder (Hidden arms),missing armor addon/model links
0xA10034~Devious Devices - Expansion.esm,Devious Devices - Expansion.esm,zadNG_BoxBinderArmHiddenBlack_Rendered,,missing display name
0xA10039~Devious Devices - Expansion.esm,Devious Devices - Expansion.esm,zadNG_BoxBinderArmHiddenRed_Inventory,Red Ebonite Boxbinder (Hidden arms),missing armor addon/model links
0xA1003A~Devious Devices - Expansion.esm,Devious Devices - Expansion.esm,zadNG_BoxBinderArmHiddenRed_Rendered,,missing display name
0xA1003B~Devious Devices - Expansion.esm,Devious Devices - Expansion.esm,zadNG_BoxBinderArmHiddenWhite_Inventory,White Ebonite Boxbinder (Hidden arms),missing armor addon/model links
0xA1003C~Devious Devices - Expansion.esm,Devious Devices - Expansion.esm,zadNG_BoxBinderArmHiddenWhite_Rendered,,missing display name
0xA1003F~Devious Devices - Expansion.esm,Devious Devices - Expansion.esm,zadNG_GasGagRed_ID,Red Gas Gag (Filter),missing armor addon/model links
0xA10040~Devious Devices - Expansion.esm,Devious Devices - Expansion.esm,zadNG_GasGagRed_RD,,missing display name
0xA10041~Devious Devices - Expansion.esm,Devious Devices - Expansion.esm,zadNG_GasGagWhite_ID,White Gas Gag (Filter),missing armor addon/model links
0xA10042~Devious Devices - Expansion.esm,Devious Devices - Expansion.esm,zadNG_GasGagWhite_RD,,missing display name
0xA10044~Devious Devices - Expansion.esm,Devious Devices - Expansion.esm,zadNG_ExtremeHoodLeatherBlack_ID,Black Leather Extreme Hood,missing armor addon/model links
0xA10045~Devious Devices - Expansion.esm,Devious Devices - Expansion.esm,zadNG_ExtremeHoodLeatherBlack_RD,,missing display name
0xA10047~Devious Devices - Expansion.esm,Devious Devices - Expansion.esm,zadNG_ExtremeHoodLeatherBlack_Open_ID,Black Leather Extreme Hood (Open),missing armor addon/model links
0xA10048~Devious Devices - Expansion.esm,Devious Devices - Expansion.esm,zadNG_ExtremeHoodLeatherBlack_Open_RD,,missing display name
0xA10055~Devious Devices - Expansion.esm,Devious Devices - Expansion.esm,zadNG_ExtremeHoodLeatherRed_ID,Red Leather Extreme Hood,missing armor addon/model links
0xA10056~Devious Devices - Expansion.esm,Devious Devices - Expansion.esm,zadNG_ExtremeHoodLeatherRed_RD,,missing display name
0xA10057~Devious Devices - Expansion.esm,Devious Devices - Expansion.esm,zadNG_ExtremeHoodLeatherRed_Open_ID,Red Leather Extreme Hood (Open),missing armor addon/model links
0xA10058~Devious Devices - Expansion.esm,Devious Devices - Expansion.esm,zadNG_ExtremeHoodLeatherRed_Open_RD,,missing display name
0xA10059~Devious Devices - Expansion.esm,Devious Devices - Expansion.esm,zadNG_ExtremeHoodLeatherWhite_ID,White Leather Extreme Hood,missing armor addon/model links
0xA1005A~Devious Devices - Expansion.esm,Devious Devices - Expansion.esm,zadNG_ExtremeHoodLeatherWhite_RD,,missing display name
0xA1005B~Devious Devices - Expansion.esm,Devious Devices - Expansion.esm,zadNG_ExtremeHoodLeatherWhite_Open_ID,White Leather Extreme Hood (Open),missing armor addon/model links
0xA1005C~Devious Devices - Expansion.esm,Devious Devices - Expansion.esm,zadNG_ExtremeHoodLeatherWhite_Open_RD,,missing display name
0xA10069~Devious Devices - Expansion.esm,Devious Devices - Expansion.esm,zadNG_ExtremeHoodEboniteBlack_ID,Black Ebonite Extreme Hood,missing armor addon/model links
0xA1006A~Devious Devices - Expansion.esm,Devious Devices - Expansion.esm,zadNG_ExtremeHoodEboniteBlack_RD,,missing display name
0xA1006B~Devious Devices - Expansion.esm,Devious Devices - Expansion.esm,zadNG_ExtremeHoodEboniteBlack_Open_ID,Black Ebonite Extreme Hood (Open),missing armor addon/model links
0xA1006C~Devious Devices - Expansion.esm,Devious Devices - Expansion.esm,zadNG_ExtremeHoodEboniteBlack_Open_RD,,missing display name
0xA1006D~Devious Devices - Expansion.esm,Devious Devices - Expansion.esm,zadNG_ExtremeHoodEboniteRed_ID,Red Ebonite Extreme Hood,missing armor addon/model links
0xA1006E~Devious Devices - Expansion.esm,Devious Devices - Expansion.esm,zadNG_ExtremeHoodEboniteRed_RD,,missing display name
0xA1006F~Devious Devices - Expansion.esm,Devious Devices - Expansion.esm,zadNG_ExtremeHoodEboniteRed_Open_ID,Red Ebonite Extreme Hood (Open),missing armor addon/model links
0xA10070~Devious Devices - Expansion.esm,Devious Devices - Expansion.esm,zadNG_ExtremeHoodEboniteRed_Open_RD,,missing display name
0xA10071~Devious Devices - Expansion.esm,Devious Devices - Expansion.esm,zadNG_ExtremeHoodEboniteWhite_ID,White Ebonite Extreme Hood,missing armor addon/model links
0xA10072~Devious Devices - Expansion.esm,Devious Devices - Expansion.esm,zadNG_ExtremeHoodEboniteWhite_RD,,missing display name
0xA10073~Devious Devices - Expansion.esm,Devious Devices - Expansion.esm,zadNG_ExtremeHoodEboniteWhite_Open_ID,White Ebonite Extreme Hood (Open),missing armor addon/model links
0xA10074~Devious Devices - Expansion.esm,Devious Devices - Expansion.esm,zadNG_ExtremeHoodEboniteWhite_Open_RD,,missing display name
0xA10076~Devious Devices - Expansion.esm,Devious Devices - Expansion.esm,zadNG_RingsNsoulInventory,Jeweled Rings (Nipples) (Soulgem),missing armor addon/model links
0xA10077~Devious Devices - Expansion.esm,Devious Devices - Expansion.esm,zadNG_ringsNSoul_scriptInstance,,missing display name
0xA10078~Devious Devices - Expansion.esm,Devious Devices - Expansion.esm,zadNG_CatsuitLatexBlackOpen_ID,Black Ebonite Catsuit (Tight) (Open),missing armor addon/model links
0xA10079~Devious Devices - Expansion.esm,Devious Devices - Expansion.esm,zadNG_CatsuitLatexBlackOpen_RD,,missing display name
0xA1007B~Devious Devices - Expansion.esm,Devious Devices - Expansion.esm,zadNG_CatsuitLatexRedOpen_ID,Red Ebonite Catsuit (Tight) (Open) ,missing armor addon/model links
0xA1007C~Devious Devices - Expansion.esm,Devious Devices - Expansion.esm,zadNG_CatsuitLatexRedOpen_RD,,missing display name
0xA1007E~Devious Devices - Expansion.esm,Devious Devices - Expansion.esm,zadNG_CatsuitLatexWhiteOpen_ID,White Ebonite Catsuit (Tight) (Open),missing armor addon/model links
0xA1007F~Devious Devices - Expansion.esm,Devious Devices - Expansion.esm,zadNG_CatsuitLatexWhiteOpen_RD,,missing display name
0xA10082~Devious Devices - Expansion.esm,Devious Devices - Expansion.esm,zadNG_CatsuitLeatherBlackOpen_ID,Black Leather Catsuit (Tight) (Open),missing armor addon/model links
0xA10083~Devious Devices - Expansion.esm,Devious Devices - Expansion.esm,zadNG_CatsuitLeatherBlackOpen_RD,,missing display name
0xA10084~Devious Devices - Expansion.esm,Devious Devices - Expansion.esm,zadNG_CatsuitLeatherRedOpen_ID,Red Leather Catsuit (Tight) (Open),missing armor addon/model links
0xA10085~Devious Devices - Expansion.esm,Devious Devices - Expansion.esm,zadNG_CatsuitLeatherRedOpen_RD,,missing display name
0xA10086~Devious Devices - Expansion.esm,Devious Devices - Expansion.esm,zadNG_CatsuitLeatherWhiteOpen_ID,White Leather Catsuit (Tight) (Open),missing armor addon/model links
0xA10087~Devious Devices - Expansion.esm,Devious Devices - Expansion.esm,zadNG_CatsuitLeatherWhiteOpen_RD,,missing display name
0xA1008B~Devious Devices - Expansion.esm,Devious Devices - Expansion.esm,zadNG_HarnessCorsetLeatherBlackOpen_ID,Black Leather Harness (Corset),missing armor addon/model links
0xA1008C~Devious Devices - Expansion.esm,Devious Devices - Expansion.esm,zadNG_HarnessCorsetLeatherBlackOpen_RD,,missing display name
0xA1008D~Devious Devices - Expansion.esm,Devious Devices - Expansion.esm,zadNG_HarnessCorsetLeatherRedOpen_ID,Red Leather Harness (Corset),missing armor addon/model links
0xA1008E~Devious Devices - Expansion.esm,Devious Devices - Expansion.esm,zadNG_HarnessCorsetLeatherRedOpen_RD,,missing display name
0xA1008F~Devious Devices - Expansion.esm,Devious Devices - Expansion.esm,zadNG_HarnessCorsetLeatherWhiteOpen_ID,White Leather Harness (Corset),missing armor addon/model links
0xA10090~Devious Devices - Expansion.esm,Devious Devices - Expansion.esm,zadNG_HarnessCorsetLeatherWhiteOpen_RD,,missing display name
0xA10094~Devious Devices - Expansion.esm,Devious Devices - Expansion.esm,zadNG_HarnessCorsetLatexBlackOpen_ID,Black Ebonite Harness (Corset),missing armor addon/model links
0xA10095~Devious Devices - Expansion.esm,Devious Devices - Expansion.esm,zadNG_HarnessCorsetLatexBlackOpen_RD,,missing display name
0xA10096~Devious Devices - Expansion.esm,Devious Devices - Expansion.esm,zadNG_HarnessCorsetLatexRedOpen_ID,Red Ebonite Harness (Corset),missing armor addon/model links
0xA10097~Devious Devices - Expansion.esm,Devious Devices - Expansion.esm,zadNG_HarnessCorsetLatexRedOpen_RD,,missing display name
0xA10098~Devious Devices - Expansion.esm,Devious Devices - Expansion.esm,zadNG_HarnessCorsetLatexWhiteOpen_ID,White Ebonite Harness (Corset),missing armor addon/model links
0xA10099~Devious Devices - Expansion.esm,Devious Devices - Expansion.esm,zadNG_HarnessCorsetLatexWhiteOpen_RD,,missing display name
0xA1009D~Devious Devices - Expansion.esm,Devious Devices - Expansion.esm,zadNG_ButterflyBlackEbonite_ID,Black Ebonite Butterfly,missing armor addon/model links
0xA1009E~Devious Devices - Expansion.esm,Devious Devices - Expansion.esm,zadNG_ButterflyBlackEbonite_RD,,missing display name
0xA100A5~Devious Devices - Expansion.esm,Devious Devices - Expansion.esm,zadNG_ButterflyRedEbonite_ID,Red Ebonite Butterfly,missing armor addon/model links
0xA100A6~Devious Devices - Expansion.esm,Devious Devices - Expansion.esm,zadNG_ButterflyRedEbonite_RD,,missing display name
0xA100A7~Devious Devices - Expansion.esm,Devious Devices - Expansion.esm,zadNG_ButterflyWhiteEbonite_ID,White Ebonite Butterfly,missing armor addon/model links
0xA100A8~Devious Devices - Expansion.esm,Devious Devices - Expansion.esm,zadNG_ButterflyWhiteEbonite_RD,,missing display name
0xA100B0~Devious Devices - Expansion.esm,Devious Devices - Expansion.esm,zadNG_ButterflyBlackLeather_ID,Black Leather Butterfly,missing armor addon/model links
0xA100B1~Devious Devices - Expansion.esm,Devious Devices - Expansion.esm,zadNG_ButterflyBlackLeather_RD,,missing display name
0xA100B2~Devious Devices - Expansion.esm,Devious Devices - Expansion.esm,zadNG_ButterflyRedLeather_ID,Red Leather Butterfly,missing armor addon/model links
0xA100B3~Devious Devices - Expansion.esm,Devious Devices - Expansion.esm,zadNG_ButterflyRedLeather_RD,,missing display name
0xA100B4~Devious Devices - Expansion.esm,Devious Devices - Expansion.esm,zadNG_ButterflyWhiteLeather_ID,White Leather Butterfly,missing armor addon/model links
0xA100B5~Devious Devices - Expansion.esm,Devious Devices - Expansion.esm,zadNG_ButterflyWhiteLeather_RD,,missing display name
0xA100B6~Devious Devices - Expansion.esm,Devious Devices - Expansion.esm,zadxNG_Simple_Rope_Arms_Inventory,Simple Ropes (Arms),missing armor addon/model links
0xA100B7~Devious Devices - Expansion.esm,Devious Devices - Expansion.esm,zadxNG_Simple_Rope_Arms_Rendered,,missing display name
0xA100B9~Devious Devices - Expansion.esm,Devious Devices - Expansion.esm,zadxNG_Simple_Rope_Legs_Inventory,Simple Ropes (Legs),missing armor addon/model links
0xA100BA~Devious Devices - Expansion.esm,Devious Devices - Expansion.esm,zadxNG_Simple_Rope_Legs_Rendered,,missing display name
0xA100BC~Devious Devices - Expansion.esm,Devious Devices - Expansion.esm,zadxng_rope_cuffs_Legs_Inventory,Simple Ropes (Leg Cuffs),missing armor addon/model links
0xA100BD~Devious Devices - Expansion.esm,Devious Devices - Expansion.esm,zadxng_rope_cuffs_Legs_Rendered,,missing display name
0xA100D8~Devious Devices - Expansion.esm,Devious Devices - Expansion.esm,zadx_HeavyLeatherCollarBlackRed_Inventory,Heavy Leather Collar,missing armor addon/model links
0xA100D9~Devious Devices - Expansion.esm,Devious Devices - Expansion.esm,zadx_HeavyLeatherCollarBlackRed_Rendered,,missing display name
0xA100DA~Devious Devices - Expansion.esm,Devious Devices - Expansion.esm,zadx_HeavyLeatherGagPenisHarnessBlackRed_Rendered,,missing display name
0xA100DB~Devious Devices - Expansion.esm,Devious Devices - Expansion.esm,zadx_HeavyLeatherGagPenisHarnessBlackRed_Inventory,Heavy Leather Penis Gag,missing armor addon/model links
0xA100DC~Devious Devices - Expansion.esm,Devious Devices - Expansion.esm,zadx_HeavyLeatherBlindfoldBlack_Inventory,Heavy Leather Blindfold (Black),missing armor addon/model links
0xA100DD~Devious Devices - Expansion.esm,Devious Devices - Expansion.esm,zadx_HeavyLeatherBlindfoldBlack_Rendered,,missing display name
0xA100DE~Devious Devices - Expansion.esm,Devious Devices - Expansion.esm,zadx_HeavyLeatherBlindfoldRed_Inventory,Heavy Leather Blindfold (Red),missing armor addon/model links
0xA100DF~Devious Devices - Expansion.esm,Devious Devices - Expansion.esm,zadx_HeavyLeatherBlindfoldRed_Rendered,,missing display name
0xA100E0~Devious Devices - Expansion.esm,Devious Devices - Expansion.esm,zadx_HeavyLeatherBlindfoldWhite_Inventory,Heavy Leather Blindfold (White),missing armor addon/model links
0xA100E1~Devious Devices - Expansion.esm,Devious Devices - Expansion.esm,zadx_HeavyLeatherBlindfoldWhite_Rendered,,missing display name
0xA100E2~Devious Devices - Expansion.esm,Devious Devices - Expansion.esm,zadx_HeavyLeatherCollarBlack_Inventory,Heavy Leather Collar (Black),missing armor addon/model links
0xA100E3~Devious Devices - Expansion.esm,Devious Devices - Expansion.esm,zadx_HeavyLeatherCollarBlack_Rendered,,missing display name
0xA100E4~Devious Devices - Expansion.esm,Devious Devices - Expansion.esm,zadx_HeavyLeatherCollarRed_Inventory,Heavy Leather Collar (Red),missing armor addon/model links
0xA100E5~Devious Devices - Expansion.esm,Devious Devices - Expansion.esm,zadx_HeavyLeatherCollarRed_Rendered,,missing display name
0xA100E6~Devious Devices - Expansion.esm,Devious Devices - Expansion.esm,zadx_HeavyLeatherCollarWhite_Inventory,Heavy Leather Collar (White),missing armor addon/model links
0xA100E7~Devious Devices - Expansion.esm,Devious Devices - Expansion.esm,zadx_HeavyLeatherCollarWhite_Rendered,,missing display name
0xA100EC~Devious Devices - Expansion.esm,Devious Devices - Expansion.esm,zadx_HeavyLeatherGagPenisHarnessBlack_Inventory,Heavy Leather Penis Gag (Black),missing armor addon/model links
0xA100ED~Devious Devices - Expansion.esm,Devious Devices - Expansion.esm,zadx_HeavyLeatherGagPenisHarnessBlack_Rendered,,missing display name
0xA100EE~Devious Devices - Expansion.esm,Devious Devices - Expansion.esm,zadx_HeavyLeatherGagPenisHarnessRed_Inventory,Heavy Leather Penis Gag (Red),missing armor addon/model links
0xA100EF~Devious Devices - Expansion.esm,Devious Devices - Expansion.esm,zadx_HeavyLeatherGagPenisHarnessRed_Rendered,,missing display name
0xA100F0~Devious Devices - Expansion.esm,Devious Devices - Expansion.esm,zadx_HeavyLeatherGagPenisHarnessWhite_Inventory,Heavy Leather Penis Gag (White),missing armor addon/model links
0xA100F1~Devious Devices - Expansion.esm,Devious Devices - Expansion.esm,zadx_HeavyLeatherGagPenisHarnessWhite_Rendered,,missing display name
0xA20003~Devious Devices - Expansion.esm,Devious Devices - Expansion.esm,zadNG_MittenGlovesEboniteBlack_ID,Black Ebonite Bondage Mittens,missing armor addon/model links
0xA20004~Devious Devices - Expansion.esm,Devious Devices - Expansion.esm,zadNG_MittenGlovesEboniteBlack_RD,,missing display name
0xA20005~Devious Devices - Expansion.esm,Devious Devices - Expansion.esm,zadNG_MittenGlovesEboniteRed_ID,Red Ebonite Bondage Mittens,missing armor addon/model links
0xA20006~Devious Devices - Expansion.esm,Devious Devices - Expansion.esm,zadNG_MittenGlovesEboniteRed_RD,,missing display name
0xA20007~Devious Devices - Expansion.esm,Devious Devices - Expansion.esm,zadNG_MittenGlovesEboniteWhite_ID,White Ebonite Bondage Mittens,missing armor addon/model links
0xA20008~Devious Devices - Expansion.esm,Devious Devices - Expansion.esm,zadNG_MittenGlovesEboniteWhite_RD,,missing display name
0xA2000B~Devious Devices - Expansion.esm,Devious Devices - Expansion.esm,zadNG_PonyBootsEboniteBlack_ID,Black Ebonite Pony Boots (Tight),missing armor addon/model links
0xA2000C~Devious Devices - Expansion.esm,Devious Devices - Expansion.esm,zadNG_PonyBootsEboniteBlack_RD,,missing display name
0xA2000E~Devious Devices - Expansion.esm,Devious Devices - Expansion.esm,zadNG_PonyBootsShortEboniteBlack_ID,Black Ebonite Pony Boots (Short) (Tight),missing armor addon/model links
0xA2000F~Devious Devices - Expansion.esm,Devious Devices - Expansion.esm,zadNG_PonyBootsShortEboniteBlack_RD,,missing display name
0xA20016~Devious Devices - Expansion.esm,Devious Devices - Expansion.esm,zadNG_PonyBootsEboniteRed_ID,Red Ebonite Pony Boots (Tight),missing armor addon/model links
0xA20017~Devious Devices - Expansion.esm,Devious Devices - Expansion.esm,zadNG_PonyBootsEboniteRed_RD,,missing display name
0xA20018~Devious Devices - Expansion.esm,Devious Devices - Expansion.esm,zadNG_PonyBootsShortEboniteRed_ID,Red Ebonite Pony Boots (Short) (Tight),missing armor addon/model links
0xA20019~Devious Devices - Expansion.esm,Devious Devices - Expansion.esm,zadNG_PonyBootsShortEboniteRed_RD,,missing display name
0xA2001A~Devious Devices - Expansion.esm,Devious Devices - Expansion.esm,zadNG_PonyBootsEboniteWhite_ID,White Ebonite Pony Boots (Tight),missing armor addon/model links
0xA2001B~Devious Devices - Expansion.esm,Devious Devices - Expansion.esm,zadNG_PonyBootsEboniteWhite_RD,,missing display name
0xA2001C~Devious Devices - Expansion.esm,Devious Devices - Expansion.esm,zadNG_PonyBootsShortEboniteWhite_ID,White Ebonite Pony Boots (Short) (Tight),missing armor addon/model links
0xA2001D~Devious Devices - Expansion.esm,Devious Devices - Expansion.esm,zadNG_PonyBootsShortEboniteWhite_RD,,missing display name
0xA2001E~Devious Devices - Expansion.esm,Devious Devices - Expansion.esm,zadNG_beltEboniteBlack_ID,Black Ebonite Chastity Belt,missing armor addon/model links
0xA2001F~Devious Devices - Expansion.esm,Devious Devices - Expansion.esm,zadNG_beltEboniteBlack_RD,,missing display name
0xA20026~Devious Devices - Expansion.esm,Devious Devices - Expansion.esm,zadNG_beltEboniteRed_ID,Red Ebonite Chastity Belt,missing armor addon/model links
0xA20027~Devious Devices - Expansion.esm,Devious Devices - Expansion.esm,zadNG_beltEboniteRed_RD,,missing display name
0xA20028~Devious Devices - Expansion.esm,Devious Devices - Expansion.esm,zadNG_beltEboniteWhite_ID,White Ebonite Chastity Belt,missing armor addon/model links
0xA20029~Devious Devices - Expansion.esm,Devious Devices - Expansion.esm,zadNG_beltEboniteWhite_RD,,missing display name
0xA2002B~Devious Devices - Expansion.esm,Devious Devices - Expansion.esm,zadNG_beltEboniteTrans_ID,Transparent Ebonite Chastity Belt,missing armor addon/model links
0xA2002C~Devious Devices - Expansion.esm,Devious Devices - Expansion.esm,zadNG_beltEboniteTrans_RD,,missing display name
0xA2002D~Devious Devices - Expansion.esm,Devious Devices - Expansion.esm,zadNG_yokeFront_ID,Iron Yoke (Fiddle),missing armor addon/model links
0xA2002E~Devious Devices - Expansion.esm,Devious Devices - Expansion.esm,zadNG_yokeFront_RD,,missing display name
0xA20031~Devious Devices - Expansion.esm,Devious Devices - Expansion.esm,zadNG_MittenGlovesLeatherBlack_ID,Black Leather Bondage Mittens,missing armor addon/model links
0xA20032~Devious Devices - Expansion.esm,Devious Devices - Expansion.esm,zadNG_MittenGlovesLeatherBlack_RD,,missing display name
0xA20034~Devious Devices - Expansion.esm,Devious Devices - Expansion.esm,zadNG_PonyBootsLeatherBlack_ID,Black Leather Pony Boots (Tight),missing armor addon/model links
0xA20035~Devious Devices - Expansion.esm,Devious Devices - Expansion.esm,zadNG_PonyBootsLeatherBlack_RD,,missing display name
0xA2003C~Devious Devices - Expansion.esm,Devious Devices - Expansion.esm,zadNG_MittenGlovesLeatherRed_ID,Red Leather Bondage Mittens,missing armor addon/model links
0xA2003D~Devious Devices - Expansion.esm,Devious Devices - Expansion.esm,zadNG_MittenGlovesLeatherRed_RD,,missing display name
0xA2003E~Devious Devices - Expansion.esm,Devious Devices - Expansion.esm,zadNG_MittenGlovesLeatherWhite_ID,White Leather Bondage Mittens,missing armor addon/model links
0xA2003F~Devious Devices - Expansion.esm,Devious Devices - Expansion.esm,zadNG_MittenGlovesLeatherWhite_RD,,missing display name
0xA20045~Devious Devices - Expansion.esm,Devious Devices - Expansion.esm,zadNG_PonyBootsLeatherRed_ID,Red Leather Pony Boots (Tight),missing armor addon/model links
0xA20046~Devious Devices - Expansion.esm,Devious Devices - Expansion.esm,zadNG_PonyBootsLeatherRed_RD,,missing display name
0xA20047~Devious Devices - Expansion.esm,Devious Devices - Expansion.esm,zadNG_PonyBootsLeatherWhite_ID,White Leather Pony Boots (Tight),missing armor addon/model links
0xA20048~Devious Devices - Expansion.esm,Devious Devices - Expansion.esm,zadNG_PonyBootsLeatherWhite_RD,,missing display name
0xA2004C~Devious Devices - Expansion.esm,Devious Devices - Expansion.esm,zadNG_PonyBootsShortLeatherBlack_ID,Black Leather Pony Boots (Short) (Tight),missing armor addon/model links
0xA2004D~Devious Devices - Expansion.esm,Devious Devices - Expansion.esm,zadNG_PonyBootsShortLeatherBlack_RD,,missing display name
0xA2004E~Devious Devices - Expansion.esm,Devious Devices - Expansion.esm,zadNG_PonyBootsShortLeatherRed_ID,Red Leather Pony Boots (Short) (Tight),missing armor addon/model links
0xA2004F~Devious Devices - Expansion.esm,Devious Devices - Expansion.esm,zadNG_PonyBootsShortLeatherRed_RD,,missing display name
0xA20050~Devious Devices - Expansion.esm,Devious Devices - Expansion.esm,zadNG_PonyBootsShortLeatherWhite_ID,White Leather Pony Boots (Short) (Tight),missing armor addon/model links
0xA20051~Devious Devices - Expansion.esm,Devious Devices - Expansion.esm,zadNG_PonyBootsShortLeatherWhite_RD,,missing display name
0xA20061~Devious Devices - Expansion.esm,Devious Devices - Expansion.esm,zadNG_beltLeatherBlack_ID,Black Leather Chastity Belt,missing armor addon/model links
0xA20062~Devious Devices - Expansion.esm,Devious Devices - Expansion.esm,zadNG_beltLeatherBlack_RD,,missing display name
0xA20063~Devious Devices - Expansion.esm,Devious Devices - Expansion.esm,zadNG_beltLeatherRed_ID,Red Leather Chastity Belt,missing armor addon/model links
0xA20064~Devious Devices - Expansion.esm,Devious Devices - Expansion.esm,zadNG_beltLeatherRed_RD,,missing display name
0xA20065~Devious Devices - Expansion.esm,Devious Devices - Expansion.esm,zadNG_beltLeatherWhite_ID,White Leather Chastity Belt,missing armor addon/model links
0xA20066~Devious Devices - Expansion.esm,Devious Devices - Expansion.esm,zadNG_beltLeatherWhite_RD,,missing display name
0xA2006E~Devious Devices - Expansion.esm,Devious Devices - Expansion.esm,zadNG_BoxbinderEboniteBlack_ID,Black Ebonite Boxbinder (Open),missing armor addon/model links
0xA2006F~Devious Devices - Expansion.esm,Devious Devices - Expansion.esm,zadNG_BoxbinderEboniteBlack_RD,,missing display name
0xA20074~Devious Devices - Expansion.esm,Devious Devices - Expansion.esm,zadNG_BoxbinderEboniteRed_ID,Red Ebonite Boxbinder (Open),missing armor addon/model links
0xA20075~Devious Devices - Expansion.esm,Devious Devices - Expansion.esm,zadNG_BoxbinderEboniteRed_RD,,missing display name
0xA20076~Devious Devices - Expansion.esm,Devious Devices - Expansion.esm,zadNG_BoxbinderEboniteWhite_ID,White Ebonite Boxbinder (Open),missing armor addon/model links
0xA20077~Devious Devices - Expansion.esm,Devious Devices - Expansion.esm,zadNG_BoxbinderEboniteWhite_RD,,missing display name
0xA2007E~Devious Devices - Expansion.esm,Devious Devices - Expansion.esm,zadNG_BoxbinderLeatherBlack_ID,Black Leather Boxbinder (Open),missing armor addon/model links
0xA2007F~Devious Devices - Expansion.esm,Devious Devices - Expansion.esm,zadNG_BoxbinderLeatherBlack_RD,,missing display name
0xA20080~Devious Devices - Expansion.esm,Devious Devices - Expansion.esm,zadNG_BoxbinderLeatherRed_ID,Red Leather Boxbinder (Open),missing armor addon/model links
0xA20081~Devious Devices - Expansion.esm,Devious Devices - Expansion.esm,zadNG_BoxbinderLeatherRed_RD,,missing display name
0xA20082~Devious Devices - Expansion.esm,Devious Devices - Expansion.esm,zadNG_BoxbinderLeatherWhite_ID,White Leather Boxbinder (Open),missing armor addon/model links
0xA20083~Devious Devices - Expansion.esm,Devious Devices - Expansion.esm,zadNG_BoxbinderLeatherWhite_RD,,missing display name
0xA20085~Devious Devices - Expansion.esm,Devious Devices - Expansion.esm,zadNG_BalletBootsEboniteBlack_ID,Black Ebonite Ballet Boots (Tight),missing armor addon/model links
0xA20086~Devious Devices - Expansion.esm,Devious Devices - Expansion.esm,zadNG_BalletBootsEboniteBlack_RD,,missing display name
0xA20087~Devious Devices - Expansion.esm,Devious Devices - Expansion.esm,zadNG_BalletBootsShortEboniteBlack_ID,Black Ebonite Ballet Boots (Tight) (Short),missing armor addon/model links
0xA20088~Devious Devices - Expansion.esm,Devious Devices - Expansion.esm,zadNG_BalletBootsShortEboniteBlack_RD,,missing display name
0xA2008A~Devious Devices - Expansion.esm,Devious Devices - Expansion.esm,zadNG_BalletBootsLeatherBlack_ID,Black Leather Ballet Boots (Tight),missing armor addon/model links
0xA2008B~Devious Devices - Expansion.esm,Devious Devices - Expansion.esm,zadNG_BalletBootsLeatherBlack_RD,,missing display name
0xA2008D~Devious Devices - Expansion.esm,Devious Devices - Expansion.esm,zadNG_BalletBootsShortLeatherBlack_ID,Black Leather Ballet Boots (Tight) (Short),missing armor addon/model links
0xA2008E~Devious Devices - Expansion.esm,Devious Devices - Expansion.esm,zadNG_BalletBootsShortLeatherBlack_RD,,missing display name
0xA200A4~Devious Devices - Expansion.esm,Devious Devices - Expansion.esm,zadNG_BalletBootsEboniteRed_ID,Red Ebonite Ballet Boots (Tight),missing armor addon/model links
0xA200A5~Devious Devices - Expansion.esm,Devious Devices - Expansion.esm,zadNG_BalletBootsEboniteRed_RD,,missing display name
0xA200A6~Devious Devices - Expansion.esm,Devious Devices - Expansion.esm,zadNG_BalletBootsShortEboniteRed_ID,Red Ebonite Ballet Boots (Tight) (Short),missing armor addon/model links
0xA200A7~Devious Devices - Expansion.esm,Devious Devices - Expansion.esm,zadNG_BalletBootsShortEboniteRed_RD,,missing display name
0xA200A8~Devious Devices - Expansion.esm,Devious Devices - Expansion.esm,zadNG_BalletBootsLeatherRed_ID,Red Leather Ballet Boots (Tight),missing armor addon/model links
0xA200A9~Devious Devices - Expansion.esm,Devious Devices - Expansion.esm,zadNG_BalletBootsLeatherRed_RD,,missing display name
0xA200AA~Devious Devices - Expansion.esm,Devious Devices - Expansion.esm,zadNG_BalletBootsShortLeatherRed_ID,Red Leather Ballet Boots (Tight) (Short),missing armor addon/model links
0xA200AB~Devious Devices - Expansion.esm,Devious Devices - Expansion.esm,zadNG_BalletBootsShortLeatherRed_RD,,missing display name
0xA200AC~Devious Devices - Expansion.esm,Devious Devices - Expansion.esm,zadNG_BalletBootsEboniteWhite_ID,White Ebonite Ballet Boots (Tight),missing armor addon/model links
0xA200AD~Devious Devices - Expansion.esm,Devious Devices - Expansion.esm,zadNG_BalletBootsEboniteWhite_RD,,missing display name
0xA200AE~Devious Devices - Expansion.esm,Devious Devices - Expansion.esm,zadNG_BalletBootsShortEboniteWhite_ID,White Ebonite Ballet Boots (Tight) (Short),missing armor addon/model links
0xA200AF~Devious Devices - Expansion.esm,Devious Devices - Expansion.esm,zadNG_BalletBootsShortEboniteWhite_RD,,missing display name
0xA200B0~Devious Devices - Expansion.esm,Devious Devices - Expansion.esm,zadNG_BalletBootsLeatherWhite_ID,White Leather Ballet Boots (Tight),missing armor addon/model links
0xA200B1~Devious Devices - Expansion.esm,Devious Devices - Expansion.esm,zadNG_BalletBootsLeatherWhite_RD,,missing display name
0xA200B2~Devious Devices - Expansion.esm,Devious Devices - Expansion.esm,zadNG_BalletBootsShortLeatherWhite_ID,White Leather Ballet Boots (Tight) (Short),missing armor addon/model links
0xA200B3~Devious Devices - Expansion.esm,Devious Devices - Expansion.esm,zadNG_BalletBootsShortLeatherWhite_RD,,missing display name
0xB475~Devious Devices - Expansion.esm,Devious Devices - Expansion.esm,zadx_bootsUnlockedInventory,Iron Ring Slave Boots (Unlocked),missing armor addon/model links
0xD4CE~Devious Devices - Expansion.esm,Devious Devices - Expansion.esm,zadx_EboniteHarness_scriptInstance,,missing display name
0xD4CF~Devious Devices - Expansion.esm,Devious Devices - Expansion.esm,zadx_EboniteHarnessInventory,Black Ebonite Chastity Harness,missing armor addon/model links
0xD4D2~Devious Devices - Expansion.esm,Devious Devices - Expansion.esm,zadx_EboniteHarnessCollar_scriptInstance,,missing display name
0xD4D3~Devious Devices - Expansion.esm,Devious Devices - Expansion.esm,zadx_EboniteHarnessCollarInventory,Black Ebonite Collar (Harness),missing armor addon/model links
0xD4D5~Devious Devices - Expansion.esm,Devious Devices - Expansion.esm,zadx_EboniteArmbinder_scriptInstance,,missing display name
0xD4D6~Devious Devices - Expansion.esm,Devious Devices - Expansion.esm,zadx_EboniteArmbinderInventory,Black Ebonite Armbinder,missing armor addon/model links
0xD4DE~Devious Devices - Expansion.esm,Devious Devices - Expansion.esm,zadx_cuffs_EboniteCollar_scriptInstance,,missing display name
0xD4DF~Devious Devices - Expansion.esm,Devious Devices - Expansion.esm,zadx_cuffs_EboniteCollarInventory,Black Ebonite Collar,missing armor addon/model links
0xD4E0~Devious Devices - Expansion.esm,Devious Devices - Expansion.esm,zadx_cuffs_EboniteArms_scriptInstance,,missing display name
0xD4E1~Devious Devices - Expansion.esm,Devious Devices - Expansion.esm,zadx_cuffs_EboniteArmsInventory,Black Ebonite Cuffs (Arms),missing armor addon/model links
0xD4E2~Devious Devices - Expansion.esm,Devious Devices - Expansion.esm,zadx_cuffs_EboniteLegs_scriptInstance,,missing display name
0xD4E3~Devious Devices - Expansion.esm,Devious Devices - Expansion.esm,zadx_cuffs_EboniteLegsInventory,Black Ebonite Cuffs (Legs),missing armor addon/model links
0xD4E5~Devious Devices - Expansion.esm,Devious Devices - Expansion.esm,zadx_EboniteBlindfold_scriptInstance,,missing display name
0xD4E6~Devious Devices - Expansion.esm,Devious Devices - Expansion.esm,zadx_EboniteBlindfoldInventory,Black Ebonite Blindfold,missing armor addon/model links
0xD4ED~Devious Devices - Expansion.esm,Devious Devices - Expansion.esm,zadx_GagEboniteHarnessBall_scriptInstance,,missing display name
0xD4EE~Devious Devices - Expansion.esm,Devious Devices - Expansion.esm,zadx_GagEboniteBallInventory,Black Ebonite Gag (Ball) (Harness),missing armor addon/model links
0xD4EF~Devious Devices - Expansion.esm,Devious Devices - Expansion.esm,zadx_GagEboniteHarnessRing_scriptInstance,,missing display name
0xD4F0~Devious Devices - Expansion.esm,Devious Devices - Expansion.esm,zadx_GagEboniteRingInventory,Black Ebonite Gag (Ring) (Harness),missing armor addon/model links
0xD4F2~Devious Devices - Expansion.esm,Devious Devices - Expansion.esm,zadx_GagEboniteHarnessPanel_scriptInstance,,missing display name
0xD4F3~Devious Devices - Expansion.esm,Devious Devices - Expansion.esm,zadx_GagEbonitePanelInventory,Black Ebonite Gag (Panel) (Harness),missing armor addon/model links
0xD4F5~Devious Devices - Expansion.esm,Devious Devices - Expansion.esm,zadx_GagEboniteStrapBall_scriptInstance,,missing display name
0xD4F6~Devious Devices - Expansion.esm,Devious Devices - Expansion.esm,zadx_GagEboniteStrapBallInventory,Black Ebonite Gag (Ball) (Simple),missing armor addon/model links
0xD4F7~Devious Devices - Expansion.esm,Devious Devices - Expansion.esm,zadx_GagEboniteStrapRing_scriptInstance,,missing display name
0xD4F8~Devious Devices - Expansion.esm,Devious Devices - Expansion.esm,zadx_GagEboniteStrapRingInventory,Black Ebonite Gag (Ring) (Simple),missing armor addon/model links
0xD65~Devious Devices - Expansion.esm,Devious Devices - Expansion.esm,zadx_hood_leather_white_Inventory,White Leather Hood,missing armor addon/model links
0xD66~Devious Devices - Expansion.esm,Devious Devices - Expansion.esm,zadx_hood_leather_white_Rendered,,missing display name
0xD74~Devious Devices - Expansion.esm,Devious Devices - Expansion.esm,zadx_Gag_MuzzleLips_LeatherBlack_Inventory,Black Leather Muzzle Lips Gag,missing armor addon/model links
0xE10~Devious Devices - Expansion.esm,Devious Devices - Expansion.esm,zadx_RDEboniteHarnessNCInventory,"Red Ebonite Chastity Harness, No Collar",missing armor addon/model links
0xE11~Devious Devices - Expansion.esm,Devious Devices - Expansion.esm,zadx_RDEboniteHarnessNC_scriptInstance,,missing display name
0xE537~Devious Devices - Expansion.esm,Devious Devices - Expansion.esm,zadx_CollarPostureEbonite_scriptInstance,,missing display name
0xE538~Devious Devices - Expansion.esm,Devious Devices - Expansion.esm,zadx_CollarPostureEboniteInventory,Black Ebonite Collar (Posture),missing armor addon/model links
0xEFFD~Devious Devices - Expansion.esm,Devious Devices - Expansion.esm,zadx_WTLharness_scriptInstance,,missing display name
0xEFFE~Devious Devices - Expansion.esm,Devious Devices - Expansion.esm,zadx_WTLharnessInventory,White Leather Chastity Harness,missing armor addon/model links
0xF005~Devious Devices - Expansion.esm,Devious Devices - Expansion.esm,zadx_WTEboniteHarness_scriptInstance,,missing display name
0xF006~Devious Devices - Expansion.esm,Devious Devices - Expansion.esm,zadx_WTEboniteHarnessInventory,White Ebonite Chastity Harness,missing armor addon/model links
0xF007~Devious Devices - Expansion.esm,Devious Devices - Expansion.esm,zadx_WTLharnessCollar_scriptInstance,,missing display name
0xF008~Devious Devices - Expansion.esm,Devious Devices - Expansion.esm,zadx_WTLharnessCollarInventory,White Leather Collar (Harness),missing armor addon/model links
0xF00F~Devious Devices - Expansion.esm,Devious Devices - Expansion.esm,zadx_WTEHarnessCollar_scriptInstance,,missing display name
0xF010~Devious Devices - Expansion.esm,Devious Devices - Expansion.esm,zadx_WTEHarnessCollarInventory,White Ebonite Collar (Harness),missing armor addon/model links
0xF012~Devious Devices - Expansion.esm,Devious Devices - Expansion.esm,zadx_WTLarmbinder_scriptInstance,,missing display name
0xF013~Devious Devices - Expansion.esm,Devious Devices - Expansion.esm,zadx_WTLarmbinderInventory,White Leather Armbinder,missing armor addon/model links
0xF015~Devious Devices - Expansion.esm,Devious Devices - Expansion.esm,zadx_WTEarmbinder_scriptInstance,,missing display name
0xF016~Devious Devices - Expansion.esm,Devious Devices - Expansion.esm,zadx_WTEarmbinderInventory,White Ebonite Armbinder,missing armor addon/model links
0xF01C~Devious Devices - Expansion.esm,Devious Devices - Expansion.esm,zadx_WTLcuffsLCollar_scriptInstance,,missing display name
0xF01D~Devious Devices - Expansion.esm,Devious Devices - Expansion.esm,zadx_WTLcuffsLCollarInventory,White Leather Collar,missing armor addon/model links
0xF01F~Devious Devices - Expansion.esm,Devious Devices - Expansion.esm,zadx_WTECuffsECollar_scriptInstance,,missing display name
0xF020~Devious Devices - Expansion.esm,Devious Devices - Expansion.esm,zadx_WTECuffsECollarInventory,White Ebonite Collar,missing armor addon/model links
0xF022~Devious Devices - Expansion.esm,Devious Devices - Expansion.esm,zadx_WTLcuffsLArms_scriptInstance,,missing display name
0xF023~Devious Devices - Expansion.esm,Devious Devices - Expansion.esm,zadx_WTLcuffsLArmsInventory,White Leather Cuffs (Arms),missing armor addon/model links
0xF025~Devious Devices - Expansion.esm,Devious Devices - Expansion.esm,zadx_WTECuffsEArms_scriptInstance,,missing display name
0xF026~Devious Devices - Expansion.esm,Devious Devices - Expansion.esm,zadx_WTECuffsEArmsInventory,White Ebonite Cuffs (Arms),missing armor addon/model links
0xF028~Devious Devices - Expansion.esm,Devious Devices - Expansion.esm,zadx_WTLcuffsLLegs_scriptInstance,,missing display name
0xF029~Devious Devices - Expansion.esm,Devious Devices - Expansion.esm,zadx_WTLcuffsLLegsInventory,White Leather Cuffs (Legs),missing armor addon/model links
0xF02B~Devious Devices - Expansion.esm,Devious Devices - Expansion.esm,zadx_WTECuffsELegs_scriptInstance,,missing display name
0xF02C~Devious Devices - Expansion.esm,Devious Devices - Expansion.esm,zadx_WTECuffsELegsInventory,White Ebonite Cuffs (Legs),missing armor addon/model links
0xF02E~Devious Devices - Expansion.esm,Devious Devices - Expansion.esm,zadx_WTLblindfold_scriptInstance,,missing display name
0xF02F~Devious Devices - Expansion.esm,Devious Devices - Expansion.esm,zadx_WTLblindfoldInventory,White Leather Blindfold,missing armor addon/model links
0xF035~Devious Devices - Expansion.esm,Devious Devices - Expansion.esm,zadx_WTEEBlindfold_scriptInstance,,missing display name
0xF036~Devious Devices - Expansion.esm,Devious Devices - Expansion.esm,zadx_WTEEBlindfoldInventory,White Ebonite Blindfold,missing armor addon/model links
0xF047~Devious Devices - Expansion.esm,Devious Devices - Expansion.esm,zadx_WTLgagHarnessBall_scriptInstance,,missing display name
0xF048~Devious Devices - Expansion.esm,Devious Devices - Expansion.esm,zadx_WTLgagBallInventory,White Leather Gag (Ball) (Harness),missing armor addon/model links
0xF049~Devious Devices - Expansion.esm,Devious Devices - Expansion.esm,zadx_WTEGagEbHarnessBall_scriptInstance,,missing display name
0xF04A~Devious Devices - Expansion.esm,Devious Devices - Expansion.esm,zadx_WTEGagEbBallInventory,White Ebonite Gag (Ball) (Harness),missing armor addon/model links
0xF04B~Devious Devices - Expansion.esm,Devious Devices - Expansion.esm,zadx_WTLgagHarnessRing_scriptInstance,,missing display name
0xF04C~Devious Devices - Expansion.esm,Devious Devices - Expansion.esm,zadx_WTLgagRingInventory,White Leather Gag (Ring) (Harness),missing armor addon/model links
0xF04D~Devious Devices - Expansion.esm,Devious Devices - Expansion.esm,zadx_WTEGagEbHarnessRing_scriptInstance,,missing display name
0xF04E~Devious Devices - Expansion.esm,Devious Devices - Expansion.esm,zadx_WTEGagEbRingInventory,White Ebonite Gag (Ring) (Harness),missing armor addon/model links
0xF04F~Devious Devices - Expansion.esm,Devious Devices - Expansion.esm,zadx_WTLgagHarnPanel_scriptInstance,,missing display name
0xF051~Devious Devices - Expansion.esm,Devious Devices - Expansion.esm,zadx_WTLgagHarnPanelInventory,White Leather Gag (Panel) (Harness),missing armor addon/model links
0xF052~Devious Devices - Expansion.esm,Devious Devices - Expansion.esm,zadx_WTEGagEbHarnPanel_scriptInstance,,missing display name
0xF054~Devious Devices - Expansion.esm,Devious Devices - Expansion.esm,zadx_WTEGagEbHarnPanelInventory,White Ebonite Gag (Panel) (Harness),missing armor addon/model links
0xF05B~Devious Devices - Expansion.esm,Devious Devices - Expansion.esm,zadx_WTLgagStrapBall_scriptInstance,,missing display name
0xF05C~Devious Devices - Expansion.esm,Devious Devices - Expansion.esm,zadx_WTLgagStrapBallInventory,White Leather Gag (Ball) (Simple),missing armor addon/model links
0xF05D~Devious Devices - Expansion.esm,Devious Devices - Expansion.esm,zadx_WTEGagEbStrapBall_scriptInstance,,missing display name
0xF05E~Devious Devices - Expansion.esm,Devious Devices - Expansion.esm,zadx_WTEGagEbStrapBallInventory,White Ebonite Gag (Ball) (Simple),missing armor addon/model links
0xF05F~Devious Devices - Expansion.esm,Devious Devices - Expansion.esm,zadx_WTLgagStrapRing_scriptInstance,,missing display name
0xF060~Devious Devices - Expansion.esm,Devious Devices - Expansion.esm,zadx_WTLgagStrapRingInventory,White Leather Gag (Ring) (Simple),missing armor addon/model links
0xF061~Devious Devices - Expansion.esm,Devious Devices - Expansion.esm,zadx_WTEGagEbStrapRing_scriptInstance,,missing display name
0xF062~Devious Devices - Expansion.esm,Devious Devices - Expansion.esm,zadx_WTEGagEbStrapRingInventory,White Ebonite Gag (Ring) (Simple),missing armor addon/model links
0xF069~Devious Devices - Expansion.esm,Devious Devices - Expansion.esm,zadx_WTLCollarPostLeather_scriptInstance,,missing display name
0xF06A~Devious Devices - Expansion.esm,Devious Devices - Expansion.esm,zadx_WTLCollarPostLeatherInventory,White Leather Collar (Posture),missing armor addon/model links
0xF06B~Devious Devices - Expansion.esm,Devious Devices - Expansion.esm,zadx_WTECollarPostEbonite_scriptInstance,,missing display name
0xF06C~Devious Devices - Expansion.esm,Devious Devices - Expansion.esm,zadx_WTECollarPostEboniteInventory,White Ebonite Collar (Posture),missing armor addon/model links
0x17757~Devious Devices - Integration.esm,Devious Devices - Integration.esm,zad_plugIronInventory,Plug (Iron) (Set),missing armor addon/model links
0x17759~Devious Devices - Integration.esm,Devious Devices - Integration.esm,zad_collarPostureSteelInventory,Steel Collar (Padded) (Posture),missing armor addon/model links
0x1775A~Devious Devices - Integration.esm,Devious Devices - Integration.esm,zad_braPaddedInventory,Steel Chastity Bra (Padded),missing armor addon/model links
0x1775B~Devious Devices - Integration.esm,Devious Devices - Integration.esm,zad_cuffsPaddedArmsInventory,Steel Cuffs (Padded) (Arms),missing armor addon/model links
0x1775C~Devious Devices - Integration.esm,Devious Devices - Integration.esm,zad_cuffsPaddedCollarInventory,Steel Collar (Padded),missing armor addon/model links
0x1775D~Devious Devices - Integration.esm,Devious Devices - Integration.esm,zad_cuffsPaddedLegsInventory,Steel Cuffs (Padded) (Legs),missing armor addon/model links
0x1775E~Devious Devices - Integration.esm,Devious Devices - Integration.esm,zad_cuffsPaddedCompleteInventory,Steel Cuffs (Padded) (Set),missing armor addon/model links
0x19D16~Devious Devices - Integration.esm,Devious Devices - Integration.esm,zad_plugPrimitiveInventory,Plug (Primitive) (Set),missing armor addon/model links
0x19D17~Devious Devices - Integration.esm,Devious Devices - Integration.esm,zad_plugPumpsInventory,Plug (Inflatable) (Set),missing armor addon/model links
0x19D18~Devious Devices - Integration.esm,Devious Devices - Integration.esm,zad_plugSoulgemInventory,Plug (Soulgem) (Set),missing armor addon/model links
0x1D862~Devious Devices - Integration.esm,Devious Devices - Integration.esm,zad_deviceRemovalToken,,missing display name
0x28A5A~Devious Devices - Integration.esm,Devious Devices - Integration.esm,zad_armBinderInventory,Black Leather Armbinder,missing armor addon/model links
0x2B073~Devious Devices - Integration.esm,Devious Devices - Integration.esm,zad_gagBallInventory,Black Leather Gag (Ball) (Harness),missing armor addon/model links
0x2B075~Devious Devices - Integration.esm,Devious Devices - Integration.esm,zad_gagPanelInventory,Black Leather Gag (Panel) (Harness),missing armor addon/model links
0x2B076~Devious Devices - Integration.esm,Devious Devices - Integration.esm,zad_gagRingInventory,Black Leather Gag (Ring) (Harness),missing armor addon/model links
0x2BB53~Devious Devices - Integration.esm,Devious Devices - Integration.esm,zad_plugChargeableInventory,Plug (Soulgem) (Chargeable),missing armor addon/model links
0x2C0BE~Devious Devices - Integration.esm,Devious Devices - Integration.esm,zad_plugTestmInventory,Test Plugs,missing armor addon/model links
0x31703~Devious Devices - Integration.esm,Devious Devices - Integration.esm,zad_plugIronVagInventory,Plug (Iron) (Vaginal),missing armor addon/model links
0x31704~Devious Devices - Integration.esm,Devious Devices - Integration.esm,zad_plugIronAnInventory,Plug (Iron) (Anal),missing armor addon/model links
0x31C68~Devious Devices - Integration.esm,Devious Devices - Integration.esm,zad_plugPrimitiveVagInventory,Plug (Primitive) (Vaginal),missing armor addon/model links
0x31C69~Devious Devices - Integration.esm,Devious Devices - Integration.esm,zad_plugPrimitiveAnInventory,Plug (Primitive) (Anal),missing armor addon/model links
0x31C6B~Devious Devices - Integration.esm,Devious Devices - Integration.esm,zad_plugSoulgemAnInventory,Plug (Soulgem) (Anal),missing armor addon/model links
0x31C6C~Devious Devices - Integration.esm,Devious Devices - Integration.esm,zad_plugSoulgemVagInventory,Plug (Soulgem) (Vaginal),missing armor addon/model links
0x31C6F~Devious Devices - Integration.esm,Devious Devices - Integration.esm,zad_blindfoldInventory,Black Leather Blindfold,missing armor addon/model links
0x31C74~Devious Devices - Integration.esm,Devious Devices - Integration.esm,zad_harnessBodyInventory,Black Leather Slave Harness,missing armor addon/model links
0x31C75~Devious Devices - Integration.esm,Devious Devices - Integration.esm,zad_harnessCollarInventory,Black Leather Collar (Harness),missing armor addon/model links
0x32741~Devious Devices - Integration.esm,Devious Devices - Integration.esm,zad_beltPaddedOpenInventory,Steel Chastity Belt (Padded) (Open),missing armor addon/model links
0x32743~Devious Devices - Integration.esm,Devious Devices - Integration.esm,zad_cuffsLeatherLegsInventory,Black Leather Cuffs (Legs),missing armor addon/model links
0x32744~Devious Devices - Integration.esm,Devious Devices - Integration.esm,zad_cuffsLeatherArmsInventory,Black Leather Cuffs (Arms),missing armor addon/model links
0x32745~Devious Devices - Integration.esm,Devious Devices - Integration.esm,zad_cuffsLeatherCollarInventory,Black Leather Collar,missing armor addon/model links
0x33CED~Devious Devices - Integration.esm,Devious Devices - Integration.esm,zad_plugPumpsAnInventory,Plug (Inflatable) (Anal),missing armor addon/model links
0x33CEE~Devious Devices - Integration.esm,Devious Devices - Integration.esm,zad_plugPumpsVagInventory,Plug (Inflatable) (Vaginal),missing armor addon/model links
0x34253~Devious Devices - Integration.esm,Devious Devices - Integration.esm,zad_gagStrapBallInventory,Black Leather Gag (Ball) (Simple),missing armor addon/model links
0x34255~Devious Devices - Integration.esm,Devious Devices - Integration.esm,zad_gagStrapRingInventory,Black Leather Gag (Ring) (Simple),missing armor addon/model links
0x382F6~Devious Devices - Integration.esm,Devious Devices - Integration.esm,zad_plugChargeable_scriptInstance,,missing display name
0x3C3A0~Devious Devices - Integration.esm,Devious Devices - Integration.esm,zad_plugTrainingVagInventory,Plug (Training) (Vaginal),missing armor addon/model links
0x3C3A1~Devious Devices - Integration.esm,Devious Devices - Integration.esm,zad_plugTrainingVag_scriptInstance,,missing display name
0x409A2~Devious Devices - Integration.esm,Devious Devices - Integration.esm,zad_piercingNsoulInventory,Jeweled Piercings (Nipples) (Soulgem),missing armor addon/model links
0x40F0C~Devious Devices - Integration.esm,Devious Devices - Integration.esm,zad_DeviceHider,,missing display name
0x47002~Devious Devices - Integration.esm,Devious Devices - Integration.esm,zad_collarPostureLeatherInventory,Black Leather Collar (Posture),missing armor addon/model links
0x47566~Devious Devices - Integration.esm,Devious Devices - Integration.esm,zad_piercingVsoulInventory,Jeweled Piercings (Clitoral) (Soulgem),missing armor addon/model links
0x4DBEC~Devious Devices - Integration.esm,Devious Devices - Integration.esm,zad_restrictiveGlovesInventory,Black Leather Restrictive Gloves,missing armor addon/model links
0x4DBEF~Devious Devices - Integration.esm,Devious Devices - Integration.esm,zad_restrictiveCollarInventory,Black Leather Restrictive Collar,missing armor addon/model links
0x4DBF0~Devious Devices - Integration.esm,Devious Devices - Integration.esm,zad_restrictiveCorsetInventory,Black Leather Restrictive Corset,missing armor addon/model links
0x4F18C~Devious Devices - Integration.esm,Devious Devices - Integration.esm,zad_yokeInventory,Iron Yoke,missing armor addon/model links
0x50C87~Devious Devices - Integration.esm,Devious Devices - Integration.esm,zad_plugShocker_scriptInstance,,missing display name
0x50C89~Devious Devices - Integration.esm,Devious Devices - Integration.esm,zad_plugShockerInventory,Plug (Shocker) (Vaginal),missing armor addon/model links
0x50C8A~Devious Devices - Integration.esm,Devious Devices - Integration.esm,zad_plugChaosVagInventory,Plug (Chaos) (Vaginal),missing armor addon/model links
0x50C8B~Devious Devices - Integration.esm,Devious Devices - Integration.esm,zad_plugChaosVag_scriptInstance,,missing display name
0x5C998~Devious Devices - Integration.esm,Devious Devices - Integration.esm,zad_plugLockingVag_scriptInstance,,missing display name
0x5C999~Devious Devices - Integration.esm,Devious Devices - Integration.esm,zad_plugLockingVagInventory,Plug (Locking) (Vaginal),missing armor addon/model links
0x5C99A~Devious Devices - Integration.esm,Devious Devices - Integration.esm,zad_plugLockingAn_scriptInstance,,missing display name
0x5C99B~Devious Devices - Integration.esm,Devious Devices - Integration.esm,zad_plugLockingAnInventory,Plug (Locking) (Anal),missing armor addon/model links
0x68BDE~Devious Devices - Integration.esm,Devious Devices - Integration.esm,zad_armBinderHisec_Inventory,High Security Armbinder,missing armor addon/model links
0x68BDF~Devious Devices - Integration.esm,Devious Devices - Integration.esm,zad_armBinderHisec_Rendered,,missing display name
0x866B9~Devious Devices - Integration.esm,Devious Devices - Integration.esm,zad_PonyCollar_Rendered,,missing display name
0x866BA~Devious Devices - Integration.esm,Devious Devices - Integration.esm,zad_PonyCollar_Inventory,Pony Collar,missing armor addon/model links
0x9A7B~Devious Devices - Integration.esm,Devious Devices - Integration.esm,zad_beltPaddedInventory,Steel Chastity Belt (Padded),missing armor addon/model links
0xEB5D~Devious Devices - Integration.esm,Devious Devices - Integration.esm,zad_beltIronInventory,Iron Chastity Belt,missing armor addon/model links
0x1FF2F~Devious Lore.esp,Devious Lore.esp,_DL_SeerBoots,Seer's Boots,non-playable record
0x1FF30~Devious Lore.esp,Devious Lore.esp,_DL_SeerCollar,Seer's Collar,non-playable record
0x1FF31~Devious Lore.esp,Devious Lore.esp,_DL_SeerGloves,Seer's Gloves,non-playable record
0x1FF34~Devious Lore.esp,Devious Lore.esp,_DL_SeamstressDress,Seamstress' Dress,non-playable record
0x1FF35~Devious Lore.esp,Devious Lore.esp,_DL_SeamstressHeels,Seamstress' Heels,non-playable record
0x1FF36~Devious Lore.esp,Devious Lore.esp,_DL_ScribeSuit,Scribe's Suit,non-playable record
0x1FF37~Devious Lore.esp,Devious Lore.esp,_DL_ScribeHeels,Scribe's Heels,non-playable record
0x1FF38~Devious Lore.esp,Devious Lore.esp,_DL_ScribeGloves,Scribe's Gloves,non-playable record
0x1FF39~Devious Lore.esp,Devious Lore.esp,_DL_ScribeCollar,Scribe's Collar,non-playable record
0x2B397~Devious Lore.esp,Devious Lore.esp,_DL_PonyGagRed,,missing display name
0x2B398~Devious Lore.esp,Devious Lore.esp,_DL_PonyGagWhite,,missing display name
0x2B399~Devious Lore.esp,Devious Lore.esp,_DL_PonyGagBlack,,missing display name
0x2B39A~Devious Lore.esp,Devious Lore.esp,_DL_PonyTail01,,missing display name
0x2B39B~Devious Lore.esp,Devious Lore.esp,_DL_PonyTail02,,missing display name
0x2B39C~Devious Lore.esp,Devious Lore.esp,_DL_PonyTail03,,missing display name
0x2B39D~Devious Lore.esp,Devious Lore.esp,_DL_PonyBootsBlack,,missing display name
0x2B39E~Devious Lore.esp,Devious Lore.esp,_DL_PonyBootsRed,,missing display name
0x2B39F~Devious Lore.esp,Devious Lore.esp,_DL_PonyBootsWhite,,missing display name
0x2B3A0~Devious Lore.esp,Devious Lore.esp,_DL_PonyHarnessBlack,,missing display name
0x2B3A1~Devious Lore.esp,Devious Lore.esp,_DL_PonyHarnessRed,,missing display name
0x2B3A2~Devious Lore.esp,Devious Lore.esp,_DL_PonyHarnessWhite,,missing display name
0x2C486~Devious Lore.esp,Devious Lore.esp,_DL_PlugAnal,,missing display name
0x2C487~Devious Lore.esp,Devious Lore.esp,_DL_PlugVag,,missing display name
0x4F265~Devious Lore.esp,Devious Lore.esp,_DL_PonyGem,Pony Charm,missing armor addon/model links
0x50824~Devious Lore.esp,Devious Lore.esp,zadl_BlueR_Hood_Rendered,,missing display name
0x50825~Devious Lore.esp,Devious Lore.esp,zadl_CyanR_Hood_Rendered,,missing display name
0x50826~Devious Lore.esp,Devious Lore.esp,zadl_DGreenR_Hood_Rendered,,missing display name
0x50827~Devious Lore.esp,Devious Lore.esp,zadl_DGreyR_Hood_Rendered,,missing display name
0x50828~Devious Lore.esp,Devious Lore.esp,zadl_DRedR_Hood_Rendered,,missing display name
0x50829~Devious Lore.esp,Devious Lore.esp,zadl_GoldR_Hood_Rendered,,missing display name
0x5082A~Devious Lore.esp,Devious Lore.esp,zadl_GreenR_Hood_Rendered,,missing display name
0x5082B~Devious Lore.esp,Devious Lore.esp,zadl_LGreyR_Hood_Rendered,,missing display name
0x5082C~Devious Lore.esp,Devious Lore.esp,zadl_OrangeR_Hood_Rendered,,missing display name
0x5082D~Devious Lore.esp,Devious Lore.esp,zadl_PinkR_Hood_Rendered,,missing display name
0x5082E~Devious Lore.esp,Devious Lore.esp,zadl_PurpleR_Hood_Rendered,,missing display name
0x5082F~Devious Lore.esp,Devious Lore.esp,zadl_RedR_Hood_Rendered,,missing display name
0x50830~Devious Lore.esp,Devious Lore.esp,zadl_WhiteR_Hood_Rendered,,missing display name
0x50831~Devious Lore.esp,Devious Lore.esp,zadl_YellowR_Hood_Rendered,,missing display name
0x50832~Devious Lore.esp,Devious Lore.esp,zadl_BlueR_Hood_Inventory,Blue Oil Hood,missing armor addon/model links
0x50833~Devious Lore.esp,Devious Lore.esp,zadl_CyanR_Hood_Inventory,Cyan Oil Hood,missing armor addon/model links
0x50834~Devious Lore.esp,Devious Lore.esp,zadl_DGreenR_Hood_Inventory,Dark Green Oil Hood,missing armor addon/model links
0x50835~Devious Lore.esp,Devious Lore.esp,zadl_DGreyR_Hood_Inventory,Dark Grey Oil Hood,missing armor addon/model links
0x50836~Devious Lore.esp,Devious Lore.esp,zadl_DRedR_Hood_Inventory,Dark Red Oil Hood,missing armor addon/model links
0x50837~Devious Lore.esp,Devious Lore.esp,zadl_GoldR_Hood_Inventory,Golden Oil Hood,missing armor addon/model links
0x50838~Devious Lore.esp,Devious Lore.esp,zadl_GreenR_Hood_Inventory,Green Oil Hood,missing armor addon/model links
0x50839~Devious Lore.esp,Devious Lore.esp,zadl_LGreyR_Hood_Inventory,Light Grey Oil Hood,missing armor addon/model links
0x5083A~Devious Lore.esp,Devious Lore.esp,zadl_OrangeR_Hood_Inventory,Orange Oil Hood,missing armor addon/model links
0x5083B~Devious Lore.esp,Devious Lore.esp,zadl_PinkR_Hood_Inventory,Pink Oil Hood,missing armor addon/model links
0x5083C~Devious Lore.esp,Devious Lore.esp,zadl_PurpleR_Hood_Inventory,Purple Oil Hood,missing armor addon/model links
0x5083D~Devious Lore.esp,Devious Lore.esp,zadl_RedR_Hood_Inventory,Red Oil Hood,missing armor addon/model links
0x5083E~Devious Lore.esp,Devious Lore.esp,zadl_WhiteR_Hood_Inventory,White Oil Hood,missing armor addon/model links
0x5083F~Devious Lore.esp,Devious Lore.esp,zadl_YellowR_Hood_Inventory,Yellow Oil Hood,missing armor addon/model links
0x5DC59~Devious Lore.esp,Devious Lore.esp,zadl_BlackL_SuitRope_Rendered,,missing display name
0x5DC5A~Devious Lore.esp,Devious Lore.esp,zadl_RedL_SuitRope_Rendered,,missing display name
0x5DC5B~Devious Lore.esp,Devious Lore.esp,zadl_WhiteL_SuitRope_Rendered,,missing display name
0x5DC5C~Devious Lore.esp,Devious Lore.esp,zadl_BlackL_SuitRope_Inventory,Black Rope Torso and Leg Binds,missing armor addon/model links
0x5DC5D~Devious Lore.esp,Devious Lore.esp,zadl_RedL_SuitRope_Inventory,Red Rope Torso and Leg Binds,missing armor addon/model links
0x5DC5E~Devious Lore.esp,Devious Lore.esp,zadl_WhiteL_SuitRope_Inventory,White Rope Torso and Leg Binds,missing armor addon/model links
0x5E1CA~Devious Lore.esp,Devious Lore.esp,zadl_BlackL_GagBitRope_Rendered,,missing display name
0x5E1CB~Devious Lore.esp,Devious Lore.esp,zadl_BlackL_GagBallRope_Rendered,,missing display name
0x5E1CC~Devious Lore.esp,Devious Lore.esp,zadl_RedL_GagBallRope_Rendered,,missing display name
0x5E1CD~Devious Lore.esp,Devious Lore.esp,zadl_WhiteL_GagBallRope_Rendered,,missing display name
0x5E1CE~Devious Lore.esp,Devious Lore.esp,zadl_RedL_GagBitRope_Rendered,,missing display name
0x5E1CF~Devious Lore.esp,Devious Lore.esp,zadl_WhiteL_GagBitRope_Rendered,,missing display name
0x5E1D0~Devious Lore.esp,Devious Lore.esp,zadl_BlackL_GagBallRope_Inventory,Black Rope Ball Gag,missing armor addon/model links
0x5E1D1~Devious Lore.esp,Devious Lore.esp,zadl_BlackL_GagBitRope_Inventory,Black Rope Bit Gag,missing armor addon/model links
0x5E1D2~Devious Lore.esp,Devious Lore.esp,zadl_RedL_GagBallRope_Inventory,Red Rope Ball Gag,missing armor addon/model links
0x5E1D3~Devious Lore.esp,Devious Lore.esp,zadl_RedL_GagBitRope_Inventory,Red Rope Bit Gag,missing armor addon/model links
0x5E1D4~Devious Lore.esp,Devious Lore.esp,zadl_WhiteL_GagBallRope_Inventory,White Rope Ball Gag,missing armor addon/model links
0x5E1D5~Devious Lore.esp,Devious Lore.esp,zadl_WhiteL_GagBitRope_Inventory,White Rope Bit Gag,missing armor addon/model links
0x5E1DC~Devious Lore.esp,Devious Lore.esp,zadl_BlackL_CollarRope1_Ren,,missing display name
0x5E1DD~Devious Lore.esp,Devious Lore.esp,zadl_RedL_CollarRope1_Ren,,missing display name
0x5E1DE~Devious Lore.esp,Devious Lore.esp,zadl_WhiteL_CollarRope1_Ren,,missing display name
0x5E1DF~Devious Lore.esp,Devious Lore.esp,zadl_BlackL_CollarRope2_Ren,,missing display name
0x5E1E0~Devious Lore.esp,Devious Lore.esp,zadl_RedL_CollarRope2_Ren,,missing display name
0x5E1E1~Devious Lore.esp,Devious Lore.esp,zadl_WhiteL_CollarRope2_Ren,,missing display name
0x5E1E2~Devious Lore.esp,Devious Lore.esp,zadl_BlackL_CollarRope1_Inv,Black Rope Neck Binds,missing armor addon/model links
0x5E1E3~Devious Lore.esp,Devious Lore.esp,zadl_RedL_CollarRope1_Inv,Red Rope Neck Binds,missing armor addon/model links
0x5E1E4~Devious Lore.esp,Devious Lore.esp,zadl_WhiteL_CollarRope1_Inv,White Rope Neck Binds,missing armor addon/model links
0x5E1E5~Devious Lore.esp,Devious Lore.esp,zadl_BlackL_CollarRope2_Inv,Black Rope Neck Binds,missing armor addon/model links
0x5E1E6~Devious Lore.esp,Devious Lore.esp,zadl_RedL_CollarRope2_Inv,Red Rope Neck Binds,missing armor addon/model links
0x5E1E7~Devious Lore.esp,Devious Lore.esp,zadl_WhiteL_CollarRope2_Inv,White Rope Neck Binds,missing armor addon/model links
0x5E1EB~Devious Lore.esp,Devious Lore.esp,zadl_BlackL_BlindfoldRope_Ren,,missing display name
0x5E1EC~Devious Lore.esp,Devious Lore.esp,zadl_RedL_BlindfoldRope_Ren,,missing display name
0x5E1ED~Devious Lore.esp,Devious Lore.esp,zadl_WhiteL_BlindfoldRope_Ren,,missing display name
0x5E1EE~Devious Lore.esp,Devious Lore.esp,zadl_BlackL_BlindfoldRope_Inv,Black Rope Blinding Binds,missing armor addon/model links
0x5E1EF~Devious Lore.esp,Devious Lore.esp,zadl_RedL_BlindfoldRope_Inv,Red Rope Blinding Binds,missing armor addon/model links
0x5E1F0~Devious Lore.esp,Devious Lore.esp,zadl_WhiteL_BlindfoldRope_Inv,White Rope Blinding Binds,missing armor addon/model links
0x5E1F7~Devious Lore.esp,Devious Lore.esp,zadl_BlackL_HeavyArmbinderRopeStrict_Ren,,missing display name
0x5E1F8~Devious Lore.esp,Devious Lore.esp,zadl_BlackL_HeavyArmbinderRope_Ren,,missing display name
0x5E1F9~Devious Lore.esp,Devious Lore.esp,zadl_RedL_HeavyArmbinderRope_Ren,,missing display name
0x5E1FA~Devious Lore.esp,Devious Lore.esp,zadl_RedL_HeavyArmbinderRopeStrict_Ren,,missing display name
0x5E1FB~Devious Lore.esp,Devious Lore.esp,zadl_WhiteL_HeavyArmbinderRope_Ren,,missing display name
0x5E1FC~Devious Lore.esp,Devious Lore.esp,zadl_WhiteL_HeavyArmbinderRopeStrict_Ren,,missing display name
0x5E1FD~Devious Lore.esp,Devious Lore.esp,zadl_BlackL_HeavyArmbinderRope_Inv,Black Rope Arm Bindings,missing armor addon/model links
0x5E1FE~Devious Lore.esp,Devious Lore.esp,zadl_RedL_HeavyArmbinderRope_Inv,Red Rope Arm Bindings,missing armor addon/model links
0x5E1FF~Devious Lore.esp,Devious Lore.esp,zadl_WhiteL_HeavyArmbinderRope_Inv,White Rope Arm Bindings,missing armor addon/model links
0x5E200~Devious Lore.esp,Devious Lore.esp,zadl_BlackL_HeavyArmbinderRopeStrict_Inv,Black Rope Arm and Finger Bindings,missing armor addon/model links
0x5E201~Devious Lore.esp,Devious Lore.esp,zadl_RedL_HeavyArmbinderRopeStrict_Inv,Red Rope Arm and Finger Bindings,missing armor addon/model links
0x5E202~Devious Lore.esp,Devious Lore.esp,zadl_WhiteL_HeavyArmbinderRopeStrict_Inv,White Rope Arm and Finger Bindings,missing armor addon/model links
0x769ED~Devious Lore.esp,Devious Lore.esp,zadl_TrainScholarBelt_Ren,,missing display name
0x769EE~Devious Lore.esp,Devious Lore.esp,zadl_TrainScholarBelt_Inv,Ceremonial Training Chastity Belt,missing armor addon/model links
0x76F51~Devious Lore.esp,Devious Lore.esp,zadl_TrainScholarBra_Ren,,missing display name
0x76F52~Devious Lore.esp,Devious Lore.esp,zadl_TrainScholarBra_Inv,Ceremonial Training Chastity Bra,missing armor addon/model links
0x76F53~Devious Lore.esp,Devious Lore.esp,zadl_TrainScholarCollar_Inv,Ceremonial Training Collar,missing armor addon/model links
0x76F54~Devious Lore.esp,Devious Lore.esp,zadl_TrainScholarCollar_Ren,,missing display name
0x76F55~Devious Lore.esp,Devious Lore.esp,zadl_TrainScholarCuffsArms_Inv,Ceremonial Training Arm Cuffs,missing armor addon/model links
0x76F56~Devious Lore.esp,Devious Lore.esp,zadl_TrainScholarCuffsArms_Ren,,missing display name
0x76F57~Devious Lore.esp,Devious Lore.esp,zadl_TrainScholarCuffsLegs_Inv,Ceremonial Training Leg Cuffs,missing armor addon/model links
0x76F58~Devious Lore.esp,Devious Lore.esp,zadl_TrainScholarCuffsLegs_Ren,,missing display name
0x8A33F~Devious Lore.esp,Devious Lore.esp,zadl_TrainScholarBraBlocking_Inv,Ceremonial Training Chastity Bra (Blocking),missing armor addon/model links
0x8A340~Devious Lore.esp,Devious Lore.esp,zadl_TrainScholarBraBlocking_Ren,,missing display name
0x8A341~Devious Lore.esp,Devious Lore.esp,zadl_TrainScholarCuffsArmsBlocking_Inv,Ceremonial Training Arm Cuffs (Blocking),missing armor addon/model links
0x8A342~Devious Lore.esp,Devious Lore.esp,zadl_TrainScholarCuffsArmsBlocking_Ren,,missing display name
0x8A343~Devious Lore.esp,Devious Lore.esp,zadl_TrainScholarCuffsLegsBlocking_Inv,Ceremonial Training Leg Cuffs (Blocking),missing armor addon/model links
0x8A344~Devious Lore.esp,Devious Lore.esp,zadl_TrainScholarCuffsLegsBlocking_Ren,,missing display name
0x8B8ED~Devious Lore.esp,Devious Lore.esp,zadl_TrainScribeMask_Ren,,missing display name
0x8B8EF~Devious Lore.esp,Devious Lore.esp,zadl_TrainScribeMask_Inv,Dwarven Gilded Oil Dust Mask,missing armor addon/model links
0x8B8F0~Devious Lore.esp,Devious Lore.esp,zadl_TrainScribeBoots_Ren,,missing display name
0x8B8F1~Devious Lore.esp,Devious Lore.esp,zadl_TrainScribeBoots_Inv,Dwarven Gilded Oil Boots,missing armor addon/model links
0x8B8F2~Devious Lore.esp,Devious Lore.esp,zadl_TrainScribeGloves_Ren,,missing display name
0x8B8F3~Devious Lore.esp,Devious Lore.esp,zadl_TrainScribeGloves_Inv,Dwarven Gilded Oil Gloves,missing armor addon/model links
0x8B8F4~Devious Lore.esp,Devious Lore.esp,zadl_TrainScribeSuit_Inv,Dwarven Gilded Oil Bodysuit,missing armor addon/model links
0x8B8F5~Devious Lore.esp,Devious Lore.esp,zadl_TrainScribeSuit_Ren,,missing display name
0x8B8F6~Devious Lore.esp,Devious Lore.esp,zadl_TrainScribeCollar_Ren,,missing display name
0x8B8F7~Devious Lore.esp,Devious Lore.esp,zadl_TrainScribeCollar_Inv,Dwarven Gilded Oil Collar,missing armor addon/model links
0x8BE5D~Devious Lore.esp,Devious Lore.esp,zadl_TrainScribeHood_Ren,,missing display name
0x8BE5E~Devious Lore.esp,Devious Lore.esp,zadl_TrainScribeHood_Inv,Dwarven Gilded Oil Hood,missing armor addon/model links
0x8C935~Devious Lore.esp,Devious Lore.esp,zadl_TrainSeamstressHeels_Ren,,missing display name
0x8C936~Devious Lore.esp,Devious Lore.esp,zadl_TrainSeamstressHeels_Inv,Aldmeri Import's Training Heels,missing armor addon/model links
0x8C93A~Devious Lore.esp,Devious Lore.esp,zadl_TrainSeamstressGag_Inv,Aldmeri Import's Training Gag,missing armor addon/model links
0x8C93B~Devious Lore.esp,Devious Lore.esp,zadl_TrainSeamstressGag_Ren,,missing display name
0x8CE9E~Devious Lore.esp,Devious Lore.esp,zadl_TrainSeamstressBlindfold_Inv,Aldmeri Import's Training Blindfold,missing armor addon/model links
0x8CE9F~Devious Lore.esp,Devious Lore.esp,zadl_TrainSeamstressBlindfold_Ren,,missing display name
0x8CEA0~Devious Lore.esp,Devious Lore.esp,zadl_TrainSeamstressCollar_Inv,Aldmeri Import's Training Collar,missing armor addon/model links
0x8CEA1~Devious Lore.esp,Devious Lore.esp,zadl_TrainSeamstressCollar_Ren,,missing display name
0x8CEA2~Devious Lore.esp,Devious Lore.esp,zadl_TrainSeamstressMittens_Inv,Aldmeri Import's Training Mittens,missing armor addon/model links
0x8CEA3~Devious Lore.esp,Devious Lore.esp,zadl_TrainSeamstressMittens_Ren,,missing display name
0x8CEA4~Devious Lore.esp,Devious Lore.esp,zadl_TrainSeamstressDressElegant_Inv,Aldmeri Import's Training Dress,missing armor addon/model links
0x8CEA5~Devious Lore.esp,Devious Lore.esp,zadl_TrainSeamstressDressElegant_Ren,,missing display name
0x8CEA6~Devious Lore.esp,Devious Lore.esp,zadl_TrainSeamstressDressHobble_Inv,Aldmeri Import's Training Dress,missing armor addon/model links
0x8CEA7~Devious Lore.esp,Devious Lore.esp,zadl_TrainSeamstressDressHobble_Ren,,missing display name
0x8D982~Devious Lore.esp,Devious Lore.esp,zadl_TrainSeerPanelGag_Inv,Purified Restrictive Panel Gag,missing armor addon/model links
0x8D984~Devious Lore.esp,Devious Lore.esp,zadl_TrainSeerPanelGag_Ren,,missing display name
0x8D987~Devious Lore.esp,Devious Lore.esp,zadl_TrainSeerBoots_Inv,Purified Restrictive Boots,missing armor addon/model links
0x8D988~Devious Lore.esp,Devious Lore.esp,zadl_TrainSeerBoots_Ren,,missing display name
0x8D989~Devious Lore.esp,Devious Lore.esp,zadl_TrainSeerCollar_Inv,Purified Restrictive Collar,missing armor addon/model links
0x8D98A~Devious Lore.esp,Devious Lore.esp,zadl_TrainSeerCollar_Ren,,missing display name
0x8D98B~Devious Lore.esp,Devious Lore.esp,zadl_TrainSeerCorset_Inv,Purified Restrictive Corset,missing armor addon/model links
0x8D98C~Devious Lore.esp,Devious Lore.esp,zadl_TrainSeerCorset_Ren,,missing display name
0x8D98D~Devious Lore.esp,Devious Lore.esp,zadl_TrainSeerGloves_Inv,Purified Restrictive Gloves,missing armor addon/model links
0x8D98E~Devious Lore.esp,Devious Lore.esp,zadl_TrainSeerGloves_Ren,,missing display name
0x8D98F~Devious Lore.esp,Devious Lore.esp,zadl_TrainSeerStraitjacket_Inv,Purified Restrictive Straitjacket,missing armor addon/model links
0x8D990~Devious Lore.esp,Devious Lore.esp,zadl_TrainSeerStraitjacket_Ren,,missing display name
0x8E469~Devious Lore.esp,Devious Lore.esp,zadl_TrainStableBoots_Ren,,missing display name
0x8E46A~Devious Lore.esp,Devious Lore.esp,zadl_TrainStableBoots_Inv,Thelia's Training Boots,missing armor addon/model links
0x8E46C~Devious Lore.esp,Devious Lore.esp,zadl_TrainSorceressCollar_Inv,Lively Rope Neck Binds,missing armor addon/model links
0x8E46D~Devious Lore.esp,Devious Lore.esp,zadl_TrainSorceressCollar_Ren,,missing display name
0x8E9D1~Devious Lore.esp,Devious Lore.esp,zadl_TrainSorceressArmbinder_Inv,Lively Arm Bindings,missing armor addon/model links
0x8E9D2~Devious Lore.esp,Devious Lore.esp,zadl_TrainSorceressArmbinder_Ren,,missing display name
0x8E9D3~Devious Lore.esp,Devious Lore.esp,zadl_TrainSorceressCuffsArms_Inv,Lively Rope Arm Cuffs,missing armor addon/model links
0x8E9D4~Devious Lore.esp,Devious Lore.esp,zadl_TrainSorceressCuffsArms_Ren,,missing display name
0x8E9D5~Devious Lore.esp,Devious Lore.esp,zadl_TrainSorceressCuffsLegs_Inv,Lively Rope Leg Cuffs,missing armor addon/model links
0x8E9D6~Devious Lore.esp,Devious Lore.esp,zadl_TrainSorceressCuffsLegs_Ren,,missing display name
0x8E9D7~Devious Lore.esp,Devious Lore.esp,zadl_TrainSorceressBlindfold_Inv,Lively Rope Blinding Binds,missing armor addon/model links
0x8E9D8~Devious Lore.esp,Devious Lore.esp,zadl_TrainSorceressBlindfold_Ren,,missing display name
0x8E9D9~Devious Lore.esp,Devious Lore.esp,zadl_TrainSorceressGag_Inv,Lively Rope Ball Gag,missing armor addon/model links
0x8E9DA~Devious Lore.esp,Devious Lore.esp,zadl_TrainSorceressGag_Ren,,missing display name
0x8E9DB~Devious Lore.esp,Devious Lore.esp,zadl_TrainSorceressHarness_Ren,,missing display name
0x8E9DC~Devious Lore.esp,Devious Lore.esp,zadl_TrainSorceressHarness_Inv,Lively Rope Harness,missing armor addon/model links
0x8E9DD~Devious Lore.esp,Devious Lore.esp,zadl_TrainStableHarness_Inv,Thelia's Training Harness,missing armor addon/model links
0x8E9DE~Devious Lore.esp,Devious Lore.esp,zadl_TrainStableHarness_Ren,,missing display name
0x8E9DF~Devious Lore.esp,Devious Lore.esp,zadl_TrainStableCuffsArms_Inv,Thelia's Training Arm Cuffs,missing armor addon/model links
0x8E9E0~Devious Lore.esp,Devious Lore.esp,zadl_TrainStableCuffsArms_Ren,,missing display name
0x8E9E1~Devious Lore.esp,Devious Lore.esp,zadl_TrainStableCuffsLegs_Ren,,missing display name
0x8E9E2~Devious Lore.esp,Devious Lore.esp,zadl_TrainStableCuffsLegs_Inv,Thelia's Training Leg Cuffs,missing armor addon/model links
0x8E9E3~Devious Lore.esp,Devious Lore.esp,zadl_TrainStableElbowbinder_Inv,Thelia's Training Elbowbinder,missing armor addon/model links
0x8E9E4~Devious Lore.esp,Devious Lore.esp,zadl_TrainStableElbowbinder_Ren,,missing display name
0x8E9E5~Devious Lore.esp,Devious Lore.esp,zadl_TrainStableGag_Inv,Thelia's Training Gag,missing armor addon/model links
0x8E9E6~Devious Lore.esp,Devious Lore.esp,zadl_TrainStableGag_Ren,,missing display name
0x13ED9E~DeviousFollowers.esp,DeviousFollowers.esp,_DF_chastitybelt_Deal_Inventory,Deal Chastity Belt (Padded),missing armor addon/model links
0x13ED9F~DeviousFollowers.esp,DeviousFollowers.esp,_DF_chastitybelt_Deal_Rendered,,missing display name
0x19276~DeviousFollowers.esp,DeviousFollowers.esp,_DGauntletsRendered,,missing display name
0x19277~DeviousFollowers.esp,DeviousFollowers.esp,_DwarvenGauntletsInventor,Cursed Dwarven Handcuffs,missing armor addon/model links
0x1930DD~DeviousFollowers.esp,DeviousFollowers.esp,_DF_EasyArmbinder_Rope_Inventory,Easy Rope Armbinder,missing armor addon/model links
0x1930DE~DeviousFollowers.esp,DeviousFollowers.esp,_DF_EasyArmbinder_Rope_Rendered,,missing display name
0x1AE4B9~DeviousFollowers.esp,DeviousFollowers.esp,_DFIronCuffsFrontInventory,Slave Handcuffs,missing armor addon/model links
0x1AE4BA~DeviousFollowers.esp,DeviousFollowers.esp,_DFIronCuffsFrontRendered,,missing display name
0x1D5E8A~DeviousFollowers.esp,DeviousFollowers.esp,_DflowPonyTailDealInventory,Cute Pony Tail,missing armor addon/model links
0x1D5E8B~DeviousFollowers.esp,DeviousFollowers.esp,_DflowPonyTailDealRend,,missing display name
0x2115A6~DeviousFollowers.esp,DeviousFollowers.esp,_DFSlaveCollarRendered,,missing display name
0x2115A7~DeviousFollowers.esp,DeviousFollowers.esp,_DFRestrictiveCollarInventory,Black Leather Restrictive Collar,missing armor addon/model links
0x2115A8~DeviousFollowers.esp,DeviousFollowers.esp,_DFRestrictiveCollar_scriptInstance,,missing display name
0x213D43~DeviousFollowers.esp,DeviousFollowers.esp,_DFSlaveCollarInventory,Steel Slave Collar (Town Collar),missing armor addon/model links
0x213D44~DeviousFollowers.esp,DeviousFollowers.esp,_DFIronBalletBootsHeelInventory,Iron Slave Boots (Punishing),missing armor addon/model links
0x213D45~DeviousFollowers.esp,DeviousFollowers.esp,_DFIronBalletBootsHeelRendered,,missing display name
0x26FD0~DeviousFollowers.esp,DeviousFollowers.esp,_Dflow_HorseMittensRendered,,missing display name
0x26FD1~DeviousFollowers.esp,DeviousFollowers.esp,_Dflow_HorseMittensInventory,Hoof-mittens,missing armor addon/model links
0x28AC9~DeviousFollowers.esp,DeviousFollowers.esp,_DflowPonyTailInventory,Cute Pony Tail,missing armor addon/model links
0x28ACA~DeviousFollowers.esp,DeviousFollowers.esp,_DflowPonyTailRend,,missing display name
0x2C6EF3~DeviousFollowers.esp,DeviousFollowers.esp,_DFplugChaosVag_scriptInstance,,missing display name
0x2C6EF4~DeviousFollowers.esp,DeviousFollowers.esp,_DFplugChaosVagInventory,Plug (Chaos) (Vaginal),missing armor addon/model links
0x32C61~DeviousFollowers.esp,DeviousFollowers.esp,_Dflow_MittensInventory,Enchanted Slave Mittens,missing armor addon/model links
0x32C62~DeviousFollowers.esp,DeviousFollowers.esp,_Dflow_MittensRendered,,missing display name
0x32C64~DeviousFollowers.esp,DeviousFollowers.esp,_DflowglovesRendered,,missing display name
0x32C65~DeviousFollowers.esp,DeviousFollowers.esp,_DflowglovesInventory,Enchanted Slave Gloves,missing armor addon/model links
0x403E8~DeviousFollowers.esp,DeviousFollowers.esp,_Dflow_PrisChainsInv,Chains of Debt,missing armor addon/model links
0x403E9~DeviousFollowers.esp,DeviousFollowers.esp,_Dflow_PrisChainsRen,,missing display name
0x41EE9~DeviousFollowers.esp,DeviousFollowers.esp,_dflow_catsuit_transparent_Inventory,Transparent Catsuit,missing armor addon/model links
0x41EEA~DeviousFollowers.esp,DeviousFollowers.esp,_dflow_catsuit_transparent_Rendered,,missing display name
0x6E9C~DeviousFollowers.esp,DeviousFollowers.esp,_Dlist_collar_Inventory,Deprecated Town Collar,missing armor addon/model links
0x6E9D~DeviousFollowers.esp,DeviousFollowers.esp,_Dlist_collar_Rendered,,missing display name
0x93831~DeviousFollowers.esp,DeviousFollowers.esp,_DF_piercingVShockSoulInventory,Slave Piercings (Clitoral) (Shock),missing armor addon/model links
0x93832~DeviousFollowers.esp,DeviousFollowers.esp,_DF_piercingVShockSoul_scriptInstance,,missing display name
0x93833~DeviousFollowers.esp,DeviousFollowers.esp,_DF_piercingNShockSoulInventory,Slave Piercings (Nipples) (Shock),missing armor addon/model links
0x93834~DeviousFollowers.esp,DeviousFollowers.esp,_DF_piercingNShockSoul_scriptInstance,,missing display name
0xAFB5~DeviousFollowers.esp,DeviousFollowers.esp,_Dflowzadx_HR_PrisonerChains01Rendered,,missing display name
0xAFB6~DeviousFollowers.esp,DeviousFollowers.esp,_DFLOWzadx_HR_PrisonerChains01Inventory,Iron Prisoner Chains,missing armor addon/model links
0xD8DA4~DeviousFollowers.esp,DeviousFollowers.esp,_DFAnalSignInventory,Whore sign.,missing armor addon/model links
0xD8DA5~DeviousFollowers.esp,DeviousFollowers.esp,_DFAnalSignRendered,,missing display name
0xE7B65~DeviousFollowers.esp,DeviousFollowers.esp,_DFTapeGag_Inventory,Tape Gag,missing armor addon/model links
0xE7B66~DeviousFollowers.esp,DeviousFollowers.esp,_DFTapeGag_Rendered,,missing display name
0xECAB9~DeviousFollowers.esp,DeviousFollowers.esp,_DflowPonyTailInventory2,Cute Pony Tail,missing armor addon/model links
0xECABA~DeviousFollowers.esp,DeviousFollowers.esp,_DflowPonyTailRend2,,missing display name
0x12EB69~Deviously Vanilla - AIO.esp,Deviously Vanilla - AIO.esp,DSC_RopeArmBinds_Inventory,Rope Arm Binds,missing armor addon/model links
0x12EB6A~Deviously Vanilla - AIO.esp,Deviously Vanilla - AIO.esp,DSC_RopeArmBinds_Rendered,,missing display name
0x175991~Deviously Vanilla - AIO.esp,Deviously Vanilla - AIO.esp,DSC_SpecialDeliveryPlugAnal_Rendered,,missing display name
0x175992~Deviously Vanilla - AIO.esp,Deviously Vanilla - AIO.esp,DSC_SpecialDeliveryPlugAnal_Inventory,Special Delivery 2,missing armor addon/model links
0x175993~Deviously Vanilla - AIO.esp,Deviously Vanilla - AIO.esp,DSC_SpecialDeliveryPlugVaginal_Rendered,,missing display name
0x175994~Deviously Vanilla - AIO.esp,Deviously Vanilla - AIO.esp,DSC_SpecialDeliveryPlugVaginal_Inventory,Special Delivery 1,missing armor addon/model links
0x17FB99~Deviously Vanilla - AIO.esp,Deviously Vanilla - AIO.esp,DSC_SpecialDeliveryBelt_Rendered,,missing display name
0x17FB9A~Deviously Vanilla - AIO.esp,Deviously Vanilla - AIO.esp,DSC_SpecialDeliveryBelt_Inventory,Special delivery belt,missing armor addon/model links
0x1990C5~Deviously Vanilla - AIO.esp,Deviously Vanilla - AIO.esp,DSC_MeridiaBeaconAnalPlugInventory,Meridia's Beacon,missing armor addon/model links
0x1990C7~Deviously Vanilla - AIO.esp,Deviously Vanilla - AIO.esp,DSC_MeridiaBeaconAnalPlugRendered,,missing display name
0x1A83CD~Deviously Vanilla - AIO.esp,Deviously Vanilla - AIO.esp,DSC_MeridiaBeaconVampAnalPlugInventory,Meridia's Beacon,missing armor addon/model links
0x1A83D0~Deviously Vanilla - AIO.esp,Deviously Vanilla - AIO.esp,DSC_MeridiaBeaconVampAnalPlugRendered,,missing display name
0x3831F~Deviously Vanilla - AIO.esp,Deviously Vanilla - AIO.esp,DSC_RadiantRaimentElegantHobbleDressInventory,Elegant Radiant Raiment Dress,missing armor addon/model links
0x38323~Deviously Vanilla - AIO.esp,Deviously Vanilla - AIO.esp,DSC_RadiantRaimentElegantHobbleDressRendered,,missing display name
0x51830~Deviously Vanilla - AIO.esp,Deviously Vanilla - AIO.esp,DSC_RadiantRaimentStrictHobbleDressInventory,Strict Radiant Raiment Dress,missing armor addon/model links
0x51831~Deviously Vanilla - AIO.esp,Deviously Vanilla - AIO.esp,DSC_RadiantRaimentRelaxedHobbleDressInventory,Radiant Raiment Dress,missing armor addon/model links
0x51832~Deviously Vanilla - AIO.esp,Deviously Vanilla - AIO.esp,DSC_RadiantRaimentRelaxedHobbleDressRendered,,missing display name
0x51833~Deviously Vanilla - AIO.esp,Deviously Vanilla - AIO.esp,DSC_RadiantRaimentStrictHobbleDressRendered,,missing display name
0x51834~Deviously Vanilla - AIO.esp,Deviously Vanilla - AIO.esp,DSC_RadiantRaimentStraitjacketHobbleDressInventory,Radiant Raiment Dress with Straitjacket,missing armor addon/model links
0x51835~Deviously Vanilla - AIO.esp,Deviously Vanilla - AIO.esp,DSC_RadiantRaimentStraitjacketHobbleDressRendered,,missing display name
0x78524~Deviously Vanilla - AIO.esp,Deviously Vanilla - AIO.esp,DSC_SaarthalCollarRendered,,missing display name
0x78525~Deviously Vanilla - AIO.esp,Deviously Vanilla - AIO.esp,DSC_SaarthalCollarInventory,Saarthal Collar,missing armor addon/model links
0x7A5BF~Deviously Vanilla - AIO.esp,Deviously Vanilla - AIO.esp,DSC_MG02Amulet,Saarthal Amulet,missing armor addon/model links
0x7C625~Deviously Vanilla - AIO.esp,Deviously Vanilla - AIO.esp,DSC_MG02TrickAmulet,Saarthal Amulet,missing armor addon/model links
0x801DB~Deviously Vanilla - AIO.esp,Deviously Vanilla - AIO.esp,DSC_MQ106RingGagRendered,,missing display name
0x801DC~Deviously Vanilla - AIO.esp,Deviously Vanilla - AIO.esp,DSC_MQ106RingGagInventory,Iron Ring Gag,missing armor addon/model links
0x81218~Deviously Vanilla - AIO.esp,Deviously Vanilla - AIO.esp,DSC_MQ106CuffsInventory,Iron Handcuffs,missing armor addon/model links
0x81219~Deviously Vanilla - AIO.esp,Deviously Vanilla - AIO.esp,DSC_MQ106CuffsRendered,,missing display name
0x832B2~Deviously Vanilla - AIO.esp,Deviously Vanilla - AIO.esp,DSC_ClavicusVileMaskInventory,Masque of Clavicus Vile,missing armor addon/model links
0x832B3~Deviously Vanilla - AIO.esp,Deviously Vanilla - AIO.esp,DSC_ClavicusVileMaskRendered,,missing display name
0x832B4~Deviously Vanilla - AIO.esp,Deviously Vanilla - AIO.esp,DSC_ClavicusVileMaskCRendered,,missing display name
0x832B6~Deviously Vanilla - AIO.esp,Deviously Vanilla - AIO.esp,DSC_ClavicusVileMaskBRendered,,missing display name
0x8D4BD~Deviously Vanilla - AIO.esp,Deviously Vanilla - AIO.esp,DSC_ClavicusVileMaskGInventory,Masque of Clavicus Vile,missing armor addon/model links
0x8D4BE~Deviously Vanilla - AIO.esp,Deviously Vanilla - AIO.esp,DSC_ClavicusVileMaskCInventory,Masque of Clavicus Vile,missing armor addon/model links
0x8D4BF~Deviously Vanilla - AIO.esp,Deviously Vanilla - AIO.esp,DSC_ClavicusVileMaskBInventory,Masque of Clavicus Vile,missing armor addon/model links
0x8D4C0~Deviously Vanilla - AIO.esp,Deviously Vanilla - AIO.esp,DSC_ClavicusVileMaskBCInventory,Masque of Clavicus Vile,missing armor addon/model links
0x8D4C1~Deviously Vanilla - AIO.esp,Deviously Vanilla - AIO.esp,DSC_ClavicusVileMaskBGInventory,Masque of Clavicus Vile,missing armor addon/model links
0x8D4C2~Deviously Vanilla - AIO.esp,Deviously Vanilla - AIO.esp,DSC_ClavicusVileMaskBCGInventory,Masque of Clavicus Vile,missing armor addon/model links
0x8D4C3~Deviously Vanilla - AIO.esp,Deviously Vanilla - AIO.esp,DSC_ClavicusVileMaskBCRendered,,missing display name
0x8D4C5~Deviously Vanilla - AIO.esp,Deviously Vanilla - AIO.esp,DSC_ClavicusVileMaskBCGRendered,,missing display name
0x8D4C6~Deviously Vanilla - AIO.esp,Deviously Vanilla - AIO.esp,DSC_ClavicusVileMaskBGRendered,,missing display name
0x925C9~Deviously Vanilla - AIO.esp,Deviously Vanilla - AIO.esp,DSC_ClavicusVileMaskGRendered,,missing display name
0x976CB~Deviously Vanilla - AIO.esp,Deviously Vanilla - AIO.esp,DSC_ClavicusVileMaskCGInventory,Masque of Clavicus Vile,missing armor addon/model links
0x976CC~Deviously Vanilla - AIO.esp,Deviously Vanilla - AIO.esp,DSC_ClavicusVileMaskCGRendered,,missing display name
0x97C35~Deviously Vanilla - AIO.esp,Deviously Vanilla - AIO.esp,DSC_AdrianneArmCuffsInventory,Steel Cuffs (Padded) (Arms),missing armor addon/model links
0x97C36~Deviously Vanilla - AIO.esp,Deviously Vanilla - AIO.esp,DSC_AdrianneArmCuffsRendered,,missing display name
0x97C37~Deviously Vanilla - AIO.esp,Deviously Vanilla - AIO.esp,DSC_AdrianneLegCuffsInventory,Steel Cuffs (Padded) (Legs),missing armor addon/model links
0x97C38~Deviously Vanilla - AIO.esp,Deviously Vanilla - AIO.esp,DSC_AdrianneLegCuffsRendered,,missing display name
0x97C39~Deviously Vanilla - AIO.esp,Deviously Vanilla - AIO.esp,DSC_AdrianneCollarInventory,Steel Collar (Padded),missing armor addon/model links
0x97C3A~Deviously Vanilla - AIO.esp,Deviously Vanilla - AIO.esp,DSC_AdrianneCollarRendered,,missing display name
0x98C89~Deviously Vanilla - AIO.esp,Deviously Vanilla - AIO.esp,DSC_UlfberthArmbinderLooseInventory,Ulfberth's Armbinder,missing armor addon/model links
0x98C8A~Deviously Vanilla - AIO.esp,Deviously Vanilla - AIO.esp,DSC_UlfberthArmbinderLooseRendered,,missing display name
0x98C9C~Deviously Vanilla - AIO.esp,Deviously Vanilla - AIO.esp,DSC_UlfberthArmbinderInventory,Ulfberth's Armbinder,missing armor addon/model links
0x98C9D~Deviously Vanilla - AIO.esp,Deviously Vanilla - AIO.esp,DSC_UlfberthArmbinderRendered,,missing display name
0x99780~Deviously Vanilla - AIO.esp,Deviously Vanilla - AIO.esp,DSC_BlackSoulgemVagInventory,Plug (Black Soulgem) (Vaginal),missing armor addon/model links
0x99781~Deviously Vanilla - AIO.esp,Deviously Vanilla - AIO.esp,DSC_BlackSoulgemVagRendered,,missing display name
0x99782~Deviously Vanilla - AIO.esp,Deviously Vanilla - AIO.esp,DSC_BlackSoulgemAnInventory,Plug (Black Soulgem) (Anal),missing armor addon/model links
0x99783~Deviously Vanilla - AIO.esp,Deviously Vanilla - AIO.esp,DSC_BlackSoulgemAnRendered,,missing display name
0xB01FD~Deviously Vanilla - AIO.esp,Deviously Vanilla - AIO.esp,DSC_LodCollar_Inventory,Doggie's collar,missing armor addon/model links
0xB01FE~Deviously Vanilla - AIO.esp,Deviously Vanilla - AIO.esp,DSC_LodCollar_Rendered,,missing display name
0xCE814~Deviously Vanilla - AIO.esp,Deviously Vanilla - AIO.esp,DSC_LodPetsuit_Inventory,Lod's Pet Suit,missing armor addon/model links
0xCE815~Deviously Vanilla - AIO.esp,Deviously Vanilla - AIO.esp,DSC_LodPetsuit_Rendered,,missing display name
0x800~DF - Official Creature Pack.esp,DF - Official Creature Pack.esp,DF_Draugr_Naked_Calf_L_AR,Dismembered Left Calf,non-playable record
0x801~DF - Official Creature Pack.esp,DF - Official Creature Pack.esp,DF_Draugr_Naked_Calf_R_AR,Dismembered Right Calf,non-playable record
0x802~DF - Official Creature Pack.esp,DF - Official Creature Pack.esp,DF_Draugr_Naked_Forearm_L_AR,Dismembered Left Forearm,non-playable record
0x803~DF - Official Creature Pack.esp,DF - Official Creature Pack.esp,DF_Draugr_Naked_Forearm_R_AR,Dismembered Right Forearm,non-playable record
0x804~DF - Official Creature Pack.esp,DF - Official Creature Pack.esp,DF_Draugr_Naked_Head_AR,Dismembered Head,non-playable record
0x83A~DF - Official Creature Pack.esp,DF - Official Creature Pack.esp,DF_Falmer_Male_Naked_Calf_L_AR,Dismembered Left Calf,non-playable record
0x83B~DF - Official Creature Pack.esp,DF - Official Creature Pack.esp,DF_Falmer_Male_Naked_Calf_R_AR,Dismembered Right Calf,non-playable record
0x83C~DF - Official Creature Pack.esp,DF - Official Creature Pack.esp,DF_Falmer_Male_Naked_Forearm_L_AR,Dismembered Left Forearm,non-playable record
0x83D~DF - Official Creature Pack.esp,DF - Official Creature Pack.esp,DF_Falmer_Male_Naked_Forearm_R_AR,Dismembered Right Forearm,non-playable record
0x83E~DF - Official Creature Pack.esp,DF - Official Creature Pack.esp,DF_Falmer_Male_Naked_Head_AR,Dismembered Head,non-playable record
0x856~DF - Official Creature Pack.esp,DF - Official Creature Pack.esp,DF_Falmer_Female_Naked_Calf_L_AR,Dismembered Left Calf,non-playable record
0x857~DF - Official Creature Pack.esp,DF - Official Creature Pack.esp,DF_Falmer_Female_Naked_Calf_R_AR,Dismembered Right Calf,non-playable record
0x858~DF - Official Creature Pack.esp,DF - Official Creature Pack.esp,DF_Falmer_Female_Naked_Forearm_L_AR,Dismembered Left Forearm,non-playable record
0x859~DF - Official Creature Pack.esp,DF - Official Creature Pack.esp,DF_Falmer_Female_Naked_Forearm_R_AR,Dismembered Right Forearm,non-playable record
0x85A~DF - Official Creature Pack.esp,DF - Official Creature Pack.esp,DF_Falmer_Female_Naked_Head_AR,Dismembered Head,non-playable record
0x866~DF - Official Creature Pack.esp,DF - Official Creature Pack.esp,DF_Wolf_Default_Head_AR,Dismembered Head,non-playable record
0x86B~DF - Official Creature Pack.esp,DF - Official Creature Pack.esp,DF_Wolf_Default_Front_L_Leg_AR,Dismembered Left Leg,non-playable record
0x86C~DF - Official Creature Pack.esp,DF - Official Creature Pack.esp,DF_Wolf_Default_Front_R_Leg_AR,Dismembered Right Leg,non-playable record
0x86D~DF - Official Creature Pack.esp,DF - Official Creature Pack.esp,DF_Wolf_Default_Back_L_Leg_AR,Dismembered Left Leg,non-playable record
0x86E~DF - Official Creature Pack.esp,DF - Official Creature Pack.esp,DF_Wolf_Default_Back_R_Leg_AR,Dismembered Right Leg,non-playable record
0x873~DF - Official Creature Pack.esp,DF - Official Creature Pack.esp,DF_Wolf_Default_Tail_AR,Dismembered Tail,non-playable record
0x88C~DF - Official Creature Pack.esp,DF - Official Creature Pack.esp,DF_Wolf_Black_Back_L_Leg_AR,Dismembered Left Leg,non-playable record
0x88D~DF - Official Creature Pack.esp,DF - Official Creature Pack.esp,DF_Wolf_Black_Back_R_Leg_AR,Dismembered Right Leg,non-playable record
0x88E~DF - Official Creature Pack.esp,DF - Official Creature Pack.esp,DF_Wolf_Black_Front_L_Leg_AR,Dismembered Left Leg,non-playable record
0x88F~DF - Official Creature Pack.esp,DF - Official Creature Pack.esp,DF_Wolf_Black_Front_R_Leg_AR,Dismembered Right Leg,non-playable record
0x890~DF - Official Creature Pack.esp,DF - Official Creature Pack.esp,DF_Wolf_Black_Head_AR,Dismembered Head,non-playable record
0x891~DF - Official Creature Pack.esp,DF - Official Creature Pack.esp,DF_Wolf_Black_Tail_AR,Dismembered Tail,non-playable record
0x892~DF - Official Creature Pack.esp,DF - Official Creature Pack.esp,DF_Wolf_Red_Back_L_Leg_AR,Dismembered Left Leg,non-playable record
0x893~DF - Official Creature Pack.esp,DF - Official Creature Pack.esp,DF_Wolf_Red_Back_R_Leg_AR,Dismembered Right Leg,non-playable record
0x894~DF - Official Creature Pack.esp,DF - Official Creature Pack.esp,DF_Wolf_Red_Front_L_Leg_AR,Dismembered Left Leg,non-playable record
0x895~DF - Official Creature Pack.esp,DF - Official Creature Pack.esp,DF_Wolf_Red_Front_R_Leg_AR,Dismembered Right Leg,non-playable record
0x896~DF - Official Creature Pack.esp,DF - Official Creature Pack.esp,DF_Wolf_Red_Head_AR,Dismembered Head,non-playable record
0x897~DF - Official Creature Pack.esp,DF - Official Creature Pack.esp,DF_Wolf_Red_Tail_AR,Dismembered Tail,non-playable record
0x8C4~DF - Official Creature Pack.esp,DF - Official Creature Pack.esp,DF_Troll_Calf_L_AR,Dismembered Left Calf,non-playable record
0x8C5~DF - Official Creature Pack.esp,DF - Official Creature Pack.esp,DF_Troll_Calf_R_AR,Dismembered Right Calf,non-playable record
0x8C6~DF - Official Creature Pack.esp,DF - Official Creature Pack.esp,DF_Troll_Forearm_L_AR,Dismembered Left Forearm,non-playable record
0x8C7~DF - Official Creature Pack.esp,DF - Official Creature Pack.esp,DF_Troll_Forearm_R_AR,Dismembered Right Forearm,non-playable record
0x8C8~DF - Official Creature Pack.esp,DF - Official Creature Pack.esp,DF_Troll_Head_AR,Dismembered Head,non-playable record
0x804~DF - Official Humanoid Pack.esp,DF - Official Humanoid Pack.esp,DF_Humanoid_Naked_Calf_L_AR,Dismembered Left Calf,non-playable record
0x806~DF - Official Humanoid Pack.esp,DF - Official Humanoid Pack.esp,DF_Humanoid_Naked_Calf_R_AR,Dismembered Right Calf,non-playable record
0x808~DF - Official Humanoid Pack.esp,DF - Official Humanoid Pack.esp,DF_Humanoid_Naked_Forearm_L_AR,Dismembered Left Forearm,non-playable record
0x80A~DF - Official Humanoid Pack.esp,DF - Official Humanoid Pack.esp,DF_Humanoid_Naked_Forearm_R_AR,Dismembered Right Forearm,non-playable record
0x90B~DF - Official Humanoid Pack.esp,DF - Official Humanoid Pack.esp,DF_Humanoid_Naked_Khajiit_Tail_AR,Dismembered Tail,non-playable record
0x974~DF - Official Humanoid Pack.esp,DF - Official Humanoid Pack.esp,DF_Humanoid_Naked_Argonian_Tail_AR,Dismembered Tail,non-playable record
0xAE8~DF - Official Humanoid Pack.esp,DF - Official Humanoid Pack.esp,DF_Humanoid_Naked_Afflicted_Calf_L_AR,Dismembered Left Calf,non-playable record
0xAE9~DF - Official Humanoid Pack.esp,DF - Official Humanoid Pack.esp,DF_Humanoid_Naked_Afflicted_Calf_R_AR,Dismembered Right Calf,non-playable record
0xAEA~DF - Official Humanoid Pack.esp,DF - Official Humanoid Pack.esp,DF_Humanoid_Naked_Afflicted_Forearm_L_AR,Dismembered Left Forearm,non-playable record
0xAEB~DF - Official Humanoid Pack.esp,DF - Official Humanoid Pack.esp,DF_Humanoid_Naked_Afflicted_Forearm_R_AR,Dismembered Right Forearm,non-playable record
0x800~DF - Xtudo Creature Pack - ccbgssse003-zombies.esp,DF - Xtudo Creature Pack - ccbgssse003-zombies.esp,DF_Xtudo_Zombie01_Naked_Calf_L_AR,Dismembered Left Calf,non-playable record
0x801~DF - Xtudo Creature Pack - ccbgssse003-zombies.esp,DF - Xtudo Creature Pack - ccbgssse003-zombies.esp,DF_Xtudo_Zombie01_Naked_Calf_R_AR,Dismembered Right Calf,non-playable record
0x802~DF - Xtudo Creature Pack - ccbgssse003-zombies.esp,DF - Xtudo Creature Pack - ccbgssse003-zombies.esp,DF_Xtudo_Zombie01_Naked_Forearm_L_AR,Dismembered Left Forearm,non-playable record
0x803~DF - Xtudo Creature Pack - ccbgssse003-zombies.esp,DF - Xtudo Creature Pack - ccbgssse003-zombies.esp,DF_Xtudo_Zombie01_Naked_Forearm_R_AR,Dismembered Right Forearm,non-playable record
0x804~DF - Xtudo Creature Pack - ccbgssse003-zombies.esp,DF - Xtudo Creature Pack - ccbgssse003-zombies.esp,DF_Xtudo_Zombie01_Naked_Head_AR,Dismembered Head,non-playable record
0x81E~DF - Xtudo Creature Pack - ccbgssse003-zombies.esp,DF - Xtudo Creature Pack - ccbgssse003-zombies.esp,DF_Xtudo_Zombie02_Naked_Calf_L_AR,Dismembered Left Calf,non-playable record
0x81F~DF - Xtudo Creature Pack - ccbgssse003-zombies.esp,DF - Xtudo Creature Pack - ccbgssse003-zombies.esp,DF_Xtudo_Zombie02_Naked_Calf_R_AR,Dismembered Right Calf,non-playable record
0x820~DF - Xtudo Creature Pack - ccbgssse003-zombies.esp,DF - Xtudo Creature Pack - ccbgssse003-zombies.esp,DF_Xtudo_Zombie02_Naked_Forearm_L_AR,Dismembered Left Forearm,non-playable record
0x821~DF - Xtudo Creature Pack - ccbgssse003-zombies.esp,DF - Xtudo Creature Pack - ccbgssse003-zombies.esp,DF_Xtudo_Zombie02_Naked_Forearm_R_AR,Dismembered Right Forearm,non-playable record
0x822~DF - Xtudo Creature Pack - ccbgssse003-zombies.esp,DF - Xtudo Creature Pack - ccbgssse003-zombies.esp,DF_Xtudo_Zombie02_Naked_Head_AR,Dismembered Head,non-playable record
0x82A~DF - Xtudo Creature Pack - ccbgssse003-zombies.esp,DF - Xtudo Creature Pack - ccbgssse003-zombies.esp,DF_Xtudo_Zombie03_Naked_Calf_L_AR,Dismembered Left Calf,non-playable record
0x82B~DF - Xtudo Creature Pack - ccbgssse003-zombies.esp,DF - Xtudo Creature Pack - ccbgssse003-zombies.esp,DF_Xtudo_Zombie03_Naked_Calf_R_AR,Dismembered Right Calf,non-playable record
0x82C~DF - Xtudo Creature Pack - ccbgssse003-zombies.esp,DF - Xtudo Creature Pack - ccbgssse003-zombies.esp,DF_Xtudo_Zombie03_Naked_Forearm_L_AR,Dismembered Left Forearm,non-playable record
0x82D~DF - Xtudo Creature Pack - ccbgssse003-zombies.esp,DF - Xtudo Creature Pack - ccbgssse003-zombies.esp,DF_Xtudo_Zombie03_Naked_Forearm_R_AR,Dismembered Right Forearm,non-playable record
0x82E~DF - Xtudo Creature Pack - ccbgssse003-zombies.esp,DF - Xtudo Creature Pack - ccbgssse003-zombies.esp,DF_Xtudo_Zombie03_Naked_Head_AR,Dismembered Head,non-playable record
0x866~DF - Xtudo Creature Pack - ccbgssse036-petbwolf.esp,DF - Xtudo Creature Pack - ccbgssse036-petbwolf.esp,DF_Wolf_Default_Head_AR,Dismembered Head,non-playable record
0x86B~DF - Xtudo Creature Pack - ccbgssse036-petbwolf.esp,DF - Xtudo Creature Pack - ccbgssse036-petbwolf.esp,DF_Wolf_Default_Front_L_Leg_AR,Dismembered Left Leg,non-playable record
0x86C~DF - Xtudo Creature Pack - ccbgssse036-petbwolf.esp,DF - Xtudo Creature Pack - ccbgssse036-petbwolf.esp,DF_Wolf_Default_Front_R_Leg_AR,Dismembered Right Leg,non-playable record
0x86D~DF - Xtudo Creature Pack - ccbgssse036-petbwolf.esp,DF - Xtudo Creature Pack - ccbgssse036-petbwolf.esp,DF_Wolf_Default_Back_L_Leg_AR,Dismembered Left Leg,non-playable record
0x86E~DF - Xtudo Creature Pack - ccbgssse036-petbwolf.esp,DF - Xtudo Creature Pack - ccbgssse036-petbwolf.esp,DF_Wolf_Default_Back_R_Leg_AR,Dismembered Right Leg,non-playable record
0x873~DF - Xtudo Creature Pack - ccbgssse036-petbwolf.esp,DF - Xtudo Creature Pack - ccbgssse036-petbwolf.esp,DF_Wolf_Default_Tail_AR,Dismembered Tail,non-playable record
0x804~DF - Xtudo Creature Pack - ccbgssse040-advobgobs.esp,DF - Xtudo Creature Pack - ccbgssse040-advobgobs.esp,DF_Humanoid_Naked_Calf_L_AR,Dismembered Left Calf,non-playable record
0x806~DF - Xtudo Creature Pack - ccbgssse040-advobgobs.esp,DF - Xtudo Creature Pack - ccbgssse040-advobgobs.esp,DF_Humanoid_Naked_Calf_R_AR,Dismembered Right Calf,non-playable record
0x808~DF - Xtudo Creature Pack - ccbgssse040-advobgobs.esp,DF - Xtudo Creature Pack - ccbgssse040-advobgobs.esp,DF_Humanoid_Naked_Forearm_L_AR,Dismembered Left Forearm,non-playable record
0x80A~DF - Xtudo Creature Pack - ccbgssse040-advobgobs.esp,DF - Xtudo Creature Pack - ccbgssse040-advobgobs.esp,DF_Humanoid_Naked_Forearm_R_AR,Dismembered Right Forearm,non-playable record
0xAE6~DF - Xtudo Creature Pack - ccbgssse040-advobgobs.esp,DF - Xtudo Creature Pack - ccbgssse040-advobgobs.esp,DF_Humanoid_Naked_Head_AR,Dismembered Head,non-playable record
0x80F~Dovahnique's Kaidan Replacer_V.esp,Dovahnique's Kaidan Replacer_V.esp,0DVKaidan_SkinNaked,,missing display name
0xD9D~DwarvenDeviousCuirass.esp,DwarvenDeviousCuirass.esp,D3Cuirass_script,,missing display name
0x81E~EbonyBladeRework.esp,EbonyBladeRework.esp,aaaEbonyBladeSpiderDaedraSkin,,non-playable record
0x858~EbonyMailRework.esp,EbonyMailRework.esp,DA02ArmorNoPC,Boethiah's Ebony Mail,non-playable record
0x859~EbonyMailRework.esp,EbonyMailRework.esp,aaaEbonyMailHelmetNoPC,Boethiah's Ebony Helmet,non-playable record
0x85A~EbonyMailRework.esp,EbonyMailRework.esp,aaaEbonyMailBootsNoPC,Boethiah's Ebony Boots,non-playable record
0x85B~EbonyMailRework.esp,EbonyMailRework.esp,aaaEbonyMailGauntletsNoPC,Boethiah's Ebony Gauntlets,non-playable record
0x801~evgnnsmpaccessories.esp,evgnnsmpaccessories.esp,evgsmpsatchel2armor,Satchel 2 Chains,non-playable record
0x86F~evgnnsmpaccessories.esp,evgnnsmpaccessories.esp,evgsmpbasicpouchLarmor,Tied Linen Pouch (Left),non-playable record
0x870~evgnnsmpaccessories.esp,evgnnsmpaccessories.esp,evgsmpbasicpouchLDARKarmor,Tied Linen Pouch (Left),non-playable record
0xD63~evgnnsmpaccessories.esp,evgnnsmpaccessories.esp,evgsmpsatchel1armor,Satchel 1 Chain,non-playable record
0xDF5~evgnnsmpaccessories.esp,evgnnsmpaccessories.esp,evgsmpbasicpouchRarmor,Tied Linen Pouch (Right),non-playable record
0xDF6~evgnnsmpaccessories.esp,evgnnsmpaccessories.esp,evgsmpbasicpouchRDARKarmor,Tied Linen Pouch (Right),non-playable record
0x1DBE3~evgSIRENROOT.esm,evgSIRENROOT.esm,EVGSirenArmorTilael,Tilael's Outfit,non-playable record
0x1E146~evgSIRENROOT.esm,evgSIRENROOT.esm,EVGSirenBootsTilael,Tilael's Boots,non-playable record
0x1F6DB~evgSIRENROOT.esm,evgSIRENROOT.esm,EVGSirenArmorPeletius,Peletius' Outfit,non-playable record
0x1F6DC~evgSIRENROOT.esm,evgSIRENROOT.esm,EVGSirenClothCayrice,Cayrice's Robes,non-playable record
0x2A1E6~evgSIRENROOT.esm,evgSIRENROOT.esm,ArmorTilaelSkin,Tilael Armor Base,non-playable record
0x2ACB2~evgSIRENROOT.esm,evgSIRENROOT.esm,ArmorPeletiusSkin,Peletius Armor Base,non-playable record
0x3284ED~evgSIRENROOT.esm,evgSIRENROOT.esm,EVGSirenCoronetFull01Unp,Coronet of the Deep,non-playable record
0x40532~evgSIRENROOT.esm,evgSIRENROOT.esm,EVGSirenCAMERAEquip,SirenCameraEquip,non-playable record
0x832~FEC.esp,FEC.esp,FEC_DrainBody00,Body00,non-playable record
0x838~FEC.esp,FEC.esp,FEC_DrainHands,Hands,non-playable record
0x846~FEC.esp,FEC.esp,FEC_FireSkeleBody00,Body00,non-playable record
0x847~FEC.esp,FEC.esp,FEC_ShockXRayBody,Body,non-playable record
0x863~FEC.esp,FEC.esp,FEC_DrainFeet,Feet,non-playable record
0x882~FEC.esp,FEC.esp,FEC_FireCharBody00,Body00,non-playable record
0x883~FEC.esp,FEC.esp,FEC_FireCharFeet,Feet,non-playable record
0x884~FEC.esp,FEC.esp,FEC_FireCharHands,Hands,non-playable record
0x886~FEC.esp,FEC.esp,FEC_FireCharBody01,Body01,non-playable record
0x88D~FEC.esp,FEC.esp,FEC_FireSkeleHead,Skele,non-playable record
0x892~FEC.esp,FEC.esp,FEC_FireSkeleFeet,Feet,non-playable record
0x893~FEC.esp,FEC.esp,FEC_FireSkeleHands,Hands,non-playable record
0x895~FEC.esp,FEC.esp,FEC_FireSkeleBody01,Body01,non-playable record
0x897~FEC.esp,FEC.esp,FEC_DrainBody01,Body01,non-playable record
0x899~FEC.esp,FEC.esp,FEC_DefaultSkeleFeet,Feet,non-playable record
0x89C~FEC.esp,FEC.esp,FEC_DefaultSkeleBody01,Body01,non-playable record
0x89D~FEC.esp,FEC.esp,FEC_DefaultSkeleBody00,Body00,non-playable record
0x8A1~FEC.esp,FEC.esp,FEC_DefaultSkeleHands,Hands,non-playable record
0x8A2~FEC.esp,FEC.esp,FEC_DefaultSkeleHead,Skull,non-playable record
0x8AE~FEC.esp,FEC.esp,FEC_FireCharHead,Head,non-playable record
0x8AF~FEC.esp,FEC.esp,FEC_DrainHead,Head,non-playable record
0x8B2~FEC.esp,FEC.esp,FEC_DrainHeadDecap,HeadDecap,non-playable record
0x8B3~FEC.esp,FEC.esp,FEC_FireCharHeadDecap,HeadDecap,non-playable record
0x8BF~FEC.esp,FEC.esp,FEC_ShockXRayHead,Skull,non-playable record
0x1059A~Fertility Mode.esm,Fertility Mode.esm,_JSW_BB_ClothesChild01,Child's Clothes,non-playable record
0x1059B~Fertility Mode.esm,Fertility Mode.esm,_JSW_BB_ClothesChild02,Child's Clothes,non-playable record
0x1059C~Fertility Mode.esm,Fertility Mode.esm,_JSW_BB_ClothesChild03,Child's Clothes,non-playable record
0x1059D~Fertility Mode.esm,Fertility Mode.esm,_JSW_BB_ClothesChild04,Child's Clothes,non-playable record
0x1059E~Fertility Mode.esm,Fertility Mode.esm,_JSW_BB_ClothesChild05,Child's Clothes,non-playable record
0x105A0~Fertility Mode.esm,Fertility Mode.esm,_JSW_BB_SkinNaked,,missing display name
0x99B8~Fertility Mode.esm,Fertility Mode.esm,_JSW_FMC_SkinNakedArgonianChild,,non-playable record
0x99B9~Fertility Mode.esm,Fertility Mode.esm,_JSW_FMC_SkinNakedKhajiitChild,,non-playable record
0x99BB~Fertility Mode.esm,Fertility Mode.esm,_JSW_FMC_ChildClothesCommon01,Child's Clothes,non-playable record
0x827~Ghaan Revealing Outfit Craftable.esp,Ghaan Revealing Outfit Craftable.esp,G3BArmorThievesGuildKarliahCuirass,G3B Karliah's Armor,non-playable record
0x82B~Ghaan Revealing Outfit Craftable.esp,Ghaan Revealing Outfit Craftable.esp,G3BArmorThievesGuildVariantCuirass,G3B Thieves Guild Variant Armor,non-playable record
0x82F~Ghaan Revealing Outfit Craftable.esp,Ghaan Revealing Outfit Craftable.esp,G3BArmorThievesGuildCuirass,G3B Thieves Guild Armor,non-playable record
0x866~Ghaan Revealing Outfit Craftable.esp,Ghaan Revealing Outfit Craftable.esp,G3BArmorNightingaleCuirass,G3B Nightingale Armor,non-playable record
0x8D1~Ghaan Revealing Outfit Craftable.esp,Ghaan Revealing Outfit Craftable.esp,G3BClothesRobesGreybeardTunic,G3B Greybeard's Robes,non-playable record
0x8FB~Ghaan Revealing Outfit Craftable.esp,Ghaan Revealing Outfit Craftable.esp,G3BClothesNocturnal,G3B Nocturnal's Clothes,non-playable record
0x11172~Glenmoril.esm,Glenmoril.esm,zzzGHcrArmorDweHunter02,,non-playable record
0x11173~Glenmoril.esm,Glenmoril.esm,zzzGHcrArmorDweSoldier02,,non-playable record
0x1118D~Glenmoril.esm,Glenmoril.esm,zzzGHNpArmorGhostKnightHeadless,Ghost Knight (Headless),non-playable record
0x11196~Glenmoril.esm,Glenmoril.esm,zzzGHSkinHound,,non-playable record
0x111A2~Glenmoril.esm,Glenmoril.esm,zzzGHSkinGiantCrab,,non-playable record
0x11222~Glenmoril.esm,Glenmoril.esm,zzzGHSkinSnailPoison,,non-playable record
0x1122E~Glenmoril.esm,Glenmoril.esm,zzzGHSkinSchistosoma,,non-playable record
0x11235~Glenmoril.esm,Glenmoril.esm,zzzGHSkinWraith01,,non-playable record
0x11236~Glenmoril.esm,Glenmoril.esm,zzzGHSkinWraith02,,non-playable record
0x11237~Glenmoril.esm,Glenmoril.esm,zzzGHSkinWraith03,,non-playable record
0x11247~Glenmoril.esm,Glenmoril.esm,zzzGHSkinWraithKnight,,non-playable record
0x11254~Glenmoril.esm,Glenmoril.esm,zzzGHSkinWraithLord,,non-playable record
0x1125A~Glenmoril.esm,Glenmoril.esm,zzzGHSkinWraithWitch,,non-playable record
0x1125B~Glenmoril.esm,Glenmoril.esm,zzzGHSkinWraithWitch_black,,non-playable record
0x113311~Glenmoril.esm,Glenmoril.esm,zzzLaMSkinDweBrassCenturion,,non-playable record
0x11423~Glenmoril.esm,Glenmoril.esm,zzzGHSkinWraithScout,,non-playable record
0x11430~Glenmoril.esm,Glenmoril.esm,zzzGHSkinWraithScrap,,non-playable record
0x11DFC7~Glenmoril.esm,Glenmoril.esm,zzzGHSkinAmenDragonStaff,,non-playable record
0x11E0AC~Glenmoril.esm,Glenmoril.esm,zzzLrhNPClothesOrphanRobeBloody,Lalanoah's Robe (Bloody),non-playable record
0x122A2~Glenmoril.esm,Glenmoril.esm,zzzGHSkinWraithArchwitch01,,non-playable record
0x122AE~Glenmoril.esm,Glenmoril.esm,zzzGHNPPiperRobe01,Piper Robe,non-playable record
0x122AF~Glenmoril.esm,Glenmoril.esm,zzzGHNPPiperRobe02,Piper Robe,non-playable record
0x122B0~Glenmoril.esm,Glenmoril.esm,zzzGHNPPiperRobe03,Piper Robe,non-playable record
0x122B1~Glenmoril.esm,Glenmoril.esm,zzzGHNPPiperBootsAA,Piper Boots,non-playable record
0x122B2~Glenmoril.esm,Glenmoril.esm,zzzGHNPPiperGlove,Piper Gloves,non-playable record
0x122B5~Glenmoril.esm,Glenmoril.esm,zzzGHNPPiperArdeoGold,Gold Ardeo,non-playable record
0x122B6~Glenmoril.esm,Glenmoril.esm,zzzGHNPPiperArdeoSilver,Silver Ardeo,non-playable record
0x122C1~Glenmoril.esm,Glenmoril.esm,zzzGHNPClothChickMask_Child,Chick Mask,non-playable record
0x123308~Glenmoril.esm,Glenmoril.esm,zzzRevSkinLivingFleshSack,,non-playable record
0x12568~Glenmoril.esm,Glenmoril.esm,zzzGHSkinWraithArchwitch02,,non-playable record
0x125B7~Glenmoril.esm,Glenmoril.esm,zzzGHSkinKumakiin,,missing display name
0x12C73~Glenmoril.esm,Glenmoril.esm,zzzRevSkinTenderOrphan,,non-playable record
0x12CEF~Glenmoril.esm,Glenmoril.esm,zzzGHNPUllissRobe,Ulliss's Robe,non-playable record
0x12CF0~Glenmoril.esm,Glenmoril.esm,zzzGHNPUllissHat,Ulliss's Hat,non-playable record
0x12DDD~Glenmoril.esm,Glenmoril.esm,zzzGHNPAnequinaAmulet,Ghost Amulet,non-playable record
0x12E11~Glenmoril.esm,Glenmoril.esm,zzzGHSkinMudSpawn,,non-playable record
0x12E12~Glenmoril.esm,Glenmoril.esm,zzzGHSkinMudHunch,,non-playable record
0x12E13~Glenmoril.esm,Glenmoril.esm,zzzGHSkinMudGiant,,non-playable record
0x12E14~Glenmoril.esm,Glenmoril.esm,zzzGHSkinMudEater,,non-playable record
0x12E15~Glenmoril.esm,Glenmoril.esm,zzzGHSkinMudWanderer,,non-playable record
0x12E5A~Glenmoril.esm,Glenmoril.esm,zzzRevNPArmorSageBoots,Theologian Boots,non-playable record
0x12E5B~Glenmoril.esm,Glenmoril.esm,zzzRevNPArmorSageGlove,Theologian Gloves,non-playable record
0x12E5C~Glenmoril.esm,Glenmoril.esm,zzzRevNPArmorSageHood,Theologian Hood,non-playable record
0x12E5D~Glenmoril.esm,Glenmoril.esm,zzzRevNPArmorSageRobe,Theologian Robe,non-playable record
0x12E5E~Glenmoril.esm,Glenmoril.esm,zzzRevNPArmorSageMask,Theologian Mask,non-playable record
0x12E64~Glenmoril.esm,Glenmoril.esm,zzzRevNPArmorSageMaskSilver,Theologian Silver Mask,non-playable record
0x12E7A~Glenmoril.esm,Glenmoril.esm,zzzRevNPArmorSageMaskReman,Theologian Stone Mask,non-playable record
0x12E7D~Glenmoril.esm,Glenmoril.esm,zzzRevNPArmorSageMaskNamira,Apostate Mask,non-playable record
0x12E83~Glenmoril.esm,Glenmoril.esm,zzzGHSkinMudDragon,,non-playable record
0x12EB0~Glenmoril.esm,Glenmoril.esm,zzzGHSkinMudWorm,,non-playable record
0x12EBE~Glenmoril.esm,Glenmoril.esm,zzzGHSkinMadKhajiit,,non-playable record
0x1317C~Glenmoril.esm,Glenmoril.esm,zzzGHSkinSkaven01,,non-playable record
0x1317D~Glenmoril.esm,Glenmoril.esm,zzzGHSkinSkaven02,,non-playable record
0x1317E~Glenmoril.esm,Glenmoril.esm,zzzGHSkinSkaven03,,non-playable record
0x1317F~Glenmoril.esm,Glenmoril.esm,zzzGHSkinSkaven04,,non-playable record
0x13180~Glenmoril.esm,Glenmoril.esm,zzzGHSkinSkaven05,,non-playable record
0x13181~Glenmoril.esm,Glenmoril.esm,zzzGHSkinSkavenMounted,,non-playable record
0x131C1~Glenmoril.esm,Glenmoril.esm,zzzGHSkinDweKnightBase,,non-playable record
0x131C3~Glenmoril.esm,Glenmoril.esm,zzzGHArmorGKHeadgear01,GK Headgear 01,non-playable record
0x131C4~Glenmoril.esm,Glenmoril.esm,zzzGHArmorGKHeadgear02,GK Headgear 02,non-playable record
0x131C5~Glenmoril.esm,Glenmoril.esm,zzzGHArmorGKHeadgear03,GK Headgear 03,non-playable record
0x131C6~Glenmoril.esm,Glenmoril.esm,zzzGHArmorGKHeadgear04,GK Headgear 04,non-playable record
0x131C7~Glenmoril.esm,Glenmoril.esm,zzzGHArmorGKBody01,GK Body 01,non-playable record
0x131C8~Glenmoril.esm,Glenmoril.esm,zzzGHArmorGKBody02,GK Body 02,non-playable record
0x131CE~Glenmoril.esm,Glenmoril.esm,zzzGHArmorGKFoulcup01,GK Foulcup 01,non-playable record
0x131CF~Glenmoril.esm,Glenmoril.esm,zzzGHArmorGKFoulcup02,GK Foulcup 02,non-playable record
0x131D0~Glenmoril.esm,Glenmoril.esm,zzzGHArmorGKFoulcup03,GK Foulcup 03,non-playable record
0x131D4~Glenmoril.esm,Glenmoril.esm,zzzGHArmorGKBody03,GK Body 03,non-playable record
0x131D7~Glenmoril.esm,Glenmoril.esm,zzzGHArmorGKBodyGS,GK Body GS,non-playable record
0x131D8~Glenmoril.esm,Glenmoril.esm,zzzGHArmorGKBodyGL,GK Body GL,non-playable record
0x131DF~Glenmoril.esm,Glenmoril.esm,zzzGHArmorGKThigh01,GK Thigh 01,non-playable record
0x131E0~Glenmoril.esm,Glenmoril.esm,zzzGHArmorGKThigh02,GK Thigh 02,non-playable record
0x131E1~Glenmoril.esm,Glenmoril.esm,zzzGHArmorGKThigh03,GK Thigh 03,non-playable record
0x131E7~Glenmoril.esm,Glenmoril.esm,zzzGHArmorGKUpperArm01,GK UpperArm 01,non-playable record
0x131E8~Glenmoril.esm,Glenmoril.esm,zzzGHArmorGKUpperArm02,GK UpperArm 02,non-playable record
0x13222~Glenmoril.esm,Glenmoril.esm,zzzGHSkinDweQueenSpider,,missing display name
0x13223~Glenmoril.esm,Glenmoril.esm,zzzGHArmorQSGuns,QS Guns,non-playable record
0x132978~Glenmoril.esm,Glenmoril.esm,zzzRevSkinFugasChick,,non-playable record
0x13297C~Glenmoril.esm,Glenmoril.esm,zzzLaMSkinChick,,non-playable record
0x14572~Glenmoril.esm,Glenmoril.esm,zzzGHSkinAmenHunterKRMT,,non-playable record
0x1467D~Glenmoril.esm,Glenmoril.esm,zzzLrhSkinBeastArmored,,non-playable record
0x14719~Glenmoril.esm,Glenmoril.esm,zzzGHSkinDweGearZombie,,non-playable record
0x1471A~Glenmoril.esm,Glenmoril.esm,zzzGHSkinDweGearBroken,,non-playable record
0x14A40~Glenmoril.esm,Glenmoril.esm,zzzGHNPGrayMask_Child,Gray Mask,non-playable record
0x14B5A~Glenmoril.esm,Glenmoril.esm,zzzRevSkinInflamedGhoul,,non-playable record
0x14EFE~Glenmoril.esm,Glenmoril.esm,zzzGHSkinSelfDeceiver,,non-playable record
0x1511B~Glenmoril.esm,Glenmoril.esm,zzzGHSkinDarkSeeker,,non-playable record
0x15129~Glenmoril.esm,Glenmoril.esm,zzzGHSkinMoonBeast,,non-playable record
0x15136~Glenmoril.esm,Glenmoril.esm,zzzGHSkinMoonBeastTongue,Moon Beast's Tongue,non-playable record
0x1513B~Glenmoril.esm,Glenmoril.esm,zzzGHSkinPuppet,,non-playable record
0x1514A~Glenmoril.esm,Glenmoril.esm,zzzGHSkinGiantBabble,,non-playable record
0x1515B~Glenmoril.esm,Glenmoril.esm,zzzGHSkinDarkDancer,,non-playable record
0x1516D~Glenmoril.esm,Glenmoril.esm,zzzGHSkinSpidermanBase,,non-playable record
0x1516E~Glenmoril.esm,Glenmoril.esm,zzzGHSkinSpidermanDelphin,,non-playable record
0x1516F~Glenmoril.esm,Glenmoril.esm,zzzGHSkinSpidermanLokir,,non-playable record
0x15170~Glenmoril.esm,Glenmoril.esm,zzzGHSkinSpidermanLouise,,non-playable record
0x15171~Glenmoril.esm,Glenmoril.esm,zzzGHSkinSpidermanNazeem,,non-playable record
0x1517C~Glenmoril.esm,Glenmoril.esm,zzzGHSkinSpidermanAncano,,non-playable record
0x1517D~Glenmoril.esm,Glenmoril.esm,zzzGHSkinSpidermanAstrid,,non-playable record
0x15181~Glenmoril.esm,Glenmoril.esm,zzzGHSkinRiteKeeper,,non-playable record
0x151C4~Glenmoril.esm,Glenmoril.esm,zzzGHSkinCrowDog,,non-playable record
0x151CE~Glenmoril.esm,Glenmoril.esm,zzzGHSkinDogCrow,,non-playable record
0x151D7~Glenmoril.esm,Glenmoril.esm,zzzRevSkinCrow,,non-playable record
0x151E4~Glenmoril.esm,Glenmoril.esm,zzzGHSkinMadMaiden,,non-playable record
0x151F0~Glenmoril.esm,Glenmoril.esm,zzzGHSkinMadOne,,non-playable record
0x1522A~Glenmoril.esm,Glenmoril.esm,zzzGHSkinHandBear,,non-playable record
0x15235~Glenmoril.esm,Glenmoril.esm,zzzGHSkinSilverBeast,,non-playable record
0x15243~Glenmoril.esm,Glenmoril.esm,zzzGHSkinFlyman,,non-playable record
0x1524F~Glenmoril.esm,Glenmoril.esm,zzzGHSkinFalmerUndead,,non-playable record
0x1527B~Glenmoril.esm,Glenmoril.esm,zzzGHSkinFrostHound,,non-playable record
0x15288~Glenmoril.esm,Glenmoril.esm,zzzGHSkinOwlDog,,non-playable record
0x15345~Glenmoril.esm,Glenmoril.esm,zzzRevSkinMaggotman,,non-playable record
0x15346~Glenmoril.esm,Glenmoril.esm,zzzRevSkinMaggotman_Pale,,non-playable record
0x15353~Glenmoril.esm,Glenmoril.esm,zzzGHSkinFlymanRot,,non-playable record
0x15358~Glenmoril.esm,Glenmoril.esm,zzzGHNpJhunalCandleHead,Candle Mask,non-playable record
0x15364~Glenmoril.esm,Glenmoril.esm,zzzGHNpJhunalCandleHeadGlow,Candle Mask,non-playable record
0x15367~Glenmoril.esm,Glenmoril.esm,zzzGHSkinBlackBeast,,non-playable record
0x15377~Glenmoril.esm,Glenmoril.esm,zzzRevSkinStarChild,,non-playable record
0x15392~Glenmoril.esm,Glenmoril.esm,zzzGHSkinGardenEyes,,non-playable record
0x153A5~Glenmoril.esm,Glenmoril.esm,zzzRevSkinBrainEater,,non-playable record
0x153C1~Glenmoril.esm,Glenmoril.esm,zzzRevSkinBeastCitizen01,,non-playable record
0x153C2~Glenmoril.esm,Glenmoril.esm,zzzRevSkinBeastCitizen02,,non-playable record
0x153C3~Glenmoril.esm,Glenmoril.esm,zzzRevCrBCHeadBandagesR,Head Bandages,non-playable record
0x153C4~Glenmoril.esm,Glenmoril.esm,zzzRevCrBCHeadBandagesL,Head Bandages,non-playable record
0x153C5~Glenmoril.esm,Glenmoril.esm,zzzRevCrBCClothe01A,,non-playable record
0x153C6~Glenmoril.esm,Glenmoril.esm,zzzRevCrBCClothe01B,Farmer Clothes,non-playable record
0x153C7~Glenmoril.esm,Glenmoril.esm,zzzRevCrBCClothe02A,Farmer Clothes,non-playable record
0x153C8~Glenmoril.esm,Glenmoril.esm,zzzRevCrBCClothe02B,Farmer Clothes,non-playable record
0x153C9~Glenmoril.esm,Glenmoril.esm,zzzRevCrBCClothe03A,Farmer Clothes,non-playable record
0x153CA~Glenmoril.esm,Glenmoril.esm,zzzRevCrBCClothe03B,Farmer Clothes,non-playable record
0x153E4~Glenmoril.esm,Glenmoril.esm,zzzRevSkinBeastCitizen02Pale,,non-playable record
0x1541D~Glenmoril.esm,Glenmoril.esm,zzzRevSkinGuidingSymptom,,non-playable record
0x15438~Glenmoril.esm,Glenmoril.esm,zzzGHSkinBrainTrustPale,,non-playable record
0x15513~Glenmoril.esm,Glenmoril.esm,zzzRevSkinRabiesDog,,non-playable record
0x15514~Glenmoril.esm,Glenmoril.esm,zzzRevSkinRabiesDogSkinned,,non-playable record
0x158B2~Glenmoril.esm,Glenmoril.esm,zzzGHSkinFlymanPale,,non-playable record
0x158BE~Glenmoril.esm,Glenmoril.esm,zzzRevCrBCHat01,Hat,non-playable record
0x158BF~Glenmoril.esm,Glenmoril.esm,zzzRevCrBCHat02,Hat,non-playable record
0x158C0~Glenmoril.esm,Glenmoril.esm,zzzRevCrBCHat03,Hat,non-playable record
0x158C3~Glenmoril.esm,Glenmoril.esm,zzzRevSkinGiantChurch,,non-playable record
0x158D9~Glenmoril.esm,Glenmoril.esm,zzzRevSkinFugas,,non-playable record
0x158E8~Glenmoril.esm,Glenmoril.esm,zzzRevSkinFugasExecutioner,,non-playable record
0x159CD~Glenmoril.esm,Glenmoril.esm,zzzRevSkinFugasPrisoner,,non-playable record
0x15ADB~Glenmoril.esm,Glenmoril.esm,zzzGHNpHircineHelmet,Hircine's Helmet,non-playable record
0x15AF5~Glenmoril.esm,Glenmoril.esm,zzzRevNpClothesUlfric,Ulfric's Clothes,non-playable record
0x15AF6~Glenmoril.esm,Glenmoril.esm,zzzRevNpClothesUlfricBoots,Ulfric's Boots,non-playable record
0x15AF7~Glenmoril.esm,Glenmoril.esm,zzzRevNpClothesUlfricGauntlets,Ulfric's Bracers,non-playable record
0x15B1D~Glenmoril.esm,Glenmoril.esm,zzzGHSkinSload,,non-playable record
0x15B2F~Glenmoril.esm,Glenmoril.esm,zzzRevSkinStarChildPrince,,non-playable record
0x15F47~Glenmoril.esm,Glenmoril.esm,zzzRevSkinSkeletonLittle,,non-playable record
0x15F4A~Glenmoril.esm,Glenmoril.esm,zzzRevSkinGiantSkeleton,,non-playable record
0x15F4D~Glenmoril.esm,Glenmoril.esm,zzzRevSkinSpiderSkeleton,,non-playable record
0x15F50~Glenmoril.esm,Glenmoril.esm,zzzRevSkinSkeletonDemon,,non-playable record
0x162A4~Glenmoril.esm,Glenmoril.esm,zzzRevSkinLeechBeast,,non-playable record
0x16395~Glenmoril.esm,Glenmoril.esm,zzzGHSkinAmenDragon_Jabal,,non-playable record
0x16FF9~Glenmoril.esm,Glenmoril.esm,zzzGHNpVesselTorso,Vessel Torso,non-playable record
0x16FFA~Glenmoril.esm,Glenmoril.esm,zzzGHNpVesselWig,Vessel Torso,non-playable record
0x17003~Glenmoril.esm,Glenmoril.esm,zzzGHSkinGhostHandR,,non-playable record
0x17004~Glenmoril.esm,Glenmoril.esm,zzzGHSkinGhostHandL,,non-playable record
0x1700F~Glenmoril.esm,Glenmoril.esm,zzzLrhSkinGhoulLittleSlave,,non-playable record
0x17080~Glenmoril.esm,Glenmoril.esm,zzzGHSkinOneiroShock,,non-playable record
0x17081~Glenmoril.esm,Glenmoril.esm,zzzGHSkinOneiroFire,,non-playable record
0x17082~Glenmoril.esm,Glenmoril.esm,zzzGHSkinOneiroFrost,,non-playable record
0x17367~Glenmoril.esm,Glenmoril.esm,zzzGHNpJhClothesArmBandages,Arm Bandages,non-playable record
0x17521~Glenmoril.esm,Glenmoril.esm,zzzGHNpArmorInfected,Witch Hunter Gloves,non-playable record
0x17636B~Glenmoril.esm,Glenmoril.esm,zzzLrhSkinClavicusVile,,non-playable record
0x1768B~Glenmoril.esm,Glenmoril.esm,zzzGHSkinStoneSpider01,,non-playable record
0x1768C~Glenmoril.esm,Glenmoril.esm,zzzGHSkinStoneSpider02,,non-playable record
0x1768D~Glenmoril.esm,Glenmoril.esm,zzzGHSkinStoneSpider03,,non-playable record
0x1768E~Glenmoril.esm,Glenmoril.esm,zzzGHSkinStoneSpider04,,non-playable record
0x1769D~Glenmoril.esm,Glenmoril.esm,zzzGHSkinForestGiant,,non-playable record
0x176A3~Glenmoril.esm,Glenmoril.esm,zzzGHSkinLurcher01,,non-playable record
0x176A4~Glenmoril.esm,Glenmoril.esm,zzzGHSkinLurcher02,,non-playable record
0x176AF~Glenmoril.esm,Glenmoril.esm,zzzGHSkinWickerman,,non-playable record
0x176CF~Glenmoril.esm,Glenmoril.esm,zzzGHSkinWolfHircine,,non-playable record
0x176D0~Glenmoril.esm,Glenmoril.esm,zzzGHSkinBearHircine,,non-playable record
0x17A31~Glenmoril.esm,Glenmoril.esm,zzzGHArmorGKThigh04,GK Thigh 04,non-playable record
0x17A32~Glenmoril.esm,Glenmoril.esm,zzzGHArmorGKThigh05,GK Thigh 05,non-playable record
0x17A33~Glenmoril.esm,Glenmoril.esm,zzzGHArmorGKUpperArm03,GK UpperArm 03,non-playable record
0x17A34~Glenmoril.esm,Glenmoril.esm,zzzGHArmorGKUpperArm04,GK UpperArm 04,non-playable record
0x17A35~Glenmoril.esm,Glenmoril.esm,zzzGHArmorGKPauldronBB,GK Pauldron BB,non-playable record
0x17A36~Glenmoril.esm,Glenmoril.esm,zzzGHArmorGKPauldronDE,GK Pauldron DE,non-playable record
0x17A38~Glenmoril.esm,Glenmoril.esm,zzzGHArmorGKUpperArmShiledR,GK UpperArm Shield R,non-playable record
0x17A39~Glenmoril.esm,Glenmoril.esm,zzzGHArmorGKUpperArmShiledL,GK UpperArm Shield L,non-playable record
0x17A40~Glenmoril.esm,Glenmoril.esm,zzzGHArmorGKArmRGatling,GK UpperArm R Gatling,non-playable record
0x17A41~Glenmoril.esm,Glenmoril.esm,zzzGHArmorGKArmLGatling,GK UpperArm Gatling,non-playable record
0x17A42~Glenmoril.esm,Glenmoril.esm,zzzGHArmorGKArmLRifle,GK UpperArm Rifle,non-playable record
0x17A43~Glenmoril.esm,Glenmoril.esm,zzzGHArmorGKArmRRifle,GK UpperArm Rifle,non-playable record
0x17A44~Glenmoril.esm,Glenmoril.esm,zzzGHArmorGKArmRShotgun,GK Forearm Shotgun,non-playable record
0x17A45~Glenmoril.esm,Glenmoril.esm,zzzGHArmorGKArmLShotgun,GK Forearm Shotgun,non-playable record
0x1807BD~Glenmoril.esm,Glenmoril.esm,zzzRevSkinSkoomaCat,,non-playable record
0x18ABEA~Glenmoril.esm,Glenmoril.esm,zzzLaMSkinNakedAnatomancer,,non-playable record
0x1BB532~Glenmoril.esm,Glenmoril.esm,zzzRevSkinLeechChicken,,non-playable record
0x1BB53E~Glenmoril.esm,Glenmoril.esm,zzzRevSkinLeechDragon,,non-playable record
0x1BB54B~Glenmoril.esm,Glenmoril.esm,zzzRevSkinLeechGargoyle,,non-playable record
0x1BB557~Glenmoril.esm,Glenmoril.esm,zzzRevSkinLeechRat,,non-playable record
0x1C1455~Glenmoril.esm,Glenmoril.esm,zzzRevSkinAzuraCat,,non-playable record
0x1C1456~Glenmoril.esm,Glenmoril.esm,zzzRevSkinHermaCat,,non-playable record
0x1C1457~Glenmoril.esm,Glenmoril.esm,zzzRevSkinHircineCat,,non-playable record
0x1C1458~Glenmoril.esm,Glenmoril.esm,zzzRevSkinNamiraCat,,non-playable record
0x1C145D~Glenmoril.esm,Glenmoril.esm,zzzRevSkinSanguineCat,,non-playable record
0x1C1461~Glenmoril.esm,Glenmoril.esm,zzzRevSkinMaggotRider,,non-playable record
0x1C146C~Glenmoril.esm,Glenmoril.esm,zzzRevSkinMaggotQueen,,non-playable record
0x1C1478~Glenmoril.esm,Glenmoril.esm,zzzRevSkinWolfBear,,non-playable record
0x1C1479~Glenmoril.esm,Glenmoril.esm,zzzRevSkinWolfBearSilver,,non-playable record
0x1C147A~Glenmoril.esm,Glenmoril.esm,zzzRevArmorWolfBearShackle,,non-playable record
0x1C148D~Glenmoril.esm,Glenmoril.esm,zzzRevSkinWolfLurker,,non-playable record
0x1C148E~Glenmoril.esm,Glenmoril.esm,zzzRevSkinWolfLurkerSilver,,non-playable record
0x1C737E~Glenmoril.esm,Glenmoril.esm,zzzRevArmorWolfLurkerShackle01,,non-playable record
0x1C737F~Glenmoril.esm,Glenmoril.esm,zzzRevArmorWolfLurkerShackle02,,non-playable record
0x1C7387~Glenmoril.esm,Glenmoril.esm,zzzRevSkinHircineBeast,,non-playable record
0x1C738E~Glenmoril.esm,Glenmoril.esm,zzzRevNpHircineMask,Mask of Hircine,non-playable record
0x1C739A~Glenmoril.esm,Glenmoril.esm,zzzRevNpAtmoranBoots,Nord Warrior Boots,non-playable record
0x1C739B~Glenmoril.esm,Glenmoril.esm,zzzRevNpAtmoranCuirass,Nord Warrior Armor,non-playable record
0x1C739C~Glenmoril.esm,Glenmoril.esm,zzzRevNpAtmoranGauntlets,Nord Warrior Gauntlets,non-playable record
0x1C739D~Glenmoril.esm,Glenmoril.esm,zzzRevNpAtmoranHelmet,Nord Warrior Helmet,non-playable record
0x1C73A6~Glenmoril.esm,Glenmoril.esm,zzzRevSkinAtmoranBody,,non-playable record
0x1C73AB~Glenmoril.esm,Glenmoril.esm,zzzRevNpAtmoranHeadDraugr,Nord Warrior Helmet,non-playable record
0x1C73AC~Glenmoril.esm,Glenmoril.esm,zzzRevNpAtmoranHeadWolf,Nord Warrior Helmet,non-playable record
0x1C73AD~Glenmoril.esm,Glenmoril.esm,zzzRevNpAtmoranCuirass_Wolf,Nord Warrior Armor,non-playable record
0x1C73AE~Glenmoril.esm,Glenmoril.esm,zzzRevNpAtmoranCuirass_Draugr,Nord Warrior Armor,non-playable record
0x1C73CC~Glenmoril.esm,Glenmoril.esm,zzzRevNpAnequinaCuirass,Anequina Armor,non-playable record
0x1C73CD~Glenmoril.esm,Glenmoril.esm,zzzRevNpAnequinaGauntlets,Anequina Gauntlets,non-playable record
0x1C73CE~Glenmoril.esm,Glenmoril.esm,zzzRevNpAnequinaHelmet,Anequina Helmet,non-playable record
0x1C73CF~Glenmoril.esm,Glenmoril.esm,zzzRevNpAnequinaBoots,Anequina Boots,non-playable record
0x1C73DA~Glenmoril.esm,Glenmoril.esm,zzzRevNpRedguardClothes,Hammerfell Garb,non-playable record
0x1C73DB~Glenmoril.esm,Glenmoril.esm,zzzRevNpRedguardBoots,Hammerfell Boots,non-playable record
0x1CD2E1~Glenmoril.esm,Glenmoril.esm,zzzLrhNpChickTradeCloak,Chick Trader Cloak,non-playable record
0x1CD2E2~Glenmoril.esm,Glenmoril.esm,zzzLrhNpChickTradeCuirass,Chick Trader Coat,non-playable record
0x1CD2E3~Glenmoril.esm,Glenmoril.esm,zzzLrhANpChickTradeGauntlets,Chick Trader Gloves,non-playable record
0x1CD2E4~Glenmoril.esm,Glenmoril.esm,zzzLrhNpChickTradeGauntlets,Chick Trader Gloves,non-playable record
0x1CD2E5~Glenmoril.esm,Glenmoril.esm,zzzLrhNpChickTradeHat,Chick Trader Hat,non-playable record
0x1CD2E6~Glenmoril.esm,Glenmoril.esm,zzzLrhNpChickTraderBoots,Chick Trader Boots,non-playable record
0x1CD2F0~Glenmoril.esm,Glenmoril.esm,zzzRevNpForswornBoots,Forsworn Boots,non-playable record
0x1CD2F1~Glenmoril.esm,Glenmoril.esm,zzzRevNpForswornCuirass,Forsworn Armor,non-playable record
0x1CD2F2~Glenmoril.esm,Glenmoril.esm,zzzRevNpForswornGauntlets,Forsworn Gauntlets,non-playable record
0x1CD2FF~Glenmoril.esm,Glenmoril.esm,zzzRevSkinBoneBeastDragon,,non-playable record
0x1CD30B~Glenmoril.esm,Glenmoril.esm,zzzRevSkinBoneBeastRat,,non-playable record
0x1CD318~Glenmoril.esm,Glenmoril.esm,zzzRevSkinBoneBeastWorm,,non-playable record
0x1CD324~Glenmoril.esm,Glenmoril.esm,zzzRevSkinBoneBeast,,non-playable record
0x1D322A~Glenmoril.esm,Glenmoril.esm,zzzRevSkinChesterWolfBody,,non-playable record
0x1D322B~Glenmoril.esm,Glenmoril.esm,zzzRevNpArmorChesterBoots,Pailune Musketeer Boots,non-playable record
0x1D322C~Glenmoril.esm,Glenmoril.esm,zzzRevNpArmorChesterCuirass,Pailune Musketeer Coat,non-playable record
0x1D322D~Glenmoril.esm,Glenmoril.esm,zzzRevNpArmorChesterGauntlets,Pailune Musketeer Gloves,non-playable record
0x1D322E~Glenmoril.esm,Glenmoril.esm,zzzRevNpArmorChesterHelmet,Pailune Musketeer Mask,non-playable record
0x1D322F~Glenmoril.esm,Glenmoril.esm,zzzRevNpArmorChesterBody_Wolf,Pailune Musketeer Coat,non-playable record
0x1D3230~Glenmoril.esm,Glenmoril.esm,zzzRevNpArmorChester_Bone,Pailune Musketeer Coat,non-playable record
0x1D3231~Glenmoril.esm,Glenmoril.esm,zzzRevNpArmorChesterHead_Wolf,Pailune Musketeer Mask,non-playable record
0x1D3232~Glenmoril.esm,Glenmoril.esm,zzzRevNpArmorChesterHead_WolfBlind,Pailune Musketeer Mask,non-playable record
0x1D324D~Glenmoril.esm,Glenmoril.esm,zzzRevSkinNakedAtmoraBeast,,non-playable record
0x1D3257~Glenmoril.esm,Glenmoril.esm,zzzRevSkinAtmoraGiant,,non-playable record
0x1D3269~Glenmoril.esm,Glenmoril.esm,zzzRevSkinAtmoranDraugr,,non-playable record
0x1D917C~Glenmoril.esm,Glenmoril.esm,zzzRevSkinAtmoraRider,,non-playable record
0x1D9193~Glenmoril.esm,Glenmoril.esm,zzzRevSkinAtmoranScout,,non-playable record
0x1EB3EA~Glenmoril.esm,Glenmoril.esm,zzzRevSkinGiantChurchDark,,non-playable record
0x1F1364~Glenmoril.esm,Glenmoril.esm,zzzRevSkinBoneBeastLesser,,non-playable record
0x1F1365~Glenmoril.esm,Glenmoril.esm,zzzRevSkinBoneBeastRatLesser,,non-playable record
0x1F1366~Glenmoril.esm,Glenmoril.esm,zzzRevSkinBoneBeastWormLesser,,non-playable record
0x203579~Glenmoril.esm,Glenmoril.esm,zzzRevSkinDragonZombie,,non-playable record
0x2CECF2~Glenmoril.esm,Glenmoril.esm,zzzRevNpVoidKeeperHelmet,Void Keeper Helmet,non-playable record
0x2CECF3~Glenmoril.esm,Glenmoril.esm,zzzRevNpVoidKeeperGauntlets,Void Keeper Gauntlets,non-playable record
0x2CECF4~Glenmoril.esm,Glenmoril.esm,zzzRevNpVoidKeeperCuirass,Void Keeper Armor,non-playable record
0x2CECF5~Glenmoril.esm,Glenmoril.esm,zzzRevNpVoidKeeperBoots,Void Keeper Boots,non-playable record
0x2CECF6~Glenmoril.esm,Glenmoril.esm,zzzRevNpUndeadHunterBoots,Undying Hunter Boots,non-playable record
0x2CECF7~Glenmoril.esm,Glenmoril.esm,zzzRevNpUndeadHunteHelmet,Undying  Hunter Mask,non-playable record
0x2CECF8~Glenmoril.esm,Glenmoril.esm,zzzRevNpUndeadHunteGauntlets,Undying Hunter Gauntlets,non-playable record
0x2CECF9~Glenmoril.esm,Glenmoril.esm,zzzRevNpUndeadHunteCuirass,Undying Hunter Armor,non-playable record
0x2CECFA~Glenmoril.esm,Glenmoril.esm,zzzRevNpRadiantKnightHelmet,Knight of Radiance Helmet,non-playable record
0x2CECFB~Glenmoril.esm,Glenmoril.esm,zzzRevNpRadiantKnightCuirass,Knight of Radiance Armor,non-playable record
0x2CECFC~Glenmoril.esm,Glenmoril.esm,zzzRevNpRadiantKnightBoots,Knight of Radiance Boots,non-playable record
0x2CECFD~Glenmoril.esm,Glenmoril.esm,zzzRevNpRadiantKnightAmulet,Knight of Radiance Bell Amulet,non-playable record
0x2CECFE~Glenmoril.esm,Glenmoril.esm,zzzRevNpPlagueDoctorMask,Plague Doctor Mask,non-playable record
0x2CECFF~Glenmoril.esm,Glenmoril.esm,zzzRevNpPlagueDoctorHood,Plague Doctor Hood,non-playable record
0x2CED00~Glenmoril.esm,Glenmoril.esm,zzzRevNpPlagueDoctorGlove,Plague Doctor Gloves,non-playable record
0x2CED01~Glenmoril.esm,Glenmoril.esm,zzzRevNpPlagueDoctorCuirass,Plague Doctor Coat,non-playable record
0x2CED02~Glenmoril.esm,Glenmoril.esm,zzzRevNpPlagueDoctorBoots,Plague Doctor Boots,non-playable record
0x2CED03~Glenmoril.esm,Glenmoril.esm,zzzRevNpMarionetteHelm04,Marionette Steel Hat,non-playable record
0x2CED04~Glenmoril.esm,Glenmoril.esm,zzzRevNpMarionetteHelm03,Marionette Knight Helmet,non-playable record
0x2CED05~Glenmoril.esm,Glenmoril.esm,zzzRevNpMarionetteHelm02,Marionette Helmet,non-playable record
0x2CED06~Glenmoril.esm,Glenmoril.esm,zzzRevNpMarionetteHelm01,Marionette Torture Helmet,non-playable record
0x2CED07~Glenmoril.esm,Glenmoril.esm,zzzRevNpMarionetteGauntlets,Marionette Gloves,non-playable record
0x2CED08~Glenmoril.esm,Glenmoril.esm,zzzRevNpMarionetteCuirassWhite,Marionette Armor (White),non-playable record
0x2CED09~Glenmoril.esm,Glenmoril.esm,zzzRevNpMarionetteCuirass,Marionette Armor,non-playable record
0x2CED0A~Glenmoril.esm,Glenmoril.esm,zzzRevNpMarionetteBoots,Marionette Boots,non-playable record
0x2CED0B~Glenmoril.esm,Glenmoril.esm,zzzRevNpHuntressHat,Huntress Hat,non-playable record
0x2CED0C~Glenmoril.esm,Glenmoril.esm,zzzRevNpHuntressGauntlets,Huntress Gloves,non-playable record
0x2CED0D~Glenmoril.esm,Glenmoril.esm,zzzRevNpHuntressCuirass,Huntress Coat,non-playable record
0x2CED0E~Glenmoril.esm,Glenmoril.esm,zzzRevNpHuntressBoots,Huntress Boots,non-playable record
0x2CED0F~Glenmoril.esm,Glenmoril.esm,zzzRevNpDweHelmet,Yelem School Helmet,non-playable record
0x2CED10~Glenmoril.esm,Glenmoril.esm,zzzRevNpDweGauntlets,Yelem School Gauntlets,non-playable record
0x2CED11~Glenmoril.esm,Glenmoril.esm,zzzRevNpDweCuirass,Yelem School Armor,non-playable record
0x2CED12~Glenmoril.esm,Glenmoril.esm,zzzRevNpDweBoots,Yelem School Boots,non-playable record
0x2CED13~Glenmoril.esm,Glenmoril.esm,zzzRevNpChaplainMask,Chaplain Mask,non-playable record
0x2CED14~Glenmoril.esm,Glenmoril.esm,zzzRevNpChaplainGauntlets,Chaplain Gloves,non-playable record
0x2CED15~Glenmoril.esm,Glenmoril.esm,zzzRevNpChaplainCuirass,Chaplain Armor,non-playable record
0x2CED16~Glenmoril.esm,Glenmoril.esm,zzzRevNpChaplainBoots,Chaplain Boots,non-playable record
0x2CED17~Glenmoril.esm,Glenmoril.esm,zzzRevNpAssassinBoots,Assassin Boots,non-playable record
0x2CED18~Glenmoril.esm,Glenmoril.esm,zzzRevNpAssassinCuirass,Assassin Armor,non-playable record
0x2CED19~Glenmoril.esm,Glenmoril.esm,zzzRevNpAssassinGauntlets,Assassin Gauntlets,non-playable record
0x2CED1A~Glenmoril.esm,Glenmoril.esm,zzzRevNpAssassinHood,Assassin Mask,non-playable record
0x2D498A~Glenmoril.esm,Glenmoril.esm,zzzRevNpBeastHunterBoots,Beast Hunter Boots,non-playable record
0x2D498B~Glenmoril.esm,Glenmoril.esm,zzzRevNpBeastHunterBootsV2,Beast Hunter Boots (Brown),non-playable record
0x2D498C~Glenmoril.esm,Glenmoril.esm,zzzRevNpBeastHunterCuirass,Beast Hunter Coat,non-playable record
0x2D498D~Glenmoril.esm,Glenmoril.esm,zzzRevNpBeastHunterCuirassV2,Beast Hunter Coat (Brown),non-playable record
0x2D498E~Glenmoril.esm,Glenmoril.esm,zzzRevNpBeastHunterGauntlets,Beast Hunter Gloves,non-playable record
0x2D498F~Glenmoril.esm,Glenmoril.esm,zzzRevNpBeastHunterHunterHat,Beast Hunter Hat,non-playable record
0x2D4990~Glenmoril.esm,Glenmoril.esm,zzzRevNpBeastHunterMask,Beast Hunter Mask,non-playable record
0x2DA632~Glenmoril.esm,Glenmoril.esm,zzzRevSkinElderDreugh,,non-playable record
0x2DA633~Glenmoril.esm,Glenmoril.esm,zzzRevArmorRuddyman,,non-playable record
0x2DA634~Glenmoril.esm,Glenmoril.esm,zzzRevArmorRuddymanWheel,,non-playable record
0x2DA63A~Glenmoril.esm,Glenmoril.esm,zzzRevSkinAutumnDemon,,non-playable record
0x2DA646~Glenmoril.esm,Glenmoril.esm,zzzRevSkinGCMonster,,non-playable record
0x2DA655~Glenmoril.esm,Glenmoril.esm,zzzRevSkinGecko01,,non-playable record
0x2DA656~Glenmoril.esm,Glenmoril.esm,zzzRevSkinGecko02,,non-playable record
0x2DA657~Glenmoril.esm,Glenmoril.esm,zzzRevSkinGeckoMother,,non-playable record
0x2DA663~Glenmoril.esm,Glenmoril.esm,zzzRevSkinSharkLobster,,non-playable record
0x2DA669~Glenmoril.esm,Glenmoril.esm,zzzRevSkinHammberhead,,non-playable record
0x2DA66D~Glenmoril.esm,Glenmoril.esm,zzzRevSkinSnakeCat,,non-playable record
0x2DA679~Glenmoril.esm,Glenmoril.esm,zzzRevSkinZombie01,,non-playable record
0x2DA67A~Glenmoril.esm,Glenmoril.esm,zzzRevSkinZombie02,,non-playable record
0x2E02EB~Glenmoril.esm,Glenmoril.esm,zzzRevSkinWendigoA00,,non-playable record
0x2E02EC~Glenmoril.esm,Glenmoril.esm,zzzRevSkinWendigoA01,,non-playable record
0x2E02ED~Glenmoril.esm,Glenmoril.esm,zzzRevSkinWendigoB00,,non-playable record
0x2E02EE~Glenmoril.esm,Glenmoril.esm,zzzRevSkinWendigoB01,,non-playable record
0x2E02F4~Glenmoril.esm,Glenmoril.esm,zzzRevSkinWendigoGargoyle,,non-playable record
0x2E02F6~Glenmoril.esm,Glenmoril.esm,zzzRevSkinWendigoLurker,,non-playable record
0x2E02FA~Glenmoril.esm,Glenmoril.esm,zzzRevSkinWendigoTroll01,,non-playable record
0x2E02FB~Glenmoril.esm,Glenmoril.esm,zzzRevSkinWendigoTroll02,,non-playable record
0x2E0308~Glenmoril.esm,Glenmoril.esm,zzzRevSkinAUDraugr,,non-playable record
0x2E0309~Glenmoril.esm,Glenmoril.esm,zzzRevSkinAUDraugrMage,,non-playable record
0x2E0324~Glenmoril.esm,Glenmoril.esm,zzzRevSkinAUFalmer,,non-playable record
0x2E0335~Glenmoril.esm,Glenmoril.esm,zzzRevSkinAUGiant,,non-playable record
0x2E0340~Glenmoril.esm,Glenmoril.esm,zzzRevArmorDagothUr,,non-playable record
0x2E0349~Glenmoril.esm,Glenmoril.esm,zzzRevSkinInfectus,,non-playable record
0x2E034A~Glenmoril.esm,Glenmoril.esm,zzzRevSkinInfectusPale,,non-playable record
0x2E0355~Glenmoril.esm,Glenmoril.esm,zzzRevSkinBWPriest,,non-playable record
0x2E0356~Glenmoril.esm,Glenmoril.esm,zzzRevSkinBWPriestSilver,,non-playable record
0x2F19EB~Glenmoril.esm,Glenmoril.esm,zzzGHSkinLurcher01Nirnroot,,non-playable record
0x2F19EC~Glenmoril.esm,Glenmoril.esm,zzzGHSkinLurcher02NirnRoot,,non-playable record
0x32C63D~Glenmoril.esm,Glenmoril.esm,zzzRevSkinBenthicShaman,,non-playable record
0x32C63E~Glenmoril.esm,Glenmoril.esm,zzzRevSkinBenthicFalmer,,non-playable record
0x32C63F~Glenmoril.esm,Glenmoril.esm,zzzRevSkinBenthicLittle,,non-playable record
0x32C640~Glenmoril.esm,Glenmoril.esm,zzzRevSkinBenthicWolf,,non-playable record
0x32C70C~Glenmoril.esm,Glenmoril.esm,zzzRevSkinDraugrBrute,,non-playable record
0x33232E~Glenmoril.esm,Glenmoril.esm,zzzRevArmorDraugrBruteHelm01,Draugr Brute Helm 01,non-playable record
0x33232F~Glenmoril.esm,Glenmoril.esm,zzzRevArmorDraugrBruteHelm02,Draugr Brute Helm 02,non-playable record
0x332330~Glenmoril.esm,Glenmoril.esm,zzzRevArmorDraugrBruteHelm03,Draugr Brute Helm 03,non-playable record
0x332337~Glenmoril.esm,Glenmoril.esm,zzzRevSkinDraugrGiant,,non-playable record
0x332338~Glenmoril.esm,Glenmoril.esm,zzzRevArmorDraugrGiantHelm01,Draugr Giant Helm 01,non-playable record
0x332339~Glenmoril.esm,Glenmoril.esm,zzzRevArmorDraugrGiantHelm02,Draugr Giant Helm 02,non-playable record
0x33233A~Glenmoril.esm,Glenmoril.esm,zzzRevArmorDraugrGiantHelm03,Draugr Giant Helm 03,non-playable record
0x332341~Glenmoril.esm,Glenmoril.esm,zzzRevSkinDraugrLittle,,non-playable record
0x332342~Glenmoril.esm,Glenmoril.esm,zzzRevArmorDraugrLittleHelm01,Draugr Little Helm 01,non-playable record
0x332343~Glenmoril.esm,Glenmoril.esm,zzzRevArmorDraugrLittleHelm02,Draugr Little Helm 02,non-playable record
0x332344~Glenmoril.esm,Glenmoril.esm,zzzRevArmorDraugrLittleHelm03,Draugr Little Helm 03,non-playable record
0x33234C~Glenmoril.esm,Glenmoril.esm,zzzRevSkinDraugrMatron,,non-playable record
0x33234D~Glenmoril.esm,Glenmoril.esm,zzzRevArmorDraugrMatronHair01,Draugr Matron Hair 01,non-playable record
0x33234E~Glenmoril.esm,Glenmoril.esm,zzzRevArmorDraugrMatronHair02,Draugr Matron Hair 02,non-playable record
0x33234F~Glenmoril.esm,Glenmoril.esm,zzzRevArmorDraugrMatronHelm01,Draugr Matron Helm 01,non-playable record
0x332350~Glenmoril.esm,Glenmoril.esm,zzzRevArmorDraugrMatronHelm02,Draugr Matron Helm 02,non-playable record
0x33DEDD~Glenmoril.esm,Glenmoril.esm,zzzRevSkinSabrecatSpirit,,non-playable record
0x33DF3E~Glenmoril.esm,Glenmoril.esm,zzzRevNpVoidKeeperWitchMask,Aradia's Mask,non-playable record
0x3497F3~Glenmoril.esm,Glenmoril.esm,zzzRevNpClothesNamiraShadow,Shadow of Namira,non-playable record
0x34982D~Glenmoril.esm,Glenmoril.esm,zzzGHSkinGhoulGiant,,non-playable record
0x366875~Glenmoril.esm,Glenmoril.esm,zzzRevNpInfectusHead,Puppeteer Head,non-playable record
0x36C5C1~Glenmoril.esm,Glenmoril.esm,zzzRevSkinSabrecatSpirit2,,non-playable record
0x37DB76~Glenmoril.esm,Glenmoril.esm,zzzRevSkinRadLurker,,non-playable record
0x3837C7~Glenmoril.esm,Glenmoril.esm,zzzRevSkinStratDog,,non-playable record
0x38380E~Glenmoril.esm,Glenmoril.esm,zzzRevSkinAhzidalHuman,,non-playable record
0x383814~Glenmoril.esm,Glenmoril.esm,zzzRevSkinNakedAhzidalVL,,non-playable record
0x383828~Glenmoril.esm,Glenmoril.esm,zzzRevSkinSwordWraithFlame,,non-playable record
0x383829~Glenmoril.esm,Glenmoril.esm,zzzRevSkinSwordWraithFrost,,non-playable record
0x38F166~Glenmoril.esm,Glenmoril.esm,zzzRevSkinAhzidalHumanChaos,,non-playable record
0x3ABF27~Glenmoril.esm,Glenmoril.esm,zzzRevSkinLeechGargoyleMiraak,,non-playable record
0x3CE9CC~Glenmoril.esm,Glenmoril.esm,zzzRevSkinPusDragon,,non-playable record
0x3CE9E7~Glenmoril.esm,Glenmoril.esm,zzzRevArmorDagothCuirass,Dagoth Armor,non-playable record
0x3D4569~Glenmoril.esm,Glenmoril.esm,zzzRevSkinAUPrinceBeast,,non-playable record
0x3D45D0~Glenmoril.esm,Glenmoril.esm,zzzRevSkinPedlarCat,,non-playable record
0x3DFE07~Glenmoril.esm,Glenmoril.esm,zzzRevSkinHistHover,,non-playable record
0x3EB59B~Glenmoril.esm,Glenmoril.esm,zzzRevSkinLeechGargoyleRot,,non-playable record
0x4192FD~Glenmoril.esm,Glenmoril.esm,zzzLrhSkinGhoulTroll,,non-playable record
0x419308~Glenmoril.esm,Glenmoril.esm,zzzGHSkinGardenEyesInsect,,non-playable record
0x41930A~Glenmoril.esm,Glenmoril.esm,zzzRevSkinMothman,,non-playable record
0x419311~Glenmoril.esm,Glenmoril.esm,zzzRevArmorCyborgArgonianTorso,Cyborg Argonian Armor,non-playable record
0x419312~Glenmoril.esm,Glenmoril.esm,zzzRevArmorCyborgArgonianHead,Cyborg Argonian Armor,non-playable record
0x419319~Glenmoril.esm,Glenmoril.esm,zzzRevArmorVoidArgonianHead,Void Argonian Armor,non-playable record
0x41931A~Glenmoril.esm,Glenmoril.esm,zzzRevArmorVoidArgonianTorso,Void Argonian Armor,non-playable record
0x419340~Glenmoril.esm,Glenmoril.esm,zzzRevArmorCyborgOrland,Cyborg Orlando Armor,non-playable record
0x41EEBD~Glenmoril.esm,Glenmoril.esm,zzzRevArmorCyborgOrlandBiopod,Cyborg Orlando Armor,non-playable record
0x41EEC3~Glenmoril.esm,Glenmoril.esm,zzzRevSkinInflamedGhoulSprout,,non-playable record
0x41EEC4~Glenmoril.esm,Glenmoril.esm,zzzRevSkinInflamedGhoulRotSprout,,non-playable record
0x41EECC~Glenmoril.esm,Glenmoril.esm,zzzRevArmorPhxHead,Phx Armor,non-playable record
0x41EECD~Glenmoril.esm,Glenmoril.esm,zzzRevArmorPhxTorso,Phx Armor,non-playable record
0x41EED3~Glenmoril.esm,Glenmoril.esm,zzzRevArmorLeaperDemon,Leaper Demon Armor,non-playable record
0x41EED4~Glenmoril.esm,Glenmoril.esm,zzzRevArmorLeaperDemonCloak,Leaper Demon Armor,non-playable record
0x41EEE5~Glenmoril.esm,Glenmoril.esm,zzzRevNpArmorPldBoots,Mad Alchemist Boots,non-playable record
0x41EEE6~Glenmoril.esm,Glenmoril.esm,zzzRevNpArmorPldCloak,Mad Alchemist Cloak,non-playable record
0x41EEE7~Glenmoril.esm,Glenmoril.esm,zzzRevNpArmorPldCuirass,Mad Alchemist Armor,non-playable record
0x41EEE8~Glenmoril.esm,Glenmoril.esm,zzzRevNpArmorPldGlove,Mad Alchemist Gloves,non-playable record
0x41EEE9~Glenmoril.esm,Glenmoril.esm,zzzRevNpArmorPldHood,Mad Alchemist Hood,non-playable record
0x41EEEA~Glenmoril.esm,Glenmoril.esm,zzzRevNpArmorPldMask,Mad Alchemist Mask,non-playable record
0x41EEFE~Glenmoril.esm,Glenmoril.esm,zzzRevNpArmorScrwBoots,Ragged Hunter Boots,non-playable record
0x41EEFF~Glenmoril.esm,Glenmoril.esm,zzzRevNpArmorScrwCuirass,Ragged Hunter Armor,non-playable record
0x41EF00~Glenmoril.esm,Glenmoril.esm,zzzRevNpArmorScrwGlove,Ragged Hunter Gloves,non-playable record
0x41EF01~Glenmoril.esm,Glenmoril.esm,zzzRevNpArmorScrwHood,Ragged Hunter Hat,non-playable record
0x41EF02~Glenmoril.esm,Glenmoril.esm,zzzRevNpArmorScrwMask,Ragged Hunter Mask,non-playable record
0x424A80~Glenmoril.esm,Glenmoril.esm,zzzRevNpArmorScrwCuirassRoot,Ragged Hunter Armor,non-playable record
0x424A95~Glenmoril.esm,Glenmoril.esm,zzzRevNpAlsHelmetB,Jillian Helmet (B),non-playable record
0x424A96~Glenmoril.esm,Glenmoril.esm,zzzRevNpAlsHelmetA,Jillian Helmet (A),non-playable record
0x424A97~Glenmoril.esm,Glenmoril.esm,zzzRevNpAlsGauntlets,Jillian Gauntlets,non-playable record
0x424A98~Glenmoril.esm,Glenmoril.esm,zzzRevNpAlsCuirass,Jillian Armor,non-playable record
0x424A99~Glenmoril.esm,Glenmoril.esm,zzzRevNpAlsBoots,Jillian Boots,non-playable record
0x424AB2~Glenmoril.esm,Glenmoril.esm,zzzRevNpJepreKnightBootsLight,Follower of Jephre Boots,non-playable record
0x424AB3~Glenmoril.esm,Glenmoril.esm,zzzRevNpJepreKnightCuirassLight,Follower of Jephre Armor,non-playable record
0x424AB4~Glenmoril.esm,Glenmoril.esm,zzzRevNpJepreKnightCuirass,Knight of Jephre Armor,non-playable record
0x424AB5~Glenmoril.esm,Glenmoril.esm,zzzRevNpJepreKnightHelmet,Knight of Jephre Helmet,non-playable record
0x424AB6~Glenmoril.esm,Glenmoril.esm,zzzRevNpJepreKnightGauntlets,Knight of Jephre Gauntlets,non-playable record
0x424AB7~Glenmoril.esm,Glenmoril.esm,zzzRevNpJepreKnightBoots,Knight of Jephre Boots,non-playable record
0x42A65C~Glenmoril.esm,Glenmoril.esm,zzzRevNpSF1Helmet,9th Era Ayleidoon Helmet,non-playable record
0x42A65D~Glenmoril.esm,Glenmoril.esm,zzzRevNpSF1Gauntlets,9th Era Ayleidoon Gauntlets,non-playable record
0x42A65E~Glenmoril.esm,Glenmoril.esm,zzzRevNpSF1Cuirass,9th Era Ayleidoon Armor,non-playable record
0x42A65F~Glenmoril.esm,Glenmoril.esm,zzzRevNpSF1Boots,9th Era Ayleidoon Boots,non-playable record
0x42A685~Glenmoril.esm,Glenmoril.esm,zzzRevArmorYelemAutomata,Automata Armor,non-playable record
0x42A69D~Glenmoril.esm,Glenmoril.esm,zzzRevSkinMolagCat,,non-playable record
0x42A6A2~Glenmoril.esm,Glenmoril.esm,zzzRevTorvesardCuirass,Torvesard Body,non-playable record
0x4415C6~Glenmoril.esm,Glenmoril.esm,zzzGHSkinAmenDragon_WingeOnly,,non-playable record
0x4E647C~Glenmoril.esm,Glenmoril.esm,zzzRevSkinDreamerDraugr,,non-playable record
0x4E647F~Glenmoril.esm,Glenmoril.esm,zzzRevSkinDreamerFalmer,,non-playable record
0x4E6482~Glenmoril.esm,Glenmoril.esm,zzzRevSkinDreamerHound,,non-playable record
0x4E6486~Glenmoril.esm,Glenmoril.esm,zzzRevSkinAldmer,,non-playable record
0x4E648B~Glenmoril.esm,Glenmoril.esm,zzzRevSkinDreamGuardGiant,,non-playable record
0x4E648E~Glenmoril.esm,Glenmoril.esm,zzzRevSkinDreamGuard,,non-playable record
0x4E6493~Glenmoril.esm,Glenmoril.esm,zzzRevSkinMirrorPlasm,,non-playable record
0x5010E8~Glenmoril.esm,Glenmoril.esm,zzzGHArmorHircineBody,,non-playable record
0x515244~Glenmoril.esm,Glenmoril.esm,zzzRevSkinNakedLorkhaj,,missing display name
0x515245~Glenmoril.esm,Glenmoril.esm,zzzRevNpArmorLorkhaj,Lorkhaj Armor,non-playable record
0x515249~Glenmoril.esm,Glenmoril.esm,zzzRevNpArmorLorkhajHead,Lorkhaj Head,non-playable record
0x51525C~Glenmoril.esm,Glenmoril.esm,zzzRevNpArmorLorkhajGlove,Lorkhaj Gloves,non-playable record
0x52297F~Glenmoril.esm,Glenmoril.esm,zzzRevSkinMirrorPlasmGold,,non-playable record
0x530001~Glenmoril.esm,Glenmoril.esm,zzzRevArmorInvisibleHead,Invisible Head,non-playable record
0x5872DF~Glenmoril.esm,Glenmoril.esm,zzzRevSkinLeaperDemon,Leaper Demon Armor,non-playable record
0x5C3981~Glenmoril.esm,Glenmoril.esm,zzzRevNpZuzuDollTorso,Zuzu Doll Torso,non-playable record
0x5C3982~Glenmoril.esm,Glenmoril.esm,zzzRevNpZuzuDollHead01,Zuzu Doll Head,non-playable record
0x5C3983~Glenmoril.esm,Glenmoril.esm,zzzRevNpZuzuDollHead02,Zuzu Doll Head,non-playable record
0x5CA4C7~Glenmoril.esm,Glenmoril.esm,zzzRevNpArmorSnPBoots,Snow Prince's Boots,non-playable record
0x5CA4C8~Glenmoril.esm,Glenmoril.esm,zzzRevNpArmorSnPCuirass,Snow Prince's Armor,non-playable record
0x5CA4C9~Glenmoril.esm,Glenmoril.esm,zzzRevNpClothesSnPCirclet01,Snow Prince's Circlet,non-playable record
0x5D0FC0~Glenmoril.esm,Glenmoril.esm,zzzRevSkinXlygMorph,,non-playable record
0x5D0FC1~Glenmoril.esm,Glenmoril.esm,zzzRevSkinXlygMorphAF,,non-playable record
0x5D0FC2~Glenmoril.esm,Glenmoril.esm,zzzRevSkinXlygMorphArmor,,non-playable record
0x606F08~Glenmoril.esm,Glenmoril.esm,zzzRevArmorFXNewbornTransitionSkin,,missing display name
0x61451B~Glenmoril.esm,Glenmoril.esm,zzzRevSkinObscureHead,,non-playable record
0x649F5A~Glenmoril.esm,Glenmoril.esm,zzzRevClothesHamahHands,Gloves,non-playable record
0x649F5B~Glenmoril.esm,Glenmoril.esm,zzzRevClothesFeetHamah,Boots,non-playable record
0x6ED7~Glenmoril.esm,Glenmoril.esm,zzzLrHSkinDogeBlack,,non-playable record
0x6EDC~Glenmoril.esm,Glenmoril.esm,zzzLrhSkinOwl,,non-playable record
0x6EE0~Glenmoril.esm,Glenmoril.esm,zzzLrhSkinTrollRock,,non-playable record
0x6F12~Glenmoril.esm,Glenmoril.esm,zzzLrhLalanoahSkinNaked,,missing display name
0x6F17~Glenmoril.esm,Glenmoril.esm,zzzLrhNPLalanoahHood,Lalanoah's Hood,non-playable record
0x6F18~Glenmoril.esm,Glenmoril.esm,zzzLrhNPLalanoahRobe,Lalanoah's Robe,non-playable record
0x6F19~Glenmoril.esm,Glenmoril.esm,zzzLrhNPLalanoahSandals,Lalanoah's Sandals,non-playable record
0x76B7~Glenmoril.esm,Glenmoril.esm,zzzLrhNPLalanoahHoodOpen,Lalanoah's Hood,non-playable record
0x7710~Glenmoril.esm,Glenmoril.esm,zzzLrhSkinKanra,,non-playable record
0x7739~Glenmoril.esm,Glenmoril.esm,zzzLrhSkinSnail,,non-playable record
0x795E~Glenmoril.esm,Glenmoril.esm,zzzLrhSkinGhoulDoggy,,non-playable record
0x796E~Glenmoril.esm,Glenmoril.esm,zzzLrhSkinGhoulCrook,,non-playable record
0x797C~Glenmoril.esm,Glenmoril.esm,zzzLrhSkinGhoulLittle,,non-playable record
0x7995~Glenmoril.esm,Glenmoril.esm,zzzLrhSkinGhoulRot,,non-playable record
0x79A8~Glenmoril.esm,Glenmoril.esm,zzzLrhSkinBeastDeer,,non-playable record
0x79A9~Glenmoril.esm,Glenmoril.esm,zzzLrhSkinBeastGoat,,non-playable record
0x79B0~Glenmoril.esm,Glenmoril.esm,zzzLrhSkinCockatrice,,non-playable record
0x79C4~Glenmoril.esm,Glenmoril.esm,zzzRevSkinInflamedGhoulRot,,non-playable record
0x7BBD~Glenmoril.esm,Glenmoril.esm,zzzLrhSkinAmenbo,,non-playable record
0x8226~Glenmoril.esm,Glenmoril.esm,zzzLrhSkinGreatRot,,non-playable record
0x85B2~Glenmoril.esm,Glenmoril.esm,zzzLrhSkinMushKalka,,non-playable record
0x85B3~Glenmoril.esm,Glenmoril.esm,zzzLrhSkinMushSheo,,non-playable record
0x85E8~Glenmoril.esm,Glenmoril.esm,zzzLrhNPSweetRollman,Sweet Roll Costume,non-playable record
0x86AC~Glenmoril.esm,Glenmoril.esm,zzzLrhSkinWhiteRabbit,,non-playable record
0x878B~Glenmoril.esm,Glenmoril.esm,zzzLrhNPBrandtBoots,Falkreath Guard Vice-Captain Boots,non-playable record
0x878C~Glenmoril.esm,Glenmoril.esm,zzzLrhNPBrandtCuirass,Falkreath Guard Vice-Captain Cuirass,non-playable record
0x878D~Glenmoril.esm,Glenmoril.esm,zzzLrhNPBrandtGauntlets,Falkreath Guard Vice-Captain Gauntlets,non-playable record
0x878E~Glenmoril.esm,Glenmoril.esm,zzzLrhNPBrandtHelmetOpen,Falkreath Guard Vice-Captain Helmet,non-playable record
0x87D4~Glenmoril.esm,Glenmoril.esm,zzzLrHScrollForDog,Letter from Ja'zel,non-playable record
0x87D5~Glenmoril.esm,Glenmoril.esm,zzzLrhNPMonocleG01,Monocle of Intelligence,non-playable record
0x87D8~Glenmoril.esm,Glenmoril.esm,zzzLrhNPTrollHat,Groll's Hat,non-playable record
0x87D9~Glenmoril.esm,Glenmoril.esm,zzzLrhNPTrollApron,Groll's Apron,non-playable record
0x880D~Glenmoril.esm,Glenmoril.esm,zzzGHNPClothesForeignBoots,Technologist Boots,non-playable record
0x880E~Glenmoril.esm,Glenmoril.esm,zzzGHNPClothesForeignClothes,Technologist Clothing,non-playable record
0x8816~Glenmoril.esm,Glenmoril.esm,zzzGHNPGlassesGold,Technologist Glasses (Gold),non-playable record
0x8817~Glenmoril.esm,Glenmoril.esm,zzzGHNPGlassesSilver,Technologist Glasses (Silver),non-playable record
0x881F~Glenmoril.esm,Glenmoril.esm,zzzGHSkinChaplainHop,,non-playable record
0x8823~Glenmoril.esm,Glenmoril.esm,zzzGHSkinChaplainMaster,,non-playable record
0x8831~Glenmoril.esm,Glenmoril.esm,zzzGHSkinAmenDragon,,non-playable record
0x8836~Glenmoril.esm,Glenmoril.esm,zzzGHSkinGarkain,,non-playable record
0x8849~Glenmoril.esm,Glenmoril.esm,zzzGHSkinMiteHop,,non-playable record
0x8857~Glenmoril.esm,Glenmoril.esm,zzzGhSkinMadBoar,,non-playable record
0x8858~Glenmoril.esm,Glenmoril.esm,zzzGhSkinMadBoar_black,,non-playable record
0x8865~Glenmoril.esm,Glenmoril.esm,zzzGHSkinBrainTrust,,non-playable record
0x8875~Glenmoril.esm,Glenmoril.esm,zzzRevSkinAugur,,non-playable record
0x8884~Glenmoril.esm,Glenmoril.esm,zzzGHSkinAmenHunter,,non-playable record
0x88AC~Glenmoril.esm,Glenmoril.esm,zzzGHNPBrainHead,Enlarged Head,non-playable record
0x9590~Glenmoril.esm,Glenmoril.esm,zzzGHSkinGarkain_blue,,non-playable record
0x9B62~Glenmoril.esm,Glenmoril.esm,zzzLrhSkinOwlBlack01,,non-playable record
0x9B63~Glenmoril.esm,Glenmoril.esm,zzzLrhSkinOwlBlack02,,non-playable record
0x9B64~Glenmoril.esm,Glenmoril.esm,zzzLrhSkinOwlBlack03,,non-playable record
0x9B65~Glenmoril.esm,Glenmoril.esm,zzzLrhSkinOwlBlack04,,non-playable record
0x9BAA~Glenmoril.esm,Glenmoril.esm,zzzRevNPArmorJhunalMask,Black Owl's Headwear,non-playable record
0x9BAB~Glenmoril.esm,Glenmoril.esm,zzzRevNPArmorJhunalBoots,Black Owl's Boots,non-playable record
0x9BAC~Glenmoril.esm,Glenmoril.esm,zzzRevNPArmorJhunalCoffin,Black Owl's Coffin,non-playable record
0x9BAD~Glenmoril.esm,Glenmoril.esm,zzzRevNPArmorJhunalRobe,Black Owl's Coat,non-playable record
0x9BAE~Glenmoril.esm,Glenmoril.esm,zzzRevNPArmorJhunalGlove,Black Owl's Gloves,non-playable record
0x9BAF~Glenmoril.esm,Glenmoril.esm,zzzRevNPArmorJhunalHood,Black Owl's Hood,non-playable record
0x9DC6~Glenmoril.esm,Glenmoril.esm,zzzGHSkinDweGear,,non-playable record
0x9DC9~Glenmoril.esm,Glenmoril.esm,zzzGHSkinDweGearWithHand,,non-playable record
0xC9BA~Glenmoril.esm,Glenmoril.esm,zzzLrHSkinDogeWhite,,non-playable record
0xCB1C9~Glenmoril.esm,Glenmoril.esm,zzzLamNpHoodAnatomancer,Anatomancer's Hood,non-playable record
0xCB98~Glenmoril.esm,Glenmoril.esm,zzzGHNPUllissHorn,Uliss' Horn,non-playable record
0xD0430~Glenmoril.esm,Glenmoril.esm,zzzGHSkinPiperFlower,,non-playable record
0xD0431~Glenmoril.esm,Glenmoril.esm,zzzGHSkinPiperRoach,,non-playable record
0xD0432~Glenmoril.esm,Glenmoril.esm,zzzRevSkinMaggotChaurus,,non-playable record
0xD0433~Glenmoril.esm,Glenmoril.esm,zzzRevSkinMaggotChaurusPale,,non-playable record
0xD0434~Glenmoril.esm,Glenmoril.esm,zzzRevSkinRadWorm,,non-playable record
0xDCE4~Glenmoril.esm,Glenmoril.esm,zzzLrhSkinAmenboEyed,,non-playable record
0xDCE5~Glenmoril.esm,Glenmoril.esm,zzzLrhSkinAmenboShadow,,non-playable record
0xDCE6~Glenmoril.esm,Glenmoril.esm,zzzLrhSkinAmenboEyedShadow,,non-playable record
0xDE39~Glenmoril.esm,Glenmoril.esm,zzzGHnpDarkElfOutfitRednoHood,Dunmer Outfit,non-playable record
0xDE47~Glenmoril.esm,Glenmoril.esm,zzzGHArmorAshlanderHatChild,Ashlander Hat,non-playable record
0xE0AA~Glenmoril.esm,Glenmoril.esm,zzzGHSkinHeadlessTroll01,,non-playable record
0xE0AB~Glenmoril.esm,Glenmoril.esm,zzzGHSkinHeadlessTroll02,,non-playable record
0xE0AC~Glenmoril.esm,Glenmoril.esm,zzzGHSkinHeadlessTroll03,,non-playable record
0xE0AD~Glenmoril.esm,Glenmoril.esm,zzzGHArmorTrollSword,Troll Sword,non-playable record
0xE0AE~Glenmoril.esm,Glenmoril.esm,zzzGHArmorTrollKatana,Troll Katana,non-playable record
0xE0AF~Glenmoril.esm,Glenmoril.esm,zzzGHArmorTrollClub,Troll Club,non-playable record
0xE1EA~Glenmoril.esm,Glenmoril.esm,zzzGHSkinBlazingCow,,non-playable record
0xE4C0D~Glenmoril.esm,Glenmoril.esm,zzzLrhSkinRotPiper01,,non-playable record
0xE4C0E~Glenmoril.esm,Glenmoril.esm,zzzLrhSkinRotPiper02,,non-playable record
0xE4C0F~Glenmoril.esm,Glenmoril.esm,zzzLrhSkinRotPiper03,,non-playable record
0xE4C10~Glenmoril.esm,Glenmoril.esm,zzzLrhSkinRotPierLurker01,,non-playable record
0xE4C11~Glenmoril.esm,Glenmoril.esm,zzzLrhSkinRotPierLurker02,,non-playable record
0xE4C12~Glenmoril.esm,Glenmoril.esm,zzzLrhSkinRotPierLurker03,,non-playable record
0xEF069~Glenmoril.esm,Glenmoril.esm,zzzLaMSkinShadowSpider,,non-playable record
0xEF091~Glenmoril.esm,Glenmoril.esm,zzzGHSkinGhoulGiantRot,,non-playable record
0xEF0A6~Glenmoril.esm,Glenmoril.esm,zzzGHSkinAmenHunterShadow,,non-playable record
0xEF75~Glenmoril.esm,Glenmoril.esm,zzzGHSkinDweEyebot,,non-playable record
0xEF78~Glenmoril.esm,Glenmoril.esm,zzzGHSkinDweBigdog,,non-playable record
0xF256~Glenmoril.esm,Glenmoril.esm,zzzGHArmorAshkhanCuirassBroken,Ashkhan Armor,non-playable record
0xF42DE~Glenmoril.esm,Glenmoril.esm,zzzGHSkinAmenDragon_Winged,,non-playable record
0xF42DF~Glenmoril.esm,Glenmoril.esm,zzzLaMHeadless,No Head,non-playable record
0xF5E1~Glenmoril.esm,Glenmoril.esm,zzzGHSkinDweSoldier01,,non-playable record
0xF5E2~Glenmoril.esm,Glenmoril.esm,zzzGHSkinDweHunter01,,non-playable record
0xF6CA~Glenmoril.esm,Glenmoril.esm,zzzGHSkinAmenDragon_shadow,,non-playable record
0xF9511~Glenmoril.esm,Glenmoril.esm,zzzLaMArmorPiperFlowerShield,SA Shield,non-playable record
0xFA92~Glenmoril.esm,Glenmoril.esm,zzzGHClothesAshWitchBandage,Bandage,non-playable record
0x1A96E~Gore - Vigilant.esp,Gore - Vigilant.esp,GoreBrokenClothesA,Miner's Clothes,non-playable record
0x1A971~Gore - Vigilant.esp,Gore - Vigilant.esp,GoreBrokenNaked,,non-playable record
0x41B83~Gore - Vigilant.esp,Gore - Vigilant.esp,GoreVigGauntlets,Gore's Gauntlets,non-playable record
0x41B84~Gore - Vigilant.esp,Gore - Vigilant.esp,GoreVigBoots,Gore's Boots,non-playable record
0x41B85~Gore - Vigilant.esp,Gore - Vigilant.esp,GoreVigCuirass,Gore's Armor,non-playable record
0x52089~Gore - Vigilant.esp,Gore - Vigilant.esp,GoreMedNaked,,non-playable record
0x5208E~Gore - Vigilant.esp,Gore - Vigilant.esp,GoreOldGauntlets,Gore's Gauntlets,non-playable record
0x5208F~Gore - Vigilant.esp,Gore - Vigilant.esp,GoreOldBoots,Gore's Boots,non-playable record
0x52090~Gore - Vigilant.esp,Gore - Vigilant.esp,GoreOldCuirass,Gore's Armor,non-playable record
0x52097~Gore - Vigilant.esp,Gore - Vigilant.esp,GoreOldNaked,,non-playable record
0xC619E~Gore - Vigilant.esp,Gore - Vigilant.esp,HD1GoreShrivenA,,non-playable record
0xC619F~Gore - Vigilant.esp,Gore - Vigilant.esp,HD1GoreShrivenHeadA,,non-playable record
0x2BB21A~GORE.esp,GORE.esp,GoreNaked,,missing display name
0x2F4FEE~GORE.esp,GORE.esp,CountFleetSkin,,non-playable record
0x2F4FF2~GORE.esp,GORE.esp,CFSaddle,,non-playable record
0x6A2975~GORE.esp,GORE.esp,HD1ClothesChild,Child's Clothes,non-playable record
0x6A2977~GORE.esp,GORE.esp,HD1ClothesChildrenShoes,Shoes,non-playable record
0xE68927~GORE.esp,GORE.esp,GoreChildSkin,,missing display name
0x813~Haugbui.esp,Haugbui.esp,BriDOSkinDraugrCuralmil,Draugr Curalmil Skin,non-playable record
0x814~Haugbui.esp,Haugbui.esp,BriDOSkinDraugrOlaf,Draugr Olaf Skin,non-playable record
0x818~Haugbui.esp,Haugbui.esp,BriDOSkinDraugrGathrik,Draugr Gathrik Skin,non-playable record
0x819~Haugbui.esp,Haugbui.esp,BriDOSkinDraugrGatekeeper,Draugr Gatekeeper Skin,non-playable record
0x81E~Haugbui.esp,Haugbui.esp,BriDOSkinSkeletonRedEagle,Skeleton Red Eagle Skin,non-playable record
0x824~Haugbui.esp,Haugbui.esp,BriDOSkinDraugrHalldir,Draugr Halldir Skin,non-playable record
0x83E~Haugbui.esp,Haugbui.esp,BriDOSkinDraugrHolgeir,Draugr Holgeir Skin,non-playable record
0x846~Haugbui.esp,Haugbui.esp,BriDOSkinDraugrStalhrim,Draugr Stalhrim King Skin,non-playable record
0x848~Haugbui.esp,Haugbui.esp,BriDODraugrHelmetStalhrim,Stalhrim Draugr Helmet,non-playable record
0x866~Haugbui.esp,Haugbui.esp,BriDOSkinSkeletonMikrulGauldurson,Skeleton Mikrul Gaudurson Skin,non-playable record
0x868~Haugbui.esp,Haugbui.esp,BriDOSkinSkeletonJyrikGauldurson,Skeleton Jyrik Gaudurson Skin,non-playable record
0x876~Haugbui.esp,Haugbui.esp,BriDODLC2SkinSavageDraugr,,non-playable record
0x8A9~Haugbui.esp,Haugbui.esp,BriDODraugrRevenantHelmet,Ancient Nord Helmet,non-playable record
0xBD6~Haugbui.esp,Haugbui.esp,BriDOSkinDraugrMale08,Draugr Skin,non-playable record
0xF78~Haugbui.esp,Haugbui.esp,BriDODraugrClevermanHat,Ancient Nord Helmet,non-playable record
0xFD1~Haugbui.esp,Haugbui.esp,BriDOSkinDraugrYngol,,non-playable record
0xFDD~Haugbui.esp,Haugbui.esp,BriDOSkinDraugrMale05NoGauntlets,Draugr Skin,non-playable record
0x800~Headhunter - Bounties Redone.esp,Headhunter - Bounties Redone.esp,_BountyHead_NoHead,No_Head,non-playable record
0x804~Headhunter - Bounties Redone.esp,Headhunter - Bounties Redone.esp,_BountyHead_GiantNoHead,No_Head_Giant01,non-playable record
0x807~Headhunter - Bounties Redone.esp,Headhunter - Bounties Redone.esp,_BountyHead_SkinDragonUnderskin,No_Head_Dragon,non-playable record
0x80A~Headhunter - Bounties Redone.esp,Headhunter - Bounties Redone.esp,_BountyHead_GiantNoHead01,No_Head_Giant01,non-playable record
0x80B~Headhunter - Bounties Redone.esp,Headhunter - Bounties Redone.esp,_BountyHead_GiantNoHead02,No_Head_Giant02,non-playable record
0x815~HeelsFix.esp,HeelsFix.esp,HeelsFixShoes,Test Heels,suspicious invisible/test/skin record; add to includedSuspiciousForms to force inclusion
0x80A~High Poly NPC Overhaul - Resources.esp,High Poly NPC Overhaul - Resources.esp,HighPoly_BodyArmor_HairFemaleDarkElf01,,non-playable record
0x80B~High Poly NPC Overhaul - Resources.esp,High Poly NPC Overhaul - Resources.esp,HighPoly_BodyArmor_HairFemaleDarkElf02,,non-playable record
0x80C~High Poly NPC Overhaul - Resources.esp,High Poly NPC Overhaul - Resources.esp,HighPoly_BodyArmor_HairFemaleDarkElf03,,non-playable record
0x80D~High Poly NPC Overhaul - Resources.esp,High Poly NPC Overhaul - Resources.esp,HighPoly_BodyArmor_HairFemaleDarkElf04,,non-playable record
0x80E~High Poly NPC Overhaul - Resources.esp,High Poly NPC Overhaul - Resources.esp,HighPoly_BodyArmor_HairFemaleDarkElf05,,non-playable record
0x80F~High Poly NPC Overhaul - Resources.esp,High Poly NPC Overhaul - Resources.esp,HighPoly_BodyArmor_HairFemaleDarkElf06,,non-playable record
0x810~High Poly NPC Overhaul - Resources.esp,High Poly NPC Overhaul - Resources.esp,HighPoly_BodyArmor_HairFemaleDarkElf07,,non-playable record
0x811~High Poly NPC Overhaul - Resources.esp,High Poly NPC Overhaul - Resources.esp,HighPoly_BodyArmor_HairFemaleDarkElf08,,non-playable record
0x812~High Poly NPC Overhaul - Resources.esp,High Poly NPC Overhaul - Resources.esp,HighPoly_BodyArmor_HairFemaleDremora01,,non-playable record
0x813~High Poly NPC Overhaul - Resources.esp,High Poly NPC Overhaul - Resources.esp,HighPoly_BodyArmor_HairFemaleDremora02,,non-playable record
0x814~High Poly NPC Overhaul - Resources.esp,High Poly NPC Overhaul - Resources.esp,HighPoly_BodyArmor_HairFemaleElder01,,non-playable record
0x815~High Poly NPC Overhaul - Resources.esp,High Poly NPC Overhaul - Resources.esp,HighPoly_BodyArmor_HairFemaleElder02,,non-playable record
0x816~High Poly NPC Overhaul - Resources.esp,High Poly NPC Overhaul - Resources.esp,HighPoly_BodyArmor_HairFemaleElder03,,non-playable record
0x817~High Poly NPC Overhaul - Resources.esp,High Poly NPC Overhaul - Resources.esp,HighPoly_BodyArmor_HairFemaleElder04,,non-playable record
0x818~High Poly NPC Overhaul - Resources.esp,High Poly NPC Overhaul - Resources.esp,HighPoly_BodyArmor_HairFemaleElf01,,non-playable record
0x819~High Poly NPC Overhaul - Resources.esp,High Poly NPC Overhaul - Resources.esp,HighPoly_BodyArmor_HairFemaleElf02,,non-playable record
0x81A~High Poly NPC Overhaul - Resources.esp,High Poly NPC Overhaul - Resources.esp,HighPoly_BodyArmor_HairFemaleElf03,,non-playable record
0x81B~High Poly NPC Overhaul - Resources.esp,High Poly NPC Overhaul - Resources.esp,HighPoly_BodyArmor_HairFemaleElf04,,non-playable record
0x81C~High Poly NPC Overhaul - Resources.esp,High Poly NPC Overhaul - Resources.esp,HighPoly_BodyArmor_HairFemaleElf05,,non-playable record
0x81D~High Poly NPC Overhaul - Resources.esp,High Poly NPC Overhaul - Resources.esp,HighPoly_BodyArmor_HairFemaleElf06,,non-playable record
0x81E~High Poly NPC Overhaul - Resources.esp,High Poly NPC Overhaul - Resources.esp,HighPoly_BodyArmor_HairFemaleElf07,,non-playable record
0x81F~High Poly NPC Overhaul - Resources.esp,High Poly NPC Overhaul - Resources.esp,HighPoly_BodyArmor_HairFemaleElf08,,non-playable record
0x820~High Poly NPC Overhaul - Resources.esp,High Poly NPC Overhaul - Resources.esp,HighPoly_BodyArmor_HairFemaleElf09,,non-playable record
0x821~High Poly NPC Overhaul - Resources.esp,High Poly NPC Overhaul - Resources.esp,HighPoly_BodyArmor_HairFemaleElf10,,non-playable record
0x822~High Poly NPC Overhaul - Resources.esp,High Poly NPC Overhaul - Resources.esp,HighPoly_BodyArmor_HairFemaleImperial1,,non-playable record
0x823~High Poly NPC Overhaul - Resources.esp,High Poly NPC Overhaul - Resources.esp,HighPoly_BodyArmor_HairFemaleNord01,,non-playable record
0x824~High Poly NPC Overhaul - Resources.esp,High Poly NPC Overhaul - Resources.esp,HighPoly_BodyArmor_HairFemaleNord02,,non-playable record
0x825~High Poly NPC Overhaul - Resources.esp,High Poly NPC Overhaul - Resources.esp,HighPoly_BodyArmor_HairFemaleNord03,,non-playable record
0x826~High Poly NPC Overhaul - Resources.esp,High Poly NPC Overhaul - Resources.esp,HighPoly_BodyArmor_HairFemaleNord04,,non-playable record
0x827~High Poly NPC Overhaul - Resources.esp,High Poly NPC Overhaul - Resources.esp,HighPoly_BodyArmor_HairFemaleNord05,,non-playable record
0x828~High Poly NPC Overhaul - Resources.esp,High Poly NPC Overhaul - Resources.esp,HighPoly_BodyArmor_HairFemaleNord06,,non-playable record
0x829~High Poly NPC Overhaul - Resources.esp,High Poly NPC Overhaul - Resources.esp,HighPoly_BodyArmor_HairFemaleNord07,,non-playable record
0x82A~High Poly NPC Overhaul - Resources.esp,High Poly NPC Overhaul - Resources.esp,HighPoly_BodyArmor_HairFemaleNord08,,non-playable record
0x82B~High Poly NPC Overhaul - Resources.esp,High Poly NPC Overhaul - Resources.esp,HighPoly_BodyArmor_HairFemaleNord09,,non-playable record
0x82C~High Poly NPC Overhaul - Resources.esp,High Poly NPC Overhaul - Resources.esp,HighPoly_BodyArmor_HairFemaleNord10,,non-playable record
0x82D~High Poly NPC Overhaul - Resources.esp,High Poly NPC Overhaul - Resources.esp,HighPoly_BodyArmor_HairFemaleNord11,,non-playable record
0x82E~High Poly NPC Overhaul - Resources.esp,High Poly NPC Overhaul - Resources.esp,HighPoly_BodyArmor_HairFemaleNord12,,non-playable record
0x82F~High Poly NPC Overhaul - Resources.esp,High Poly NPC Overhaul - Resources.esp,HighPoly_BodyArmor_HairFemaleNord13,,non-playable record
0x830~High Poly NPC Overhaul - Resources.esp,High Poly NPC Overhaul - Resources.esp,HighPoly_BodyArmor_HairFemaleNord14,,non-playable record
0x831~High Poly NPC Overhaul - Resources.esp,High Poly NPC Overhaul - Resources.esp,HighPoly_BodyArmor_HairFemaleNord15,,non-playable record
0x832~High Poly NPC Overhaul - Resources.esp,High Poly NPC Overhaul - Resources.esp,HighPoly_BodyArmor_HairFemaleNord16,,non-playable record
0x833~High Poly NPC Overhaul - Resources.esp,High Poly NPC Overhaul - Resources.esp,HighPoly_BodyArmor_HairFemaleNord17,,non-playable record
0x834~High Poly NPC Overhaul - Resources.esp,High Poly NPC Overhaul - Resources.esp,HighPoly_BodyArmor_HairFemaleNord18,,non-playable record
0x835~High Poly NPC Overhaul - Resources.esp,High Poly NPC Overhaul - Resources.esp,HighPoly_BodyArmor_HairFemaleNord19,,non-playable record
0x836~High Poly NPC Overhaul - Resources.esp,High Poly NPC Overhaul - Resources.esp,HighPoly_BodyArmor_HairFemaleNord20,,non-playable record
0x837~High Poly NPC Overhaul - Resources.esp,High Poly NPC Overhaul - Resources.esp,HighPoly_BodyArmor_HairFemaleNord21,,non-playable record
0x838~High Poly NPC Overhaul - Resources.esp,High Poly NPC Overhaul - Resources.esp,HighPoly_BodyArmor_HairFemaleOrc01,,non-playable record
0x839~High Poly NPC Overhaul - Resources.esp,High Poly NPC Overhaul - Resources.esp,HighPoly_BodyArmor_HairFemaleOrc02,,non-playable record
0x83A~High Poly NPC Overhaul - Resources.esp,High Poly NPC Overhaul - Resources.esp,HighPoly_BodyArmor_HairFemaleOrc03,,non-playable record
0x83B~High Poly NPC Overhaul - Resources.esp,High Poly NPC Overhaul - Resources.esp,HighPoly_BodyArmor_HairFemaleOrc04,,non-playable record
0x83C~High Poly NPC Overhaul - Resources.esp,High Poly NPC Overhaul - Resources.esp,HighPoly_BodyArmor_HairFemaleOrc05,,non-playable record
0x83D~High Poly NPC Overhaul - Resources.esp,High Poly NPC Overhaul - Resources.esp,HighPoly_BodyArmor_HairFemaleOrc06,,non-playable record
0x83E~High Poly NPC Overhaul - Resources.esp,High Poly NPC Overhaul - Resources.esp,HighPoly_BodyArmor_HairFemaleOrc07,,non-playable record
0x83F~High Poly NPC Overhaul - Resources.esp,High Poly NPC Overhaul - Resources.esp,HighPoly_BodyArmor_HairFemaleOrc08,,non-playable record
0x840~High Poly NPC Overhaul - Resources.esp,High Poly NPC Overhaul - Resources.esp,HighPoly_BodyArmor_HairFemaleOrc09,,non-playable record
0x841~High Poly NPC Overhaul - Resources.esp,High Poly NPC Overhaul - Resources.esp,HighPoly_BodyArmor_HairFemaleOrc10,,non-playable record
0x842~High Poly NPC Overhaul - Resources.esp,High Poly NPC Overhaul - Resources.esp,HighPoly_BodyArmor_HairFemaleOrc11,,non-playable record
0x843~High Poly NPC Overhaul - Resources.esp,High Poly NPC Overhaul - Resources.esp,HighPoly_BodyArmor_HairFemaleOrc12,,non-playable record
0x844~High Poly NPC Overhaul - Resources.esp,High Poly NPC Overhaul - Resources.esp,HighPoly_BodyArmor_HairFemaleOrc13,,non-playable record
0x845~High Poly NPC Overhaul - Resources.esp,High Poly NPC Overhaul - Resources.esp,HighPoly_BodyArmor_HairFemaleOrc14,,non-playable record
0x846~High Poly NPC Overhaul - Resources.esp,High Poly NPC Overhaul - Resources.esp,HighPoly_BodyArmor_HairFemaleOrc15,,non-playable record
0x847~High Poly NPC Overhaul - Resources.esp,High Poly NPC Overhaul - Resources.esp,REMOVE_HighPoly_BodyArmor_HairFemaleOrc16,,non-playable record
0x848~High Poly NPC Overhaul - Resources.esp,High Poly NPC Overhaul - Resources.esp,HighPoly_BodyArmor_HairFemaleOrc17,,non-playable record
0x849~High Poly NPC Overhaul - Resources.esp,High Poly NPC Overhaul - Resources.esp,HighPoly_BodyArmor_HairFemaleRedguard01,,non-playable record
0x84A~High Poly NPC Overhaul - Resources.esp,High Poly NPC Overhaul - Resources.esp,HighPoly_BodyArmor_HairFemaleRedguard02,,non-playable record
0x84B~High Poly NPC Overhaul - Resources.esp,High Poly NPC Overhaul - Resources.esp,HighPoly_BodyArmor_HairFemaleRedguard03,,non-playable record
0x84C~High Poly NPC Overhaul - Resources.esp,High Poly NPC Overhaul - Resources.esp,HighPoly_BodyArmor_HairFemaleRedguard04,,non-playable record
0x84D~High Poly NPC Overhaul - Resources.esp,High Poly NPC Overhaul - Resources.esp,HighPoly_BodyArmor_HairMaleDarkElf01,,non-playable record
0x84E~High Poly NPC Overhaul - Resources.esp,High Poly NPC Overhaul - Resources.esp,HighPoly_BodyArmor_HairMaleDarkElf02,,non-playable record
0x84F~High Poly NPC Overhaul - Resources.esp,High Poly NPC Overhaul - Resources.esp,HighPoly_BodyArmor_HairMaleDarkElf03,,non-playable record
0x850~High Poly NPC Overhaul - Resources.esp,High Poly NPC Overhaul - Resources.esp,HighPoly_BodyArmor_HairMaleDarkElf04,,non-playable record
0x851~High Poly NPC Overhaul - Resources.esp,High Poly NPC Overhaul - Resources.esp,HighPoly_BodyArmor_HairMaleDarkElf05,,non-playable record
0x852~High Poly NPC Overhaul - Resources.esp,High Poly NPC Overhaul - Resources.esp,HighPoly_BodyArmor_HairMaleDarkElf06,,non-playable record
0x853~High Poly NPC Overhaul - Resources.esp,High Poly NPC Overhaul - Resources.esp,HighPoly_BodyArmor_HairMaleDarkElf07,,non-playable record
0x854~High Poly NPC Overhaul - Resources.esp,High Poly NPC Overhaul - Resources.esp,HighPoly_BodyArmor_HairMaleDarkElf08,,non-playable record
0x855~High Poly NPC Overhaul - Resources.esp,High Poly NPC Overhaul - Resources.esp,HighPoly_BodyArmor_HairMaleDarkElf09,,non-playable record
0x856~High Poly NPC Overhaul - Resources.esp,High Poly NPC Overhaul - Resources.esp,HighPoly_BodyArmor_HairMaleDremora01,,non-playable record
0x857~High Poly NPC Overhaul - Resources.esp,High Poly NPC Overhaul - Resources.esp,HighPoly_BodyArmor_HairMaleElder1,,non-playable record
0x858~High Poly NPC Overhaul - Resources.esp,High Poly NPC Overhaul - Resources.esp,HighPoly_BodyArmor_HairMaleElder2,,non-playable record
0x859~High Poly NPC Overhaul - Resources.esp,High Poly NPC Overhaul - Resources.esp,HighPoly_BodyArmor_HairMaleElder3,,non-playable record
0x85A~High Poly NPC Overhaul - Resources.esp,High Poly NPC Overhaul - Resources.esp,HighPoly_BodyArmor_HairMaleElder4,,non-playable record
0x85B~High Poly NPC Overhaul - Resources.esp,High Poly NPC Overhaul - Resources.esp,HighPoly_BodyArmor_HairMaleElder5,,non-playable record
0x85C~High Poly NPC Overhaul - Resources.esp,High Poly NPC Overhaul - Resources.esp,HighPoly_BodyArmor_HairMaleElder6,,non-playable record
0x85D~High Poly NPC Overhaul - Resources.esp,High Poly NPC Overhaul - Resources.esp,HighPoly_BodyArmor_HairMaleElf01,,non-playable record
0x85E~High Poly NPC Overhaul - Resources.esp,High Poly NPC Overhaul - Resources.esp,HighPoly_BodyArmor_HairMaleElf02,,non-playable record
0x85F~High Poly NPC Overhaul - Resources.esp,High Poly NPC Overhaul - Resources.esp,HighPoly_BodyArmor_HairMaleElf03,,non-playable record
0x860~High Poly NPC Overhaul - Resources.esp,High Poly NPC Overhaul - Resources.esp,HighPoly_BodyArmor_HairMaleElf04,,non-playable record
0x861~High Poly NPC Overhaul - Resources.esp,High Poly NPC Overhaul - Resources.esp,HighPoly_BodyArmor_HairMaleElf05,,non-playable record
0x862~High Poly NPC Overhaul - Resources.esp,High Poly NPC Overhaul - Resources.esp,HighPoly_BodyArmor_HairMaleElf06,,non-playable record
0x863~High Poly NPC Overhaul - Resources.esp,High Poly NPC Overhaul - Resources.esp,HighPoly_BodyArmor_HairMaleElf07,,non-playable record
0x864~High Poly NPC Overhaul - Resources.esp,High Poly NPC Overhaul - Resources.esp,HighPoly_BodyArmor_HairMaleElf08,,non-playable record
0x865~High Poly NPC Overhaul - Resources.esp,High Poly NPC Overhaul - Resources.esp,HighPoly_BodyArmor_HairMaleElf09,,non-playable record
0x866~High Poly NPC Overhaul - Resources.esp,High Poly NPC Overhaul - Resources.esp,HighPoly_BodyArmor_HairMaleImperial1,,non-playable record
0x867~High Poly NPC Overhaul - Resources.esp,High Poly NPC Overhaul - Resources.esp,HighPoly_BodyArmor_HairMaleNord01,,non-playable record
0x868~High Poly NPC Overhaul - Resources.esp,High Poly NPC Overhaul - Resources.esp,HighPoly_BodyArmor_HairMaleNord02,,non-playable record
0x869~High Poly NPC Overhaul - Resources.esp,High Poly NPC Overhaul - Resources.esp,HighPoly_BodyArmor_HairMaleNord03,,non-playable record
0x86A~High Poly NPC Overhaul - Resources.esp,High Poly NPC Overhaul - Resources.esp,HighPoly_BodyArmor_HairMaleNord04,,non-playable record
0x86B~High Poly NPC Overhaul - Resources.esp,High Poly NPC Overhaul - Resources.esp,HighPoly_BodyArmor_HairMaleNord05,,non-playable record
0x86C~High Poly NPC Overhaul - Resources.esp,High Poly NPC Overhaul - Resources.esp,HighPoly_BodyArmor_HairMaleNord06,,non-playable record
0x86D~High Poly NPC Overhaul - Resources.esp,High Poly NPC Overhaul - Resources.esp,HighPoly_BodyArmor_HairMaleNord07,,non-playable record
0x86E~High Poly NPC Overhaul - Resources.esp,High Poly NPC Overhaul - Resources.esp,HighPoly_BodyArmor_HairMaleNord08,,non-playable record
0x86F~High Poly NPC Overhaul - Resources.esp,High Poly NPC Overhaul - Resources.esp,HighPoly_BodyArmor_HairMaleNord09,,non-playable record
0x870~High Poly NPC Overhaul - Resources.esp,High Poly NPC Overhaul - Resources.esp,HighPoly_BodyArmor_HairMaleNord10,,non-playable record
0x871~High Poly NPC Overhaul - Resources.esp,High Poly NPC Overhaul - Resources.esp,HighPoly_BodyArmor_HairMaleNord11,,non-playable record
0x872~High Poly NPC Overhaul - Resources.esp,High Poly NPC Overhaul - Resources.esp,HighPoly_BodyArmor_HairMaleNord12,,non-playable record
0x873~High Poly NPC Overhaul - Resources.esp,High Poly NPC Overhaul - Resources.esp,HighPoly_BodyArmor_HairMaleNord13,,non-playable record
0x874~High Poly NPC Overhaul - Resources.esp,High Poly NPC Overhaul - Resources.esp,HighPoly_BodyArmor_HairMaleNord14,,non-playable record
0x875~High Poly NPC Overhaul - Resources.esp,High Poly NPC Overhaul - Resources.esp,HighPoly_BodyArmor_HairMaleNord15,,non-playable record
0x876~High Poly NPC Overhaul - Resources.esp,High Poly NPC Overhaul - Resources.esp,HighPoly_BodyArmor_HairMaleNord16,,non-playable record
0x877~High Poly NPC Overhaul - Resources.esp,High Poly NPC Overhaul - Resources.esp,HighPoly_BodyArmor_HairMaleNord17,,non-playable record
0x878~High Poly NPC Overhaul - Resources.esp,High Poly NPC Overhaul - Resources.esp,HighPoly_BodyArmor_HairMaleNord18,,non-playable record
0x879~High Poly NPC Overhaul - Resources.esp,High Poly NPC Overhaul - Resources.esp,HighPoly_BodyArmor_HairMaleNord19,,non-playable record
0x87A~High Poly NPC Overhaul - Resources.esp,High Poly NPC Overhaul - Resources.esp,HighPoly_BodyArmor_HairMaleNord20,,non-playable record
0x87B~High Poly NPC Overhaul - Resources.esp,High Poly NPC Overhaul - Resources.esp,HighPoly_BodyArmor_HairMaleOrc01,,non-playable record
0x87C~High Poly NPC Overhaul - Resources.esp,High Poly NPC Overhaul - Resources.esp,HighPoly_BodyArmor_HairMaleOrc02,,non-playable record
0x87D~High Poly NPC Overhaul - Resources.esp,High Poly NPC Overhaul - Resources.esp,HighPoly_BodyArmor_HairMaleOrc03,,non-playable record
0x87E~High Poly NPC Overhaul - Resources.esp,High Poly NPC Overhaul - Resources.esp,HighPoly_BodyArmor_HairMaleOrc04,,non-playable record
0x87F~High Poly NPC Overhaul - Resources.esp,High Poly NPC Overhaul - Resources.esp,HighPoly_BodyArmor_HairMaleOrc05,,non-playable record
0x880~High Poly NPC Overhaul - Resources.esp,High Poly NPC Overhaul - Resources.esp,HighPoly_BodyArmor_HairMaleOrc06,,non-playable record
0x881~High Poly NPC Overhaul - Resources.esp,High Poly NPC Overhaul - Resources.esp,HighPoly_BodyArmor_HairMaleOrc07,,non-playable record
0x882~High Poly NPC Overhaul - Resources.esp,High Poly NPC Overhaul - Resources.esp,HighPoly_BodyArmor_HairMaleOrc08,,non-playable record
0x883~High Poly NPC Overhaul - Resources.esp,High Poly NPC Overhaul - Resources.esp,HighPoly_BodyArmor_HairMaleOrc09,,non-playable record
0x884~High Poly NPC Overhaul - Resources.esp,High Poly NPC Overhaul - Resources.esp,HighPoly_BodyArmor_HairMaleOrc10,,non-playable record
0x885~High Poly NPC Overhaul - Resources.esp,High Poly NPC Overhaul - Resources.esp,HighPoly_BodyArmor_HairMaleOrc11,,non-playable record
0x886~High Poly NPC Overhaul - Resources.esp,High Poly NPC Overhaul - Resources.esp,HighPoly_BodyArmor_HairMaleOrc12,,non-playable record
0x887~High Poly NPC Overhaul - Resources.esp,High Poly NPC Overhaul - Resources.esp,HighPoly_BodyArmor_HairMaleOrc13,,non-playable record
0x888~High Poly NPC Overhaul - Resources.esp,High Poly NPC Overhaul - Resources.esp,HighPoly_BodyArmor_HairMaleOrc14,,non-playable record
0x889~High Poly NPC Overhaul - Resources.esp,High Poly NPC Overhaul - Resources.esp,HighPoly_BodyArmor_HairMaleOrc15,,non-playable record
0x88A~High Poly NPC Overhaul - Resources.esp,High Poly NPC Overhaul - Resources.esp,HighPoly_BodyArmor_HairMaleOrc16,,non-playable record
0x88B~High Poly NPC Overhaul - Resources.esp,High Poly NPC Overhaul - Resources.esp,HighPoly_BodyArmor_HairMaleOrc17,,non-playable record
0x88C~High Poly NPC Overhaul - Resources.esp,High Poly NPC Overhaul - Resources.esp,HighPoly_BodyArmor_HairMaleOrc18,,non-playable record
0x88D~High Poly NPC Overhaul - Resources.esp,High Poly NPC Overhaul - Resources.esp,HighPoly_BodyArmor_HairMaleOrc19,,non-playable record
0x88E~High Poly NPC Overhaul - Resources.esp,High Poly NPC Overhaul - Resources.esp,HighPoly_BodyArmor_HairMaleOrc20,,non-playable record
0x88F~High Poly NPC Overhaul - Resources.esp,High Poly NPC Overhaul - Resources.esp,HighPoly_BodyArmor_HairMaleOrc21,,non-playable record
0x890~High Poly NPC Overhaul - Resources.esp,High Poly NPC Overhaul - Resources.esp,HighPoly_BodyArmor_HairMaleOrc22,,non-playable record
0x891~High Poly NPC Overhaul - Resources.esp,High Poly NPC Overhaul - Resources.esp,HighPoly_BodyArmor_HairMaleOrc23,,non-playable record
0x892~High Poly NPC Overhaul - Resources.esp,High Poly NPC Overhaul - Resources.esp,HighPoly_BodyArmor_HairMaleOrc24,,non-playable record
0x893~High Poly NPC Overhaul - Resources.esp,High Poly NPC Overhaul - Resources.esp,HighPoly_BodyArmor_HairMaleOrc25,,non-playable record
0x894~High Poly NPC Overhaul - Resources.esp,High Poly NPC Overhaul - Resources.esp,HighPoly_BodyArmor_HairMaleOrc26,,non-playable record
0x895~High Poly NPC Overhaul - Resources.esp,High Poly NPC Overhaul - Resources.esp,HighPoly_BodyArmor_HairMaleOrc27,,non-playable record
0x896~High Poly NPC Overhaul - Resources.esp,High Poly NPC Overhaul - Resources.esp,HighPoly_BodyArmor_HairMaleRedguard1,,non-playable record
0x897~High Poly NPC Overhaul - Resources.esp,High Poly NPC Overhaul - Resources.esp,HighPoly_BodyArmor_HairMaleRedguard2,,non-playable record
0x898~High Poly NPC Overhaul - Resources.esp,High Poly NPC Overhaul - Resources.esp,HighPoly_BodyArmor_HairMaleRedguard3,,non-playable record
0x899~High Poly NPC Overhaul - Resources.esp,High Poly NPC Overhaul - Resources.esp,HighPoly_BodyArmor_HairMaleRedguard4,,non-playable record
0x89A~High Poly NPC Overhaul - Resources.esp,High Poly NPC Overhaul - Resources.esp,HighPoly_BodyArmor_HairMaleRedguard5,,non-playable record
0x89B~High Poly NPC Overhaul - Resources.esp,High Poly NPC Overhaul - Resources.esp,HighPoly_BodyArmor_HairMaleRedguard6,,non-playable record
0x89C~High Poly NPC Overhaul - Resources.esp,High Poly NPC Overhaul - Resources.esp,HighPoly_BodyArmor_HairMaleRedguard7,,non-playable record
0x89D~High Poly NPC Overhaul - Resources.esp,High Poly NPC Overhaul - Resources.esp,HighPoly_BodyArmor_HairMaleRedguard8,,non-playable record
0x89E~High Poly NPC Overhaul - Resources.esp,High Poly NPC Overhaul - Resources.esp,HighPoly_BodyArmor_HairShavedFemaleDarkElf06,,non-playable record
0x89F~High Poly NPC Overhaul - Resources.esp,High Poly NPC Overhaul - Resources.esp,HighPoly_BodyArmor_HairShavedFemaleDarkElf08,,non-playable record
0x8A0~High Poly NPC Overhaul - Resources.esp,High Poly NPC Overhaul - Resources.esp,HighPoly_BodyArmor_HairShavedFemaleOrc01,,non-playable record
0x8A1~High Poly NPC Overhaul - Resources.esp,High Poly NPC Overhaul - Resources.esp,HighPoly_BodyArmor_HairShavedFemaleOrc14,,non-playable record
0x8A2~High Poly NPC Overhaul - Resources.esp,High Poly NPC Overhaul - Resources.esp,HighPoly_BodyArmor_HairShavedMaleDarkElf04,,non-playable record
0x8A3~High Poly NPC Overhaul - Resources.esp,High Poly NPC Overhaul - Resources.esp,HighPoly_BodyArmor_HairShavedMaleDarkElf05,,non-playable record
0x8A4~High Poly NPC Overhaul - Resources.esp,High Poly NPC Overhaul - Resources.esp,HighPoly_BodyArmor_HairShavedMaleDarkElf09,,non-playable record
0x8A5~High Poly NPC Overhaul - Resources.esp,High Poly NPC Overhaul - Resources.esp,HighPoly_BodyArmor_HairShavedMaleOrc08,,non-playable record
0x8A6~High Poly NPC Overhaul - Resources.esp,High Poly NPC Overhaul - Resources.esp,HighPoly_BodyArmor_HairShavedMaleOrc12,,non-playable record
0x8A7~High Poly NPC Overhaul - Resources.esp,High Poly NPC Overhaul - Resources.esp,HighPoly_BodyArmor_HairShavedMaleOrc15,,non-playable record
0x8A8~High Poly NPC Overhaul - Resources.esp,High Poly NPC Overhaul - Resources.esp,HighPoly_BodyArmor_HairShavedMaleOrc25,,non-playable record
0x948~High Poly NPC Overhaul - Resources.esp,High Poly NPC Overhaul - Resources.esp,HighPoly_BodyArmor_DLC1HairFemaleValerica,,non-playable record
0x949~High Poly NPC Overhaul - Resources.esp,High Poly NPC Overhaul - Resources.esp,HighPoly_BodyArmor_DLC1HairFemaleSerana,,non-playable record
0x94A~High Poly NPC Overhaul - Resources.esp,High Poly NPC Overhaul - Resources.esp,HighPoly_BodyArmor_DLC1HairFemaleSeranaHuman,,non-playable record
0x94B~High Poly NPC Overhaul - Resources.esp,High Poly NPC Overhaul - Resources.esp,HighPoly_BodyArmor_HairMaleSnowElf01,,non-playable record
0x94C~High Poly NPC Overhaul - Resources.esp,High Poly NPC Overhaul - Resources.esp,HighPoly_BodyArmor_HairMaleSnowElf02,,non-playable record
0x94D~High Poly NPC Overhaul - Resources.esp,High Poly NPC Overhaul - Resources.esp,HighPoly_BodyArmor_HairMaleSnowElf03,,non-playable record
0x94E~High Poly NPC Overhaul - Resources.esp,High Poly NPC Overhaul - Resources.esp,HighPoly_BodyArmor_HairMaleSnowElf06,,non-playable record
0x823~HircineArtifactRework.esp,HircineArtifactRework.esp,aaaHircineRingMonsterIllusoryClawFX,,non-playable record
0x810~HLIORemi-Replacer-Belladonna.esp,HLIORemi-Replacer-Belladonna.esp,BD_ARMO_Remi_Body,,non-playable record
0x205487~HLIORemi.esp,HLIORemi.esp,HLIOOutfit,Remi's Outfit,non-playable record
0x335655~HLIORemi.esp,HLIORemi.esp,HLIOSkinNaked,,missing display name
0x335656~HLIORemi.esp,HLIORemi.esp,HLIOSkinDwarvenSpiderCenturion,,non-playable record
0x53FC6E~HLIORemi.esp,HLIORemi.esp,HLIOMorvicOutfit,Morvic's Outfit,non-playable record
0x544D79~HLIORemi.esp,HLIORemi.esp,HLIOMorvicBoots,Morvic's Boots,non-playable record
0x791F41~HLIORemi.esp,HLIORemi.esp,HLIOSkinDwarvenSphereCenturion,,non-playable record
0x8435E4~HLIORemi.esp,HLIORemi.esp,HLIOAetherialLantern,Remi's Aetherial Lantern,non-playable record
0xA433BA~HLIORemi.esp,HLIORemi.esp,HLIOSkinDwarvenDrillerCenturion,,missing display name
0x19D47~hokoronenemies.esp,hokoronenemies.esp,ALX_DLC1SkinGargoyleVariantFiend,,non-playable record
0x801~Inigo.esp,Inigo.esp,MrDragonflyWearableBackLarge,Mr Dragonfly,non-playable record
0x802~Inigo.esp,Inigo.esp,MrDragonflyWearableFrontSmall,Mr Dragonfly,non-playable record
0x803~Inigo.esp,Inigo.esp,MrDragonflyWearableBackSmall,Mr Dragonfly,non-playable record
0xAA091~Inigo.esp,Inigo.esp,InigoInvisibleHood,,non-playable record
0xAA092~Inigo.esp,Inigo.esp,InigoInvisibleGloves,,non-playable record
0xBF683~Inigo.esp,Inigo.esp,InigoInvisibleShield,,non-playable record
0xFF213~Inigo.esp,Inigo.esp,SkinIniGiant,,non-playable record
0x91E6D~Inside Chanterelle.esp,Inside Chanterelle.esp,0DraugrTribalSkin,,non-playable record
0xA236E~Inside Chanterelle.esp,Inside Chanterelle.esp,0draugrTribalForswornBeard,Forsworn Headdress,non-playable record
0xA236F~Inside Chanterelle.esp,Inside Chanterelle.esp,0draugrTribalForswornBeard2,Forsworn Headdress,non-playable record
0xA2370~Inside Chanterelle.esp,Inside Chanterelle.esp,0draugrTribalForswornhair,Forsworn Headdress,non-playable record
0xA2371~Inside Chanterelle.esp,Inside Chanterelle.esp,0draugrTribalForswornhair2,Forsworn Headdress,non-playable record
0xA813F~Inside Chanterelle.esp,Inside Chanterelle.esp,0SkinClothedDraugr,,non-playable record
0xD8FAE0~Inside Chanterelle.esp,Inside Chanterelle.esp,0SVSkinMegaPiranhaa01,,non-playable record
0xD8FAE1~Inside Chanterelle.esp,Inside Chanterelle.esp,0SVSkinMegaPiranha03,,non-playable record
0xDC8747~Inside Chanterelle.esp,Inside Chanterelle.esp,0DcSkinBloodHorker01,BloodHorker,non-playable record
0xDC8748~Inside Chanterelle.esp,Inside Chanterelle.esp,EgSkinHorker01,Horker,non-playable record
0xE6074D~Inside Chanterelle.esp,Inside Chanterelle.esp,DeleteThis,Hojmi's Pendant,non-playable record
0xEDCA23~Inside Chanterelle.esp,Inside Chanterelle.esp,0DcSkinWhiteTiger,,non-playable record
0xEE1BF4~Inside Chanterelle.esp,Inside Chanterelle.esp,0DcSkinHellHound,,non-playable record
0xFB57DD~Inside Chanterelle.esp,Inside Chanterelle.esp,0DcSkinDraugrMale01,,non-playable record
0x800~JELPheasants.esp,JELPheasants.esp,JEL_SkinPheasant,Pheasant,non-playable record
0x80C~JELPheasants.esp,JELPheasants.esp,JEL_SkinPheasantF,Pheasant,non-playable record
0x802~JS Badges of Office SE.esp,JS Badges of Office SE.esp,JS_WhiterunBadge,Whiterun Badge of Office,non-playable record
0x803~JS Badges of Office SE.esp,JS Badges of Office SE.esp,JS_MarkarthBadge,Markarth Badge of Office,non-playable record
0x804~JS Badges of Office SE.esp,JS Badges of Office SE.esp,JS_MorthalBadge,Morthal Badge of Office,non-playable record
0x805~JS Badges of Office SE.esp,JS Badges of Office SE.esp,JS_WinterholdBadge,Winterhold Badge of Office,non-playable record
0x806~JS Badges of Office SE.esp,JS Badges of Office SE.esp,JS_SolitudeBadge,Solitude Badge of Office,non-playable record
0x807~JS Badges of Office SE.esp,JS Badges of Office SE.esp,JS_RiftenBadge,Riften Badge of Office,non-playable record
0x808~JS Badges of Office SE.esp,JS Badges of Office SE.esp,JS_WindhelmBadge,Windhelm Badge of Office,non-playable record
0x809~JS Badges of Office SE.esp,JS Badges of Office SE.esp,JS_FalkreathBadge,Falkreath Badge of Office,non-playable record
0x813~JS Badges of Office SE.esp,JS Badges of Office SE.esp,JS_FalkreathBadge2,Falkreath Badge of Office,non-playable record
0x386283~k101Daegon.esp,k101Daegon.esp,k101RatSkin,,missing display name
0x386289~k101Daegon.esp,k101Daegon.esp,k101DaegonRatticus,,missing display name
0x3F58F6~k101Daegon.esp,k101Daegon.esp,k101DaeLantern,Daegon's Lantern,non-playable record
0x49287D~k101Daegon.esp,k101Daegon.esp,k101SkinNakedDaegon,,non-playable record
0x805~KaliliesNPCs.esp,KaliliesNPCs.esp,_Kalilies_Body,,missing display name
0x824~KaliliesNPCs.esp,KaliliesNPCs.esp,_Kalilies_FSC_Body,,missing display name
0x87C~KaliliesNPCs.esp,KaliliesNPCs.esp,_Kalilies_Buff_Body,,missing display name
0x126250~Katana.esp,Katana.esp,AK69TakiyoBody,Takiyo Body,non-playable record
0x1EE1B~Katana.esp,Katana.esp,AK69KatanaBody,Katana F Body,non-playable record
0x5540C2~Katana.esp,Katana.esp,AK69MaleBody2,Katana M Body 2,non-playable record
0x5D0F44~Katana.esp,Katana.esp,AK69KatanaBoots,Katana's Boots,non-playable record
0x5D0F46~Katana.esp,Katana.esp,AK69KatanaGauntlets,Katana's Gauntlets,non-playable record
0x6EC7B8~Katana.esp,Katana.esp,AK69KatanaTop,Katana's Clothes,non-playable record
0x81E1E4~Katana.esp,Katana.esp,AK69RiverTop2,River's Clothes,non-playable record
0x81E1E5~Katana.esp,Katana.esp,AK69RiverBoots2,River's Boots,non-playable record
0x81E1E6~Katana.esp,Katana.esp,AK69RiverGauntlets2,River's Gloves,non-playable record
0x81E1E7~Katana.esp,Katana.esp,AK69RiverScarf,River's Scarf,non-playable record
0x8232EA~Katana.esp,Katana.esp,AK69KatanaEarrings,Katana's Earrings,non-playable record
0x8325F4~Katana.esp,Katana.esp,AK69ShaleTop,Shale's Clothes,non-playable record
0x932B44~Katana.esp,Katana.esp,AK69ElliGauntlets,Elli's Gauntlets,non-playable record
0x932B45~Katana.esp,Katana.esp,AK69ElliBoots,Elli's Boots,non-playable record
0x932B46~Katana.esp,Katana.esp,AK69ElliTop,Elli's Clothes,non-playable record
0x937C4C~Katana.esp,Katana.esp,AK69RiverBoots,River's Boots,non-playable record
0x937C4D~Katana.esp,Katana.esp,AK69RiverGauntlets,River's Gauntlets,non-playable record
0x937C4E~Katana.esp,Katana.esp,AK69RiverTop,River's Clothes,non-playable record
0xB0EDAF~Katana.esp,Katana.esp,AK69MegaraTop,Megara's Clothes,non-playable record
0xB0EDB0~Katana.esp,Katana.esp,AK69MegaraGauntlets,Megara's Gauntlets,non-playable record
0xB0EDB1~Katana.esp,Katana.esp,AK69MegaraBoots,Megara's Boots,non-playable record
0xB146DA~Katana.esp,Katana.esp,AK69AlTharoTorso,Al'Tharo Body,non-playable record
0xB32D00~Katana.esp,Katana.esp,AK69AlTharoBoots,Al'Tharo's Boots,non-playable record
0xB32D01~Katana.esp,Katana.esp,AK69AlTharoGauntlets,Al'Tharo's Bracers,non-playable record
0xB32D02~Katana.esp,Katana.esp,AK69AlTharoRobes,Al'Tharo's Robes,non-playable record
0xB37E08~Katana.esp,Katana.esp,AK69MaleBody,Katana M Body,non-playable record
0xB3CF1D~Katana.esp,Katana.esp,AK69ChadrynBoots,Chadryn's Boots,non-playable record
0xB3CF21~Katana.esp,Katana.esp,AK69ChadrynTop,Chadryn's Clothes,non-playable record
0xB3CF22~Katana.esp,Katana.esp,AK69ChadrynGloves,Chadryn's Gloves,non-playable record
0xB56434~Katana.esp,Katana.esp,AK69AzatarBoots,Azatar's Boots,non-playable record
0xB56435~Katana.esp,Katana.esp,AK69AzatarGloves,Azatar's Gloves,non-playable record
0xB56436~Katana.esp,Katana.esp,AK69AzatarTop,Azatar's Clothes,non-playable record
0xB6F948~Katana.esp,Katana.esp,AK69DeepvosBoots,Deepvos's Boots,non-playable record
0xB6F949~Katana.esp,Katana.esp,AK69DeepvosGloves,Deepvos's Gloves,non-playable record
0xB6F94A~Katana.esp,Katana.esp,AK69DeepvosTop,Deepvos's Clothes,non-playable record
0x815~Khajiit Caravan Mules.esp,Khajiit Caravan Mules.esp,aaTJMuleCrateLeft,Mule Left Crate,non-playable record
0x816~Khajiit Caravan Mules.esp,Khajiit Caravan Mules.esp,aaTJMuleCrateRight,Mule Right Crate,non-playable record
0x826~Khajiit Caravan Mules.esp,Khajiit Caravan Mules.esp,aaTJMuleHarness,Mule Harness,non-playable record
0x828~Khajiit Caravan Mules.esp,Khajiit Caravan Mules.esp,aaTJMuleHalter01,Mule Halter,non-playable record
0x834~Khajiit Caravan Mules.esp,Khajiit Caravan Mules.esp,aaTJMuleSackTop,Mule Top Sack,non-playable record
0xC64~Khajiit Caravan Mules.esp,Khajiit Caravan Mules.esp,aaTJSkinMule2,,non-playable record
0xD63~Khajiit Caravan Mules.esp,Khajiit Caravan Mules.esp,aaTJSkinMule1,,non-playable record
0x2171~ksws07_quest.esm,ksws07_quest.esm,ksws07ArmOBodyUnplayable,Rimeweld Cuirass,non-playable record
0x2172~ksws07_quest.esm,ksws07_quest.esm,ksws07ArmOFeetUnplayable,Rimeweld Greaves,non-playable record
0x2173~ksws07_quest.esm,ksws07_quest.esm,ksws07ArmOHandsUnplayable,Rimeweld Gauntlets,non-playable record
0x2174~ksws07_quest.esm,ksws07_quest.esm,ksws07ArmOHeadUnplayable,Rimeweld Circlet,non-playable record
0x2175~ksws07_quest.esm,ksws07_quest.esm,ksws07ArmOPauldronUnplayable,Rimeweld Pauldrons,non-playable record
0x2176~ksws07_quest.esm,ksws07_quest.esm,ksws07ArmOShieldUnplayable,Rimeweld Shield,non-playable record
0x2184~ksws07_quest.esm,ksws07_quest.esm,ksws07BossSkinNaked,,missing display name
0x142565~Laura's Bondage Shop.esp,Laura's Bondage Shop.esp,Laura_Custom_CollarInventory,Custom Padded Metal Collar,missing armor addon/model links
0x142566~Laura's Bondage Shop.esp,Laura's Bondage Shop.esp,Laura_Custom_CollarRendered,,missing display name
0x142569~Laura's Bondage Shop.esp,Laura's Bondage Shop.esp,Laura_Custom_ArmCuffsInventory,Custom Padded Metal Arm Cuffs,missing armor addon/model links
0x14256A~Laura's Bondage Shop.esp,Laura's Bondage Shop.esp,Laura_Custom_ArmCuffsRendered,,missing display name
0x14256D~Laura's Bondage Shop.esp,Laura's Bondage Shop.esp,Laura_Custom_LegCuffsInventory,Custom Padded Metal Leg Cuffs,missing armor addon/model links
0x14256E~Laura's Bondage Shop.esp,Laura's Bondage Shop.esp,Laura_Custom_LegCuffsRendered,,missing display name
0x142571~Laura's Bondage Shop.esp,Laura's Bondage Shop.esp,Laura_Custom_ChastityBraInventory,Custom Padded Metal Chastity Bra,missing armor addon/model links
0x142572~Laura's Bondage Shop.esp,Laura's Bondage Shop.esp,Laura_Custom_ChastityBraRendered,,missing display name
0x1508C7~Laura's Bondage Shop.esp,Laura's Bondage Shop.esp,Laura_Delivery_RedLeatherArmbinderRendered,,missing display name
0x1508C8~Laura's Bondage Shop.esp,Laura's Bondage Shop.esp,Laura_Delivery_RedLeatherArmbinderInventory,Custom Red Leather Armbinder,missing armor addon/model links
0x1508CB~Laura's Bondage Shop.esp,Laura's Bondage Shop.esp,Laura_Delivery_RedLeatherBallGagInventory,Custom Red Leather Harness Ball Gag,missing armor addon/model links
0x1508CC~Laura's Bondage Shop.esp,Laura's Bondage Shop.esp,Laura_Delivery_RedLeatherBallGagRendered,,missing display name
0x1910CA~Laura's Bondage Shop.esp,Laura's Bondage Shop.esp,Laura_ToughRopeArmbinderStrictInventory,Tough Strict Rope Armbinder,missing armor addon/model links
0x1910CC~Laura's Bondage Shop.esp,Laura's Bondage Shop.esp,Laura_ToughRopeArmbinderStrictRendered,,missing display name
0x1910CE~Laura's Bondage Shop.esp,Laura's Bondage Shop.esp,Laura_ToughRopeBallGagInventory,Tough Rope Ball Gag,missing armor addon/model links
0x1910D0~Laura's Bondage Shop.esp,Laura's Bondage Shop.esp,Laura_ToughRopeBallGagRendered,,missing display name
0x1910D2~Laura's Bondage Shop.esp,Laura's Bondage Shop.esp,Laura_ToughRopeHobbleHarnessInventory,Tough Rope Full Body Hobble Harness,missing armor addon/model links
0x1910D4~Laura's Bondage Shop.esp,Laura's Bondage Shop.esp,Laura_ToughRopeHobbleHarnessRendered,,missing display name
0x1CAF97~Laura's Bondage Shop.esp,Laura's Bondage Shop.esp,Laura_SQ08_ThotiumCollarInventory,Thotium Collar,missing armor addon/model links
0x1CAF98~Laura's Bondage Shop.esp,Laura's Bondage Shop.esp,Laura_SQ08_ThotiumCollarRendered,,missing display name
0x1D8EC~Laura's Bondage Shop.esp,Laura's Bondage Shop.esp,Laura_SecureOpenBeltInventory,Secure Steel Chastity Belt,missing armor addon/model links
0x1D8ED~Laura's Bondage Shop.esp,Laura's Bondage Shop.esp,Laura_SecureOpenBeltRendered,,missing display name
0x1E135F~Laura's Bondage Shop.esp,Laura's Bondage Shop.esp,Laura_SQ10_PGArmCuffsInventory,Evelynn's Arm Cuffs,missing armor addon/model links
0x1E1360~Laura's Bondage Shop.esp,Laura's Bondage Shop.esp,Laura_SQ10_PGArmCuffsRendered,,missing display name
0x1E1361~Laura's Bondage Shop.esp,Laura's Bondage Shop.esp,Laura_SQ10_PGBraInventory,Evelynn's Chastity Bra,missing armor addon/model links
0x1E1362~Laura's Bondage Shop.esp,Laura's Bondage Shop.esp,Laura_SQ10_PGBraRendered,,missing display name
0x1E1363~Laura's Bondage Shop.esp,Laura's Bondage Shop.esp,Laura_SQ10_PGCollarInventory,Evelynn's Collar,missing armor addon/model links
0x1E1364~Laura's Bondage Shop.esp,Laura's Bondage Shop.esp,Laura_SQ10_PGCollarRendered,,missing display name
0x1E1365~Laura's Bondage Shop.esp,Laura's Bondage Shop.esp,Laura_SQ10_PGLegCuffsInventory,Evelynn's Leg Cuffs,missing armor addon/model links
0x1E1366~Laura's Bondage Shop.esp,Laura's Bondage Shop.esp,Laura_SQ10_PGLegCuffsRendered,,missing display name
0x1E137B~Laura's Bondage Shop.esp,Laura's Bondage Shop.esp,Laura_SQ10_PGBeltInventory,Evelynn's Chastity Belt,missing armor addon/model links
0x1E137C~Laura's Bondage Shop.esp,Laura's Bondage Shop.esp,Laura_SQ10_PGBeltRendered,,missing display name
0x217597~Laura's Bondage Shop.esp,Laura's Bondage Shop.esp,Laura_ToughBlackAnkleShacklesInventory,Tough Black Ankle Shackles,missing armor addon/model links
0x217599~Laura's Bondage Shop.esp,Laura's Bondage Shop.esp,Laura_ToughBlackAnkleShacklesRendered,,missing display name
0x21806B~Laura's Bondage Shop.esp,Laura's Bondage Shop.esp,Laura_SQ10_PGCollarRendered2,,missing display name
0x21806C~Laura's Bondage Shop.esp,Laura's Bondage Shop.esp,Laura_SQ10_PGCollarInventory2,Evelynn's Collar,missing armor addon/model links
0x29B1F~Laura's Bondage Shop.esp,Laura's Bondage Shop.esp,Laura_StrongLeatherHobbleDressRendered,,missing display name
0x29B20~Laura's Bondage Shop.esp,Laura's Bondage Shop.esp,Laura_StrongLeatherHobbleDressInventory,Strong Leather Hobble Dress,missing armor addon/model links
0x29B22~Laura's Bondage Shop.esp,Laura's Bondage Shop.esp,Laura_StrongLeatherElbowbinderInventory,Strong Leather Elbowbinder,missing armor addon/model links
0x29B23~Laura's Bondage Shop.esp,Laura's Bondage Shop.esp,Laura_StrongLeatherElbowbinderRendered,,missing display name
0x2A08A~Laura's Bondage Shop.esp,Laura's Bondage Shop.esp,Laura_StrongLeatherArmbinderInventory,Strong Leather Armbinder,missing armor addon/model links
0x2A08B~Laura's Bondage Shop.esp,Laura's Bondage Shop.esp,Laura_StrongLeatherArmbinderRendered,,missing display name
0x2A090~Laura's Bondage Shop.esp,Laura's Bondage Shop.esp,Laura_StrongLeatherBlindfoldInventory,Strong Leather Blindfold,missing armor addon/model links
0x2A091~Laura's Bondage Shop.esp,Laura's Bondage Shop.esp,Laura_StrongLeatherBlindfoldRendered,,missing display name
0x2FC61~Laura's Bondage Shop.esp,Laura's Bondage Shop.esp,Laura_PlugVagTeaserInventory,Laura's Teaser,missing armor addon/model links
0x2FC62~Laura's Bondage Shop.esp,Laura's Bondage Shop.esp,Laura_PlugVagTeaserRendered,,missing display name
0x2FC63~Laura's Bondage Shop.esp,Laura's Bondage Shop.esp,Laura_PlugVagOrgasmInventory,Laura's Pleaser,missing armor addon/model links
0x2FC64~Laura's Bondage Shop.esp,Laura's Bondage Shop.esp,Laura_PlugVagOrgasmRendered,,missing display name
0x4FC69~Laura's Bondage Shop.esp,Laura's Bondage Shop.esp,Laura_StrongEboniteCatsuitInventory,Strong Ebonite Catsuit (Black),missing armor addon/model links
0x4FC6A~Laura's Bondage Shop.esp,Laura's Bondage Shop.esp,Laura_StrongEboniteCatsuitRendered,,missing display name
0x4FC6B~Laura's Bondage Shop.esp,Laura's Bondage Shop.esp,Laura_StrongEboniteCatsuitSocksInventory,Strong Ebonite Catsuit Socks (Black),missing armor addon/model links
0x4FC6C~Laura's Bondage Shop.esp,Laura's Bondage Shop.esp,Laura_StrongEboniteCatsuitSocksRendered,,missing display name
0x4FC6D~Laura's Bondage Shop.esp,Laura's Bondage Shop.esp,Laura_StrongEboniteArmbinderInventory,Strong Ebonite Armbinder,missing armor addon/model links
0x4FC6E~Laura's Bondage Shop.esp,Laura's Bondage Shop.esp,Laura_StrongEboniteArmbinderRendered,,missing display name
0x4FC6F~Laura's Bondage Shop.esp,Laura's Bondage Shop.esp,Laura_StrongEboniteHoodInventory,Strong Ebonite Hood (Black),missing armor addon/model links
0x4FC70~Laura's Bondage Shop.esp,Laura's Bondage Shop.esp,Laura_StrongEboniteHoodRendered,,missing display name
0x53271~Laura's Bondage Shop.esp,Laura's Bondage Shop.esp,Laura_StrongAnkleShacklesInventory,Strong Ankle Shackles,missing armor addon/model links
0x53272~Laura's Bondage Shop.esp,Laura's Bondage Shop.esp,Laura_StrongAnkleShacklesRendered,,missing display name
0x8C7DA~Laura's Bondage Shop.esp,Laura's Bondage Shop.esp,Laura_ToughLeatherCuffsLegInventory,Tough Leather Leg Cuffs,missing armor addon/model links
0x8C7DB~Laura's Bondage Shop.esp,Laura's Bondage Shop.esp,Laura_ToughLeatherCuffsLegRendered,,missing display name
0x8C7DE~Laura's Bondage Shop.esp,Laura's Bondage Shop.esp,Laura_ToughLeatherBlindfoldInventory,Tough Leather Blindfold,missing armor addon/model links
0x8C7DF~Laura's Bondage Shop.esp,Laura's Bondage Shop.esp,Laura_ToughLeatherBlindfoldRendered,,missing display name
0x8C7E2~Laura's Bondage Shop.esp,Laura's Bondage Shop.esp,Laura_ToughLeatherRingGagInventory,Tough Leather Harness Ring Gag,missing armor addon/model links
0x8C7E3~Laura's Bondage Shop.esp,Laura's Bondage Shop.esp,Laura_ToughLeatherRingGagRendered,,missing display name
0x8C7E4~Laura's Bondage Shop.esp,Laura's Bondage Shop.esp,Laura_ToughLeatherHarnessInventory,Tough Leather Harness,missing armor addon/model links
0x8C7E5~Laura's Bondage Shop.esp,Laura's Bondage Shop.esp,Laura_ToughLeatherHarnessRendered,,missing display name
0x8CD4A~Laura's Bondage Shop.esp,Laura's Bondage Shop.esp,Laura_ToughLeatherHobbleDressTightInventory,Tough Leather Hobble Dress (Tight),missing armor addon/model links
0x8CD4B~Laura's Bondage Shop.esp,Laura's Bondage Shop.esp,Laura_ToughLeatherHobbleDressTightRendered,,missing display name
0x8D2B1~Laura's Bondage Shop.esp,Laura's Bondage Shop.esp,Laura_ToughLeatherStraitjacketInventory,Tough Leather Straitjacket,missing armor addon/model links
0x8D2B2~Laura's Bondage Shop.esp,Laura's Bondage Shop.esp,Laura_ToughLeatherStraitjacketRendered,,missing display name
0x8D815~Laura's Bondage Shop.esp,Laura's Bondage Shop.esp,Laura_ToughLeatherStraitjacketLegbinderInventory,Tough Leather Straitjacket (Legbinder),missing armor addon/model links
0x8D816~Laura's Bondage Shop.esp,Laura's Bondage Shop.esp,Laura_ToughLeatherStraitjacketLegbinderRendered,,missing display name
0x8D817~Laura's Bondage Shop.esp,Laura's Bondage Shop.esp,Laura_ToughLeatherStraitjacketDressInventory,Tough Leather Straitjacket (Hobble Dress),missing armor addon/model links
0x8D818~Laura's Bondage Shop.esp,Laura's Bondage Shop.esp,Laura_ToughLeatherStraitjacketDressRendered,,missing display name
0x8DD7B~Laura's Bondage Shop.esp,Laura's Bondage Shop.esp,Laura_ToughMetalYokeInventory,Tough Metal Yoke,missing armor addon/model links
0x8DD7C~Laura's Bondage Shop.esp,Laura's Bondage Shop.esp,Laura_ToughMetalYokeRendered,,missing display name
0x8DD7D~Laura's Bondage Shop.esp,Laura's Bondage Shop.esp,Laura_ToughMetalCuffsLegInventory,Tough Metal Leg Cuffs,missing armor addon/model links
0x8DD7E~Laura's Bondage Shop.esp,Laura's Bondage Shop.esp,Laura_ToughMetalCuffsLegRendered,,missing display name
0x8DD7F~Laura's Bondage Shop.esp,Laura's Bondage Shop.esp,Laura_ToughMetalCuffsArmInventory,Tough Metal Arm Cuffs,missing armor addon/model links
0x8DD80~Laura's Bondage Shop.esp,Laura's Bondage Shop.esp,Laura_ToughMetalCuffsArmRendered,,missing display name
0x8DD81~Laura's Bondage Shop.esp,Laura's Bondage Shop.esp,Laura_ToughMetalBlackYokeInventory,Tough Black Metal Yoke,missing armor addon/model links
0x8DD82~Laura's Bondage Shop.esp,Laura's Bondage Shop.esp,Laura_ToughMetalBlackYokeRendered,,missing display name
0x8DD83~Laura's Bondage Shop.esp,Laura's Bondage Shop.esp,Laura_ToughLeatherPetsuitInventory,Tough Leather Pet Suit,missing armor addon/model links
0x8DD84~Laura's Bondage Shop.esp,Laura's Bondage Shop.esp,Laura_ToughLeatherPetsuitRendered,,missing display name
0x91359~Laura's Bondage Shop.esp,Laura's Bondage Shop.esp,Laura_ToughLeatherArmbinderInventory,Tough Leather Armbinder,missing armor addon/model links
0x9135A~Laura's Bondage Shop.esp,Laura's Bondage Shop.esp,Laura_ToughLeatherArmbinderRendered,,missing display name
0x9135B~Laura's Bondage Shop.esp,Laura's Bondage Shop.esp,Laura_ToughLeatherBallGagInventory,Tough Leather Harness Ball Gag,missing armor addon/model links
0x9135C~Laura's Bondage Shop.esp,Laura's Bondage Shop.esp,Laura_ToughLeatherBallGagRendered,,missing display name
0x9390B~Laura's Bondage Shop.esp,Laura's Bondage Shop.esp,Laura_ToughLeatherHobbleDressInventory,Tough Leather Hobble Dress (Relaxed),missing armor addon/model links
0x9390C~Laura's Bondage Shop.esp,Laura's Bondage Shop.esp,Laura_ToughLeatherHobbleDressRendered,,missing display name
0x93E6F~Laura's Bondage Shop.esp,Laura's Bondage Shop.esp,Laura_StrongLeatherHobbleDressRelaxedInventory,Strong Leather Hobble Dress,missing armor addon/model links
0x93E70~Laura's Bondage Shop.esp,Laura's Bondage Shop.esp,Laura_StrongLeatherHobbleDressRelaxedRendered,,missing display name
0x96981~Laura's Bondage Shop.esp,Laura's Bondage Shop.esp,Laura_ToughLeatherCollarHarnessInventory,Tough Leather Harness Collar,missing armor addon/model links
0x96982~Laura's Bondage Shop.esp,Laura's Bondage Shop.esp,Laura_ToughLeatherCollarHarnessRendered,,missing display name
0x979A9~Laura's Bondage Shop.esp,Laura's Bondage Shop.esp,Laura_ToughEboniteCatsuitInventory,Tough Ebonite Catsuit,missing armor addon/model links
0x979AA~Laura's Bondage Shop.esp,Laura's Bondage Shop.esp,Laura_ToughEboniteCatsuitRendered,,missing display name
0x9AF85~Laura's Bondage Shop.esp,Laura's Bondage Shop.esp,Laura_ToughLeatherCuffsArmInventory,Tough Leather Arm Cuffs,missing armor addon/model links
0x9AF86~Laura's Bondage Shop.esp,Laura's Bondage Shop.esp,Laura_ToughLeatherCuffsArmRendered,,missing display name
0xB18CE~Laura's Bondage Shop.esp,Laura's Bondage Shop.esp,Laura_StrongLeatherBallGagHarnessInventory,Strong Leather Harness Ball Gag,missing armor addon/model links
0xB18CF~Laura's Bondage Shop.esp,Laura's Bondage Shop.esp,Laura_StrongLeatherBallGagHarnessRendered,,missing display name
0xB7A03~Laura's Bondage Shop.esp,Laura's Bondage Shop.esp,Laura_ToughLeatherElbowbinderInventory,Tough Leather Elbowbinder,missing armor addon/model links
0xB7A04~Laura's Bondage Shop.esp,Laura's Bondage Shop.esp,Laura_ToughLeatherElbowbinderRendered,,missing display name
0xB7A09~Laura's Bondage Shop.esp,Laura's Bondage Shop.esp,Laura_Timed_RedLeatherHarnessInventory,Timed Red Leather Harness,missing armor addon/model links
0xB7A0A~Laura's Bondage Shop.esp,Laura's Bondage Shop.esp,Laura_Timed_RedLeatherHarnessRendered,,missing display name
0xB84D3~Laura's Bondage Shop.esp,Laura's Bondage Shop.esp,Laura_Timed_RedLeatherCuffsArmInventory,Timed Red Leather Arm Cuffs,missing armor addon/model links
0xB84D4~Laura's Bondage Shop.esp,Laura's Bondage Shop.esp,Laura_Timed_RedLeatherCuffsArmRendered,,missing display name
0xB84D5~Laura's Bondage Shop.esp,Laura's Bondage Shop.esp,Laura_Timed_RedLeatherCuffsLegInventory,Timed Red Leather Leg Cuffs,missing armor addon/model links
0xB84D6~Laura's Bondage Shop.esp,Laura's Bondage Shop.esp,Laura_Timed_RedLeatherCuffsLegRendered,,missing display name
0xB94FD~Laura's Bondage Shop.esp,Laura's Bondage Shop.esp,Laura_Device_RedLeatherHarnessBodyRendered,,missing display name
0xB94FE~Laura's Bondage Shop.esp,Laura's Bondage Shop.esp,Laura_Device_RedLeatherHarnessBodyInventory,Red Leather Harness,missing armor addon/model links
0xD8419~Laura's Bondage Shop.esp,Laura's Bondage Shop.esp,Laura_ToughIronPrisonerChainsInventory,Tough Iron Prisoner Chains,missing armor addon/model links
0xD841A~Laura's Bondage Shop.esp,Laura's Bondage Shop.esp,Laura_ToughIronPrisonerChainsRendered,,missing display name
0xD841D~Laura's Bondage Shop.esp,Laura's Bondage Shop.esp,Laura_ToughLeatherStraitjacketOpenInventory,Tough Leather Straitjacket (Open),missing armor addon/model links
0xD841E~Laura's Bondage Shop.esp,Laura's Bondage Shop.esp,Laura_ToughLeatherStraitjacketOpenRendered,,missing display name
0xD898A~Laura's Bondage Shop.esp,Laura's Bondage Shop.esp,Laura_ToughLeatherStraitjacketOpenLegbinderInventory,"Tough Leather Straitjacket (Open, Legbinder)",missing armor addon/model links
0xD898B~Laura's Bondage Shop.esp,Laura's Bondage Shop.esp,Laura_ToughLeatherStraitjacketOpenLegbinderRendered,,missing display name
0xF2B08~Laura's Bondage Shop.esp,Laura's Bondage Shop.esp,Laura_SR1_SirrinasYokeInventory,Sirrina's Metal Yoke,missing armor addon/model links
0xF2B09~Laura's Bondage Shop.esp,Laura's Bondage Shop.esp,Laura_SR1_SirrinasYokeRendered,,missing display name
0x155C0~LoreFriendlyToys.esm,LoreFriendlyToys.esm,LFT_ClothBlindfoldBlack_Rendered,,missing display name
0x155C1~LoreFriendlyToys.esm,LoreFriendlyToys.esm,LFT_ClothBlindfoldRed_Rendered,,missing display name
0x155C2~LoreFriendlyToys.esm,LoreFriendlyToys.esm,LFT_IronCollar_Rendered,,missing display name
0x155C3~LoreFriendlyToys.esm,LoreFriendlyToys.esm,LFT_ChainedCollar_Rendered,,missing display name
0x155C4~LoreFriendlyToys.esm,LoreFriendlyToys.esm,LFT_LeatherCollarBlack_Rendered,,missing display name
0x155C5~LoreFriendlyToys.esm,LoreFriendlyToys.esm,LFT_LeatherCollarWhite_Rendered,,missing display name
0x1848E~LoreFriendlyToys.esm,LoreFriendlyToys.esm,LFT_RopeCollar_Rendered,,missing display name
0x1848F~LoreFriendlyToys.esm,LoreFriendlyToys.esm,LFT_RopeHandcuffs_Rendered,,missing display name
0x18490~LoreFriendlyToys.esm,LoreFriendlyToys.esm,LFT_RopeLegcuffs_Rendered,,missing display name
0x1E221~LoreFriendlyToys.esm,LoreFriendlyToys.esm,LFT_gag_logbit_Rendered,,missing display name
0x1E222~LoreFriendlyToys.esm,LoreFriendlyToys.esm,LFT_gag_woodbit_Rendered,,missing display name
0x210EB~LoreFriendlyToys.esm,LoreFriendlyToys.esm,LFT_IronLegcuffs_Rendered,,missing display name
0x210EC~LoreFriendlyToys.esm,LoreFriendlyToys.esm,LFT_IronHandcuffs_Rendered,,missing display name
0x210ED~LoreFriendlyToys.esm,LoreFriendlyToys.esm,LFT_SimpleYoke_Rendered,,missing display name
0x210EE~LoreFriendlyToys.esm,LoreFriendlyToys.esm,LFT_SlavePainHeels_Inventory,Painful heels,missing armor addon/model links
0x210EF~LoreFriendlyToys.esm,LoreFriendlyToys.esm,LFT_SlavePainHeels_Rendered,,missing display name
0x210F0~LoreFriendlyToys.esm,LoreFriendlyToys.esm,LFT_StrangulationCollar_Inventory,Stragulation collar,missing armor addon/model links
0x210F1~LoreFriendlyToys.esm,LoreFriendlyToys.esm,LFT_StrangulationCollar_Rendered,,missing display name
0x2CC16~LoreFriendlyToys.esm,LoreFriendlyToys.esm,LFT_gag_strap_plugged_Inventory,Closable Gag,missing armor addon/model links
0x2CC17~LoreFriendlyToys.esm,LoreFriendlyToys.esm,LFT_gag_strap_plugged_Rendered,,missing display name
0x2FAEC~LoreFriendlyToys.esm,LoreFriendlyToys.esm,LFT_LeatherCollarBell_Inventory,Leather Collar With Bell,missing armor addon/model links
0x2FAED~LoreFriendlyToys.esm,LoreFriendlyToys.esm,LFT_LeatherCollarBell_Rendered,,missing display name
0x35886~LoreFriendlyToys.esm,LoreFriendlyToys.esm,LFT_AnalPlugBroom_Inventory,Broom Anal Plug,missing armor addon/model links
0x35887~LoreFriendlyToys.esm,LoreFriendlyToys.esm,LFT_AnalPlugBroom_Rendered,,missing display name
0x35888~LoreFriendlyToys.esm,LoreFriendlyToys.esm,LFT_AnalPlugCarrot_Inventory,Carrot Anal Plug,missing armor addon/model links
0x35889~LoreFriendlyToys.esm,LoreFriendlyToys.esm,LFT_AnalPlugCarrot_Rendered,,missing display name
0x3588A~LoreFriendlyToys.esm,LoreFriendlyToys.esm,LFT_AnalPlugLantern_Rendered,,missing display name
0x3588B~LoreFriendlyToys.esm,LoreFriendlyToys.esm,LFT_AnalPlugLantern_Inventory,Lantern Anal Plug,missing armor addon/model links
0x3588E~LoreFriendlyToys.esm,LoreFriendlyToys.esm,LFT_AnalPlugTorch_Inventory,Torch Anal Plug,missing armor addon/model links
0x3588F~LoreFriendlyToys.esm,LoreFriendlyToys.esm,LFT_AnalPlugTorch_Rendered,,missing display name
0x442B0~LoreFriendlyToys.esm,LoreFriendlyToys.esm,LFT_ChainedCollar_SMP_Rendered,,missing display name
0x442B1~LoreFriendlyToys.esm,LoreFriendlyToys.esm,LFT_ChainedCollar_SMP_Inventory,Iron Collar with a chain,missing armor addon/model links
0x4717B~LoreFriendlyToys.esm,LoreFriendlyToys.esm,LFT_ChainedIronLegcuffs_SMP_Inventory,Locked iron legcuffs with chains,missing armor addon/model links
0x4717C~LoreFriendlyToys.esm,LoreFriendlyToys.esm,LFT_ChainedIronLegcuffs_SMP_Rendered,,missing display name
0x4CF12~LoreFriendlyToys.esm,LoreFriendlyToys.esm,LFT_NipplePiercingbells_Rendered,,missing display name
0x4CF13~LoreFriendlyToys.esm,LoreFriendlyToys.esm,LFT_ClitPiercingBell_Rendered,,missing display name
0x52014~LoreFriendlyToys.esm,LoreFriendlyToys.esm,LFT_NipplePiercingbells_Inventory,Noisy Nipple Piercings,missing armor addon/model links
0x52016~LoreFriendlyToys.esm,LoreFriendlyToys.esm,LFT_ClitPiercingBell_Inventory,Noisy Clit Piercings,missing armor addon/model links
0x818~LoreFriendlyToys.esm,LoreFriendlyToys.esm,LFT_ClothBlindfoldRed_Inventory,Red Cloth Blindfold,missing armor addon/model links
0x81C~LoreFriendlyToys.esm,LoreFriendlyToys.esm,LFT_LeatherCollarWhite_Inventory,White leather collar,missing armor addon/model links
0x81D~LoreFriendlyToys.esm,LoreFriendlyToys.esm,LFT_LeatherCollarBlack_Inventory,Black leather collar,missing armor addon/model links
0x81F~LoreFriendlyToys.esm,LoreFriendlyToys.esm,LFT_ChainedCollar_Inventory,Chained collar,missing armor addon/model links
0x82A~LoreFriendlyToys.esm,LoreFriendlyToys.esm,LFT_SimpleYoke_Inventory,Simple Yoke,missing armor addon/model links
0x82E~LoreFriendlyToys.esm,LoreFriendlyToys.esm,LFT_gag_woodbit_Inventory,Elegant wooden gag,missing armor addon/model links
0x82F~LoreFriendlyToys.esm,LoreFriendlyToys.esm,LFT_gag_logbit_Inventory,Rough Wooden gag,missing armor addon/model links
0x841~LoreFriendlyToys.esm,LoreFriendlyToys.esm,LFT_RopeCollar_Inventory,Rope Collar,missing armor addon/model links
0xD73~LoreFriendlyToys.esm,LoreFriendlyToys.esm,LFT_IronCollar_Inventory,Locked Iron Collar,missing armor addon/model links
0xD74~LoreFriendlyToys.esm,LoreFriendlyToys.esm,LFT_ClothBlindfoldBlack_Inventory,Black Cloth Blindfold,missing armor addon/model links
0xD76~LoreFriendlyToys.esm,LoreFriendlyToys.esm,LFT_RopeLegcuffs_Inventory,Rope legcuffs,missing armor addon/model links
0xD77~LoreFriendlyToys.esm,LoreFriendlyToys.esm,LFT_IronHandcuffs_Inventory,Locked iron handcuffs,missing armor addon/model links
0xD78~LoreFriendlyToys.esm,LoreFriendlyToys.esm,LFT_IronLegcuffs_Inventory,Locked iron legcuffs,missing armor addon/model links
0xD79~LoreFriendlyToys.esm,LoreFriendlyToys.esm,LFT_RopeHandcuffs_Inventory,Rope handcuffs,missing armor addon/model links
0x1B0A44~Lucien.esp,Lucien.esp,aaaLucDLC1SkinDwemerGargoyle,,non-playable record
0x1B0A57~Lucien.esp,Lucien.esp,aaaLucSkinNakedDwemerWerewolf,,missing display name
0x1B0A5C~Lucien.esp,Lucien.esp,aaaLucDwemerSkinChaurus,Dwemer Chaurus,non-playable record
0x1F33E1~Lucien.esp,Lucien.esp,aaaLucSkinNakedDwemerWarrior,,missing display name
0x1F84EA~Lucien.esp,Lucien.esp,aaaLucSkinNakedDwemerWarriorCommander,,missing display name
0x1F84F2~Lucien.esp,Lucien.esp,aaaLucSkinNakedDwemerOverseer,,non-playable record
0x277B95~Lucien.esp,Lucien.esp,JRmihailSKINNAKEDforimp,,non-playable record
0x277B96~Lucien.esp,Lucien.esp,JRmihailimpbodydef2,Daedric Helmet,non-playable record
0x277B97~Lucien.esp,Lucien.esp,JRmihailimpbodydefCHARGEDFIRE,Daedric Helmet,non-playable record
0x277B98~Lucien.esp,Lucien.esp,JRmihailimpbodydefCHARGEDSHOCK,Daedric Helmet,non-playable record
0x277B99~Lucien.esp,Lucien.esp,JRmihailimpbodydefBOSSFIRE,Daedric Helmet,non-playable record
0x277B9A~Lucien.esp,Lucien.esp,JRmihailimpbodydefBOSSSHOCK,Daedric Helmet,non-playable record
0x29742A~Lucien.esp,Lucien.esp,JRmihailgriveousskin,,non-playable record
0x2A1C82~Lucien.esp,Lucien.esp,JRmihailharvesterskin,,non-playable record
0x2E4479~Lucien.esp,Lucien.esp,JRmihailhungerskin,,non-playable record
0x1408FD~Maelstrom.esp,Maelstrom.esp,N78MS_DrownedSoulSkin,,non-playable record
0x16D914~Maelstrom.esp,Maelstrom.esp,N78MS_NornClothesHood,Vampire Hood,non-playable record
0x16D915~Maelstrom.esp,Maelstrom.esp,N78MS_NornClothesRobe,Mourner's Clothes,non-playable record
0x175A60~Maelstrom.esp,Maelstrom.esp,N78MS_NorsemanArmourShield,Norseman's Shield,non-playable record
0x1C9351~Maelstrom.esp,Maelstrom.esp,N78MS_IceTitanBody,,non-playable record
0x252E56~Maelstrom.esp,Maelstrom.esp,N78MS_Nightmare03DraugrGhostShield,Stalhrim Shield,non-playable record
0x29F1D9~Maelstrom.esp,Maelstrom.esp,N78MS_MQ04BossSkinBody,,non-playable record
0x2FF88D~Maelstrom.esp,Maelstrom.esp,N78MS_JocelynArmourAmulet,Jocelyn's Amulet,non-playable record
0x3E948~Maelstrom.esp,Maelstrom.esp,N78MS_JocelynSkin,,non-playable record
0x420AB0~Maelstrom.esp,Maelstrom.esp,N78MS_SleipnirBody,,non-playable record
0x5537C~Maelstrom.esp,Maelstrom.esp,N78MS_DrownedDeadSkin,,non-playable record
0x7E46D~Maelstrom.esp,Maelstrom.esp,N78MS_DrownedShoes,Footwraps,non-playable record
0xAC81D~Maelstrom.esp,Maelstrom.esp,N78MS_DaughterSkin,,non-playable record
0xCCC99~Maelstrom.esp,Maelstrom.esp,N78MS_MercsEirdreSkin,Eirdre Skin,non-playable record
0xD68~Maelstrom.esp,Maelstrom.esp,N78MS_RanSkin,,non-playable record
0x802~mihailcrow.esp,mihailcrow.esp,mihailcrowskin,Chicken,non-playable record
0x802~mihailfrogs.esp,mihailfrogs.esp,mihailfrog_nakedskin,Rabbit,non-playable record
0x80A~mihailfrogs.esp,mihailfrogs.esp,mihailfrog_nakedskin2,Rabbit,non-playable record
0x802~mihailhousecat.esp,mihailhousecat.esp,mihailhousecatskin,,non-playable record
0x802~mihailpigeon.esp,mihailpigeon.esp,mihailpigeonskin,Chicken,non-playable record
0x81E~mihailseaturtle.esp,mihailseaturtle.esp,mihailseaturtle_npc_nakedskin,,non-playable record
0x1BD36~MistySkye.esp,MistySkye.esp,00MistySkyeSkinNaked,,missing display name
0x2AE16A~MistySkye.esp,MistySkye.esp,00MistySkyeSkinNaked2,,missing display name
0x345FBF~MistySkye.esp,MistySkye.esp,0MSTBTits,Misty's Tits,non-playable record
0x345FC4~MistySkye.esp,MistySkye.esp,0MSTBWTFbody,WTF,non-playable record
0x4FE931~MistySkye.esp,MistySkye.esp,00MistySkyeSkinNakedChubby,,missing display name
0x58C5C1~MistySkye.esp,MistySkye.esp,0MSTBWTFstrap,Misty's No-Boob Strap,non-playable record
0x5BF49D~MistySkye.esp,MistySkye.esp,0MistySkyeFatShirt,Harriet's Shirt,non-playable record
0x5BF49E~MistySkye.esp,MistySkye.esp,0MistySkyeFatPants,Harriet's Pants,non-playable record
0x61F94E~MistySkye.esp,MistySkye.esp,0MSHare,Rabbit,non-playable record
0x670985~MistySkye.esp,MistySkye.esp,00MistySkyeSkinNaked3,,non-playable record
0x6B2920~MistySkye.esp,MistySkye.esp,0MistySkyeNoTopBandit,Misty lost her top fighting a bandit,non-playable record
0x6B2921~MistySkye.esp,MistySkye.esp,0MistySkyeNoTopDragon,Misty lost her top fighting a dragon,non-playable record
0x6B2922~MistySkye.esp,MistySkye.esp,0MistySkyeNoTopDraugr,Misty lost her top fighting a draugr,non-playable record
0x6B2923~MistySkye.esp,MistySkye.esp,0MistySkyeNoTopVampire,Misty lost her top fighting a vampire,non-playable record
0x74FE3A~MistySkye.esp,MistySkye.esp,0MistySkyeNoHat,,non-playable record
0x77D763~MistySkye.esp,MistySkye.esp,0MSTBElderScrollHandAttachArmorTT,,missing display name
0xA56A9C~MistySkye.esp,MistySkye.esp,0MSUnicornSkin1,,non-playable record
0xA60CC1~MistySkye.esp,MistySkye.esp,0MSUnicornSkin2,,non-playable record
0x100800~MoreNastyCritters.esp,MoreNastyCritters.esp,SkinDeadDragonHard,,missing display name
0x100801~MoreNastyCritters.esp,MoreNastyCritters.esp,SkinCommonDragonHard,,missing display name
0x100802~MoreNastyCritters.esp,MoreNastyCritters.esp,SkinBloodDragonHard,,missing display name
0x100803~MoreNastyCritters.esp,MoreNastyCritters.esp,SkinFrostDragonHard,,missing display name
0x100804~MoreNastyCritters.esp,MoreNastyCritters.esp,SkinElderDragonHard,,missing display name
0x100805~MoreNastyCritters.esp,MoreNastyCritters.esp,SkinAncientDragonHard,,missing display name
0x100806~MoreNastyCritters.esp,MoreNastyCritters.esp,SkinOdahviingHard,,missing display name
0x100807~MoreNastyCritters.esp,MoreNastyCritters.esp,SkinPaarthurnaxHard,,missing display name
0x100808~MoreNastyCritters.esp,MoreNastyCritters.esp,SkinAlduinHard,,missing display name
0x100809~MoreNastyCritters.esp,MoreNastyCritters.esp,SkinReveredDragonHard,,missing display name
0x10080A~MoreNastyCritters.esp,MoreNastyCritters.esp,SkinLegendaryDragonHard,,missing display name
0x10080B~MoreNastyCritters.esp,MoreNastyCritters.esp,SkinDurnehviirHard,,missing display name
0x10080C~MoreNastyCritters.esp,MoreNastyCritters.esp,SkinSerpentineDragonHard,,missing display name
0x10089A~MoreNastyCritters.esp,MoreNastyCritters.esp,skinPaarthurnaxFemaleAroused,,missing display name
0x10089B~MoreNastyCritters.esp,MoreNastyCritters.esp,skinOdahviingFemaleAroused,,missing display name
0x102867~MoreNastyCritters.esp,MoreNastyCritters.esp,skinAlduinHerm,,missing display name
0x102868~MoreNastyCritters.esp,MoreNastyCritters.esp,skinPaarthurnaxHerm,,missing display name
0x10286B~MoreNastyCritters.esp,MoreNastyCritters.esp,skinOdahviingHerm,,missing display name
0x102884~MoreNastyCritters.esp,MoreNastyCritters.esp,SkinDurnehviirFemale,,missing display name
0x102886~MoreNastyCritters.esp,MoreNastyCritters.esp,skinDurnehviirHerm,,missing display name
0x105AC0~MoreNastyCritters.esp,MoreNastyCritters.esp,SkinWerewolfAddonDogBlackHard,,missing display name
0x105AC2~MoreNastyCritters.esp,MoreNastyCritters.esp,SkinWerewolfAddonDogRedHard,,missing display name
0x105AC3~MoreNastyCritters.esp,MoreNastyCritters.esp,SkinWerewolfAddonHorseBlack,,missing display name
0x105AC4~MoreNastyCritters.esp,MoreNastyCritters.esp,SkinWerewolfAddonHorseBlackHard,,missing display name
0x105AC5~MoreNastyCritters.esp,MoreNastyCritters.esp,SkinWerewolfAddonHorseRed,,missing display name
0x105AC6~MoreNastyCritters.esp,MoreNastyCritters.esp,SkinWerewolfAddonHorseRedHard,,missing display name
0x105AD0~MoreNastyCritters.esp,MoreNastyCritters.esp,SkinWerewolfAddonLegacy,,missing display name
0x105AD1~MoreNastyCritters.esp,MoreNastyCritters.esp,SkinWerewolfAddonLegacyHard,,missing display name
0x105AD3~MoreNastyCritters.esp,MoreNastyCritters.esp,SkinWereHermAddonDog,,missing display name
0x105ADC~MoreNastyCritters.esp,MoreNastyCritters.esp,SkinWereHermAddonDogBlackHard,,missing display name
0x105ADE~MoreNastyCritters.esp,MoreNastyCritters.esp,SkinWereHermAddonDogRedHard,,missing display name
0x105ADF~MoreNastyCritters.esp,MoreNastyCritters.esp,SkinWereHermAddonHorseBlack,,missing display name
0x105AE0~MoreNastyCritters.esp,MoreNastyCritters.esp,SkinWereHermAddonHorseBlackHard,,missing display name
0x105AE1~MoreNastyCritters.esp,MoreNastyCritters.esp,SkinWereHermAddonHorseRed,,missing display name
0x105AE2~MoreNastyCritters.esp,MoreNastyCritters.esp,SkinWereHermAddonHorseRedHard,,missing display name
0x105AF8~MoreNastyCritters.esp,MoreNastyCritters.esp,SkinWereHermAddonLegacy,,missing display name
0x105AF9~MoreNastyCritters.esp,MoreNastyCritters.esp,SkinWereHermAddonLegacyHard,,missing display name
0x1069E1~MoreNastyCritters.esp,MoreNastyCritters.esp,SkinAddonDragDogBlack,,missing display name
0x1069E2~MoreNastyCritters.esp,MoreNastyCritters.esp,SkinAddonDragDogPurple,,missing display name
0x1069E3~MoreNastyCritters.esp,MoreNastyCritters.esp,SkinAddonDragDogRed,,missing display name
0x1069E4~MoreNastyCritters.esp,MoreNastyCritters.esp,SkinAddonDragHorseBlack,,missing display name
0x1069E5~MoreNastyCritters.esp,MoreNastyCritters.esp,SkinAddonDragHorsePurple,,missing display name
0x1069E6~MoreNastyCritters.esp,MoreNastyCritters.esp,SkinAddonDragHorseRed,,missing display name
0x1069E7~MoreNastyCritters.esp,MoreNastyCritters.esp,SkinAddonDragonBlack,,missing display name
0x1069E8~MoreNastyCritters.esp,MoreNastyCritters.esp,SkinAddonDragonPurple,,missing display name
0x1069E9~MoreNastyCritters.esp,MoreNastyCritters.esp,SkinAddonDragonRed,,missing display name
0x11436~MoreNastyCritters.esp,MoreNastyCritters.esp,LurkerMaleHard,,non-playable record
0x11D78~MoreNastyCritters.esp,MoreNastyCritters.esp,DLC1SkinDeerGlowHard,,non-playable record
0x11D7B~MoreNastyCritters.esp,MoreNastyCritters.esp,DLC1SkinFalmerFemaleNude,,non-playable record
0x11D7C~MoreNastyCritters.esp,MoreNastyCritters.esp,DLC1SkinFalmerFemale01Nude,,non-playable record
0x11D7D~MoreNastyCritters.esp,MoreNastyCritters.esp,DLC1SoulCairnSkinSkeletonArmorHard,,non-playable record
0x11D7F~MoreNastyCritters.esp,MoreNastyCritters.esp,DLC1SoulCairnSkinSkeletonNecroHard,,non-playable record
0x11D81~MoreNastyCritters.esp,MoreNastyCritters.esp,DLC1SoulCairnSkinSkeletonNecro02hard,,non-playable record
0x11D83~MoreNastyCritters.esp,MoreNastyCritters.esp,SkinSkeletonArmorHard,,non-playable record
0x11D85~MoreNastyCritters.esp,MoreNastyCritters.esp,SkinSkeletonArmor1hard,,non-playable record
0x11D86~MoreNastyCritters.esp,MoreNastyCritters.esp,SkinSkeletonArmor2hard,,non-playable record
0x11D87~MoreNastyCritters.esp,MoreNastyCritters.esp,SkinSkeletonArmor3hard,,non-playable record
0x11D88~MoreNastyCritters.esp,MoreNastyCritters.esp,SkinSkeletonArmor4hard,,non-playable record
0x11D91~MoreNastyCritters.esp,MoreNastyCritters.esp,SkinHorseBONEHard,,non-playable record
0x11D93~MoreNastyCritters.esp,MoreNastyCritters.esp,DLC1SkinChaurusFrozenHard,,non-playable record
0x11D95~MoreNastyCritters.esp,MoreNastyCritters.esp,DLC1EncSoulCairnBonemanSkinHARD,,non-playable record
0x11D97~MoreNastyCritters.esp,MoreNastyCritters.esp,DLC1SkinVampireFalmerFeralWingsHard,,non-playable record
0x11D98~MoreNastyCritters.esp,MoreNastyCritters.esp,DLC1SkinVampireFalmerFeralHard,,non-playable record
0x11D9B~MoreNastyCritters.esp,MoreNastyCritters.esp,SkinChaurusFlyerHard,,non-playable record
0x11D9C~MoreNastyCritters.esp,MoreNastyCritters.esp,SkinChaurusFlyer2Hard,,non-playable record
0x11D9F~MoreNastyCritters.esp,MoreNastyCritters.esp,SkinAncientAtronachFrostHard,,non-playable record
0x11DA1~MoreNastyCritters.esp,MoreNastyCritters.esp,DLC1SkinFalmer07Hard,,non-playable record
0x12CC~MoreNastyCritters.esp,MoreNastyCritters.esp,BlackTrollHard,,non-playable record
0x12CD~MoreNastyCritters.esp,MoreNastyCritters.esp,DraugrMaleHard,,non-playable record
0x12CF~MoreNastyCritters.esp,MoreNastyCritters.esp,TrollHard,,non-playable record
0x12D0~MoreNastyCritters.esp,MoreNastyCritters.esp,UderfrykteHard,,non-playable record
0x14302~MoreNastyCritters.esp,MoreNastyCritters.esp,WerebearMaleHard,,non-playable record
0x14507~MoreNastyCritters.esp,MoreNastyCritters.esp,DLC1TrollFrostArmoredHard,,non-playable record
0x1A096~MoreNastyCritters.esp,MoreNastyCritters.esp,AshmanMaleHard,,non-playable record
0x1B1959~MoreNastyCritters.esp,MoreNastyCritters.esp,skinAlduinFemale,,missing display name
0x1B9C2D~MoreNastyCritters.esp,MoreNastyCritters.esp,skinPaarthurnaxFemale,,missing display name
0x1C2DC~MoreNastyCritters.esp,MoreNastyCritters.esp,LurkerMaleHardAlt,LurkerWithPiercing,non-playable record
0x1C2DE~MoreNastyCritters.esp,MoreNastyCritters.esp,DLC2SkinHulkingDraugrhard,,non-playable record
0x1C2E1~MoreNastyCritters.esp,MoreNastyCritters.esp,SkinDragonPriestAcolyteHard,,non-playable record
0x1C2E2~MoreNastyCritters.esp,MoreNastyCritters.esp,SkinDragonPriestAcolyte2Hard,,non-playable record
0x1C2E3~MoreNastyCritters.esp,MoreNastyCritters.esp,SkinDragonPriestAcolyte3Hard,,non-playable record
0x1C2E8~MoreNastyCritters.esp,MoreNastyCritters.esp,SkinDwarvenBallistaCenturionHard,,non-playable record
0x1EBC0B~MoreNastyCritters.esp,MoreNastyCritters.esp,skinOdahviingFemale,,missing display name
0x2300~MoreNastyCritters.esp,MoreNastyCritters.esp,DraugrMale01Hard,,non-playable record
0x2301~MoreNastyCritters.esp,MoreNastyCritters.esp,DraugrMale02Hard,,non-playable record
0x2302~MoreNastyCritters.esp,MoreNastyCritters.esp,DraugrMale03Hard,,non-playable record
0x2303~MoreNastyCritters.esp,MoreNastyCritters.esp,DraugrMale04Hard,,non-playable record
0x2304~MoreNastyCritters.esp,MoreNastyCritters.esp,DraugrMale05Hard,,non-playable record
0x2305~MoreNastyCritters.esp,MoreNastyCritters.esp,DraugrMale06Hard,,non-playable record
0x2306~MoreNastyCritters.esp,MoreNastyCritters.esp,DraugrMale07Hard,,non-playable record
0x230D~MoreNastyCritters.esp,MoreNastyCritters.esp,FalmerMale01Hard,,non-playable record
0x230DF~MoreNastyCritters.esp,MoreNastyCritters.esp,SkinFrostbiteSpiderHard,,non-playable record
0x230E~MoreNastyCritters.esp,MoreNastyCritters.esp,FalmerMale02Hard,,non-playable record
0x230E0~MoreNastyCritters.esp,MoreNastyCritters.esp,SkinFrostbiteSpiderColdHard,,non-playable record
0x230E5~MoreNastyCritters.esp,MoreNastyCritters.esp,SkinChaurusHard,,non-playable record
0x230EC~MoreNastyCritters.esp,MoreNastyCritters.esp,SkinHorseHard,,non-playable record
0x230ED~MoreNastyCritters.esp,MoreNastyCritters.esp,SkinHorseBlackHideHard,,non-playable record
0x230EE~MoreNastyCritters.esp,MoreNastyCritters.esp,SkinHorseBlacknWhiteHideHard,,non-playable record
0x230EF~MoreNastyCritters.esp,MoreNastyCritters.esp,SkinHorseGreyHideHard,,non-playable record
0x230F~MoreNastyCritters.esp,MoreNastyCritters.esp,FalmerMale03Hard,,non-playable record
0x230F0~MoreNastyCritters.esp,MoreNastyCritters.esp,SkinHorsePalominoHideHard,,non-playable record
0x230F1~MoreNastyCritters.esp,MoreNastyCritters.esp,SkinHorseShadowmereHard,,non-playable record
0x2310~MoreNastyCritters.esp,MoreNastyCritters.esp,FalmerMale04Hard,,non-playable record
0x2311~MoreNastyCritters.esp,MoreNastyCritters.esp,FalmerMale05Hard,,non-playable record
0x2312~MoreNastyCritters.esp,MoreNastyCritters.esp,FalmerMale06Hard,,non-playable record
0x23BB9~MoreNastyCritters.esp,MoreNastyCritters.esp,MG07NakedDogHard,,non-playable record
0x24684~MoreNastyCritters.esp,MoreNastyCritters.esp,ClassicDragonPenisCommon,,missing display name
0x266D5~MoreNastyCritters.esp,MoreNastyCritters.esp,SkinFoxHard,,non-playable record
0x266D6~MoreNastyCritters.esp,MoreNastyCritters.esp,SkinFoxArcticHard,,non-playable record
0x2719D~MoreNastyCritters.esp,MoreNastyCritters.esp,SkinSkeeverHard,,non-playable record
0x2719E~MoreNastyCritters.esp,MoreNastyCritters.esp,SkinSkeeverWhiteHard,,non-playable record
0x27703~MoreNastyCritters.esp,MoreNastyCritters.esp,SkinSkeeverHardAlt,,non-playable record
0x27704~MoreNastyCritters.esp,MoreNastyCritters.esp,SkinSkeeverWhiteHardAlt,,non-playable record
0x27C73~MoreNastyCritters.esp,MoreNastyCritters.esp,SkinGoatHard,,non-playable record
0x27C74~MoreNastyCritters.esp,MoreNastyCritters.esp,SkinGoatDomesticHard,,non-playable record
0x281D9~MoreNastyCritters.esp,MoreNastyCritters.esp,SkinHorkerHard,,non-playable record
0x2873D~MoreNastyCritters.esp,MoreNastyCritters.esp,SkinHagravenNude,,non-playable record
0x28CA1~MoreNastyCritters.esp,MoreNastyCritters.esp,SkinDwarvenSteamCenturionHard,,non-playable record
0x29204~MoreNastyCritters.esp,MoreNastyCritters.esp,SkinDragonPriestHard,,non-playable record
0x29208~MoreNastyCritters.esp,MoreNastyCritters.esp,SkinReinDeerHard,,non-playable record
0x29209~MoreNastyCritters.esp,MoreNastyCritters.esp,SkinDeerhard,,non-playable record
0x2920B~MoreNastyCritters.esp,MoreNastyCritters.esp,SkinGiantHard,,non-playable record
0x2920C~MoreNastyCritters.esp,MoreNastyCritters.esp,SkinGiant01Hard,,non-playable record
0x2920D~MoreNastyCritters.esp,MoreNastyCritters.esp,SkinGiant02Hard,,non-playable record
0x29211~MoreNastyCritters.esp,MoreNastyCritters.esp,SkinMammothWildHard,,non-playable record
0x29212~MoreNastyCritters.esp,MoreNastyCritters.esp,SkinMammothBrandedHard,,non-playable record
0x29215~MoreNastyCritters.esp,MoreNastyCritters.esp,SkinSkeletonhard,,non-playable record
0x29217~MoreNastyCritters.esp,MoreNastyCritters.esp,dunLabrynthianDraugrArmorFXnude,,non-playable record
0x29219~MoreNastyCritters.esp,MoreNastyCritters.esp,SkinSkeletonNecrohard,,non-playable record
0x2921A~MoreNastyCritters.esp,MoreNastyCritters.esp,SkinSkeletonNecroImperialHard,,non-playable record
0x2921B~MoreNastyCritters.esp,MoreNastyCritters.esp,SkinSkeletonNecroStormCloakHard,,non-playable record
0x2921F~MoreNastyCritters.esp,MoreNastyCritters.esp,SkinSkeletonNecroPriestHard,,non-playable record
0x29221~MoreNastyCritters.esp,MoreNastyCritters.esp,SkinWhiteStagHard,,non-playable record
0x29225~MoreNastyCritters.esp,MoreNastyCritters.esp,SkinDwarvenSpiderCenturionHard,,non-playable record
0x29226~MoreNastyCritters.esp,MoreNastyCritters.esp,SkinDwarvenSpiderCenturionNOEYEHard,,non-playable record
0x29227~MoreNastyCritters.esp,MoreNastyCritters.esp,SkinAtronachFrostHard,,non-playable record
0x2922A~MoreNastyCritters.esp,MoreNastyCritters.esp,SkinHareHard,,non-playable record
0x2922C~MoreNastyCritters.esp,MoreNastyCritters.esp,SkinDwarvenSphereCenturionHard,,non-playable record
0x29232~MoreNastyCritters.esp,MoreNastyCritters.esp,WolfHard,,non-playable record
0x29233~MoreNastyCritters.esp,MoreNastyCritters.esp,WolfBlackHard,,non-playable record
0x29234~MoreNastyCritters.esp,MoreNastyCritters.esp,WolfSummonHard,,non-playable record
0x29797~MoreNastyCritters.esp,MoreNastyCritters.esp,SkinHareHardLegacy,Rscaled Rabbit,non-playable record
0x297A1~MoreNastyCritters.esp,MoreNastyCritters.esp,SkinHareLegacy,Rscaled Rabbit,non-playable record
0x4AB0~MoreNastyCritters.esp,MoreNastyCritters.esp,BearBrownHard,,non-playable record
0x4AB1~MoreNastyCritters.esp,MoreNastyCritters.esp,BearBlackHard,,non-playable record
0x4AB2~MoreNastyCritters.esp,MoreNastyCritters.esp,BearSnowHard,,non-playable record
0x4AB6~MoreNastyCritters.esp,MoreNastyCritters.esp,SabrecatSnowyHard,,non-playable record
0x4AB7~MoreNastyCritters.esp,MoreNastyCritters.esp,SabrecatHard,,non-playable record
0x5742~MoreNastyCritters.esp,MoreNastyCritters.esp,DLC1SabrecatHard,,non-playable record
0x5743~MoreNastyCritters.esp,MoreNastyCritters.esp,VampireLordHard,,non-playable record
0x5746~MoreNastyCritters.esp,MoreNastyCritters.esp,GargoyleHard,,non-playable record
0x5747~MoreNastyCritters.esp,MoreNastyCritters.esp,GargoyleAlbinoHard,,non-playable record
0x5748~MoreNastyCritters.esp,MoreNastyCritters.esp,GargoyleVariantGreenHard,,non-playable record
0x5749~MoreNastyCritters.esp,MoreNastyCritters.esp,GargoyleVariantBossHard,,non-playable record
0x574A~MoreNastyCritters.esp,MoreNastyCritters.esp,DeathHoundHard,,non-playable record
0x574C~MoreNastyCritters.esp,MoreNastyCritters.esp,HuskyBareHard,,non-playable record
0x574D~MoreNastyCritters.esp,MoreNastyCritters.esp,HuskyArmoredHard,,non-playable record
0x5901~MoreNastyCritters.esp,MoreNastyCritters.esp,SkinRiekling01Hard,,non-playable record
0x5902~MoreNastyCritters.esp,MoreNastyCritters.esp,SkinRiekling01MeleeHard,,non-playable record
0x5903~MoreNastyCritters.esp,MoreNastyCritters.esp,SkinRiekling02MeleeHard,,non-playable record
0x5904~MoreNastyCritters.esp,MoreNastyCritters.esp,SkinRiekling03MeleeHard,,non-playable record
0x5905~MoreNastyCritters.esp,MoreNastyCritters.esp,SkinRieklingChiefHard,,non-playable record
0x5906~MoreNastyCritters.esp,MoreNastyCritters.esp,SkinThriskRiekling01Hard,,non-playable record
0x5907~MoreNastyCritters.esp,MoreNastyCritters.esp,SkinThriskRiekling02Hard,,non-playable record
0x5908~MoreNastyCritters.esp,MoreNastyCritters.esp,SkinThriskRiekling03Hard,,non-playable record
0x800~MoreNastyCritters.esp,MoreNastyCritters.esp,SkinWitchlightHard,,non-playable record
0x802~MoreNastyCritters.esp,MoreNastyCritters.esp,DLC1SkinSoulCairnSoulWispHard,,non-playable record
0x805~MoreNastyCritters.esp,MoreNastyCritters.esp,SkinWerewolfHermBody,,missing display name
0x806~MoreNastyCritters.esp,MoreNastyCritters.esp,SkinWerewolfAddonDog,,missing display name
0x807~MoreNastyCritters.esp,MoreNastyCritters.esp,BearBlackHardLegacy,,non-playable record
0x808~MoreNastyCritters.esp,MoreNastyCritters.esp,BearBrownHardLegacy,,non-playable record
0x809~MoreNastyCritters.esp,MoreNastyCritters.esp,BearSnowHardLegacy,,non-playable record
0x80A~MoreNastyCritters.esp,MoreNastyCritters.esp,BearBlackSoft,,non-playable record
0x80B~MoreNastyCritters.esp,MoreNastyCritters.esp,BearBrownSoft,,non-playable record
0x80C~MoreNastyCritters.esp,MoreNastyCritters.esp,BearSnowSoft,,non-playable record
0x80D~MoreNastyCritters.esp,MoreNastyCritters.esp,BearBlackSoftLegacy,,non-playable record
0x80E~MoreNastyCritters.esp,MoreNastyCritters.esp,BearBrownSoftLegacy,,non-playable record
0x80F~MoreNastyCritters.esp,MoreNastyCritters.esp,BearSnowSoftLegacy,,non-playable record
0x81C~MoreNastyCritters.esp,MoreNastyCritters.esp,ClassicDragonPenisAlduin,,missing display name
0x81D~MoreNastyCritters.esp,MoreNastyCritters.esp,ClassicDragonPenisAncient,,missing display name
0x81E~MoreNastyCritters.esp,MoreNastyCritters.esp,ClassicDragonPenisBlood,,missing display name
0x81F~MoreNastyCritters.esp,MoreNastyCritters.esp,ClassicDragonPenisSerpentine,,missing display name
0x820~MoreNastyCritters.esp,MoreNastyCritters.esp,ClassicDragonPenisDurnehviir,,missing display name
0x821~MoreNastyCritters.esp,MoreNastyCritters.esp,ClassicDragonPenisElder,,missing display name
0x822~MoreNastyCritters.esp,MoreNastyCritters.esp,ClassicDragonPenisFrost,,missing display name
0x823~MoreNastyCritters.esp,MoreNastyCritters.esp,ClassicDragonPenisLegendary,,missing display name
0x824~MoreNastyCritters.esp,MoreNastyCritters.esp,ClassicDragonPenisOdahviing,,missing display name
0x825~MoreNastyCritters.esp,MoreNastyCritters.esp,ClassicDragonPenisPaarthurnax,,missing display name
0x826~MoreNastyCritters.esp,MoreNastyCritters.esp,ClassicDragonPenisRevered,,missing display name
0x828~MoreNastyCritters.esp,MoreNastyCritters.esp,ClassicDragonPenisSkeletal,,missing display name
0x82B~MoreNastyCritters.esp,MoreNastyCritters.esp,DLC1SkinFrostGiantHard,,non-playable record
0x82C~MoreNastyCritters.esp,MoreNastyCritters.esp,DLC2FrostGiantSkinHard,,non-playable record
0x82F~MoreNastyCritters.esp,MoreNastyCritters.esp,ClassicDragonPenisAll,,missing display name
0x831~MoreNastyCritters.esp,MoreNastyCritters.esp,DLC2ScribSkinHard,,non-playable record
0x834~MoreNastyCritters.esp,MoreNastyCritters.esp,SkinAtronachStormHard,,non-playable record
0x835~MoreNastyCritters.esp,MoreNastyCritters.esp,DLC2SkinAshGuardianHard,,non-playable record
0x836~MoreNastyCritters.esp,MoreNastyCritters.esp,SkinGlenmorilWitchNude,,non-playable record
0x83A~MoreNastyCritters.esp,MoreNastyCritters.esp,DLC1SkinVampireFalmerHard,,non-playable record
0x83B~MoreNastyCritters.esp,MoreNastyCritters.esp,DLC1SkinVampireFalmerWingsHard,,non-playable record
0x83C~MoreNastyCritters.esp,MoreNastyCritters.esp,SkinWispNude,,missing display name
0x83D~MoreNastyCritters.esp,MoreNastyCritters.esp,SkinWispShadeNude,,missing display name
0xA693~MoreNastyCritters.esp,MoreNastyCritters.esp,DLC1TrollArmoredHard,,non-playable record
0xAAA8~MoreNastyCritters.esp,MoreNastyCritters.esp,SkinHorseBlackHideSoft,,non-playable record
0xAAA9~MoreNastyCritters.esp,MoreNastyCritters.esp,SkinHorseBlacknWhiteHideSoft,,non-playable record
0xAAAA~MoreNastyCritters.esp,MoreNastyCritters.esp,SkinHorseGreyHideSoft,,non-playable record
0xAAAB~MoreNastyCritters.esp,MoreNastyCritters.esp,SkinHorseSoft,,non-playable record
0xAAAC~MoreNastyCritters.esp,MoreNastyCritters.esp,SkinHorsePalominoHideSoft,,non-playable record
0xAAAD~MoreNastyCritters.esp,MoreNastyCritters.esp,SkinHorseShadowmereSoft,,non-playable record
0xABFC~MoreNastyCritters.esp,MoreNastyCritters.esp,SkinWolfFireHard,,missing display name
0xAC00~MoreNastyCritters.esp,MoreNastyCritters.esp,SkinDwarvenSteamCenturionLegacy,,non-playable record
0xAC02~MoreNastyCritters.esp,MoreNastyCritters.esp,DLC1LD_ForgemasterSkinLegacy,,missing display name
0xBA01~MoreNastyCritters.esp,MoreNastyCritters.esp,DLC2_SkinMountedRieklingHard,,non-playable record
0xBA02~MoreNastyCritters.esp,MoreNastyCritters.esp,DLC2_SkinBoarHard,,non-playable record
0xBA07~MoreNastyCritters.esp,MoreNastyCritters.esp,DLC2_SkinMountedRiekling_VariantGHard,,non-playable record
0xBA0A~MoreNastyCritters.esp,MoreNastyCritters.esp,DLC2_SkinMountedRiekling_VariantAHard,,non-playable record
0xBA0B~MoreNastyCritters.esp,MoreNastyCritters.esp,DLC2_SkinMountedRiekling_VariantBHard,,non-playable record
0xBA0C~MoreNastyCritters.esp,MoreNastyCritters.esp,DLC2_SkinMountedRiekling_VariantCHard,,non-playable record
0xBA0D~MoreNastyCritters.esp,MoreNastyCritters.esp,DLC2_SkinMountedRiekling_VariantDHard,,non-playable record
0xBA0E~MoreNastyCritters.esp,MoreNastyCritters.esp,DLC2_SkinMountedRiekling_VariantEHard,,non-playable record
0xBA0F~MoreNastyCritters.esp,MoreNastyCritters.esp,DLC2_SkinMountedRiekling_VariantFHard,,non-playable record
0xC196~MoreNastyCritters.esp,MoreNastyCritters.esp,DogHard,,non-playable record
0xD63~MoreNastyCritters.esp,MoreNastyCritters.esp,FalmerMaleHard,,non-playable record
0xF5DC~MoreNastyCritters.esp,MoreNastyCritters.esp,DLC1LD_ForgemasterSkinHard,,missing display name
0xBAE~MorihausRefuge.esp,MorihausRefuge.esp,JEL_SkinMinotaur01Modest,,non-playable record
0xBAF~MorihausRefuge.esp,MorihausRefuge.esp,JEL_SkinMinotaurLordLM,,non-playable record
0x802~Mysteries of the Dwemer - Quest Mod.esp,Mysteries of the Dwemer - Quest Mod.esp,MDArmorDwarvenBoots,Dwarven Boots,non-playable record
0x803~Mysteries of the Dwemer - Quest Mod.esp,Mysteries of the Dwemer - Quest Mod.esp,MDArmorDwarvenCuirass,Dwarven Armor,non-playable record
0x803~MysteriumXarxes.esp,MysteriumXarxes.esp,MAG_SkinAyleidLich01,,non-playable record
0x810~MysteriumXarxes.esp,MysteriumXarxes.esp,MAG_ArmorAyleidElvenShield,Ayleid Shield,non-playable record
0x4E8266~MysticismMagic.esp,MysticismMagic.esp,MAG_ArmorDremoraShield,Daedric Shield,non-playable record
0x4E8275~MysticismMagic.esp,MysticismMagic.esp,MAG_SkinNakedDremoraSummon,,missing display name
0xDBF7D7~MysticismMagic.esp,MysticismMagic.esp,MAG_BoundArmorShield,Bound Shield,non-playable record
0xDC48D8~MysticismMagic.esp,MysticismMagic.esp,MAG_BoundArmorShieldMystic,Bound Shield,non-playable record
0xAA06~Mythos.esp,Mythos.esp,Myt_BacchusRobes,Brown Robes,non-playable record
0x144100~NightmarePlane.esp,NightmarePlane.esp,aaaMBArmorStormcloakBoots,Fur Boots,non-playable record
0x144101~NightmarePlane.esp,NightmarePlane.esp,aaaMBArmorGuardShieldRiften,Riften Guard's Shield,non-playable record
0x144102~NightmarePlane.esp,NightmarePlane.esp,aaaMBArmorGuardHelmetFullRift,Riften Guard's Helmet,non-playable record
0x144103~NightmarePlane.esp,NightmarePlane.esp,aaaMBArmorGuardCuirassRiften,Riften Guard's Armor,non-playable record
0x15D725~NightmarePlane.esp,NightmarePlane.esp,aaaMBHelmetLotus,LotusHelm,non-playable record
0x15D727~NightmarePlane.esp,NightmarePlane.esp,aaaMBLotusRobes,Black Robes,non-playable record
0x15D728~NightmarePlane.esp,NightmarePlane.esp,aaaMBLotusBoots,Boots,non-playable record
0xD63~NocturnalReplacer.esp,NocturnalReplacer.esp,ClothesNocturnal_NEW,Nocturnal's Clothes,non-playable record
0xD6B~NocturnalReplacer.esp,NocturnalReplacer.esp,SkinNaked_Nocturnal,,missing display name
0x21C88C~nwsFollowerFramework.esp,nwsFollowerFramework.esp,nwsFF_specialArmor,Naked,non-playable record
0x4C0E11~nwsFollowerFramework.esp,nwsFollowerFramework.esp,nwsFF_hoodieBlocker,Naked,non-playable record
0x749A3~Ordinator - Perks of Skyrim.esp,Ordinator - Perks of Skyrim.esp,ORD_Con_BoneCollector_Armor_WarlockHood_MageFire,Skeleton's Hood of Fire,non-playable record
0x749A4~Ordinator - Perks of Skyrim.esp,Ordinator - Perks of Skyrim.esp,ORD_Con_BoneCollector_Armor_WarlockHood_MageFrost,Skeleton's Hood of Frost,non-playable record
0x749A5~Ordinator - Perks of Skyrim.esp,Ordinator - Perks of Skyrim.esp,ORD_Con_BoneCollector_Armor_WarlockHood_MageShock,Skeleton's Hood of Shock,non-playable record
0x749A6~Ordinator - Perks of Skyrim.esp,Ordinator - Perks of Skyrim.esp,ORD_Con_BoneCollector_Armor_WarlockHood_MagePoison,Skeleton's Hood of Poison,non-playable record
0x76530~Ordinator - Perks of Skyrim.esp,Ordinator - Perks of Skyrim.esp,ORD_Con_BoneCollector_Armor_WarlockHood_MageTelekinesis,Skeleton's Hood of Stagger,non-playable record
0x76531~Ordinator - Perks of Skyrim.esp,Ordinator - Perks of Skyrim.esp,ORD_Con_BoneCollector_Armor_WarlockHood_MageSunder,Skeleton's Hood of Drain Armor,non-playable record
0x837F9~Ordinator - Perks of Skyrim.esp,Ordinator - Perks of Skyrim.esp,ORD_Ill_GhostOfTheTenthEye_Armor,,non-playable record
0x800~ORM-Arvak.esp,ORM-Arvak.esp,HorseSaddleImperialDUPLICATE001,,non-playable record
0x801~ORM-Arvak.esp,ORM-Arvak.esp,ORMHorseSaddleImperial,,non-playable record
0x249CE~PathOfSorcery.esp,PathOfSorcery.esp,IMP_SkeleWalkerSkin,,non-playable record
0x61633~PathOfSorcery.esp,PathOfSorcery.esp,IMP_SkeleGoliathSkin,,non-playable record
0xA5E~PathOfSorcery.esp,PathOfSorcery.esp,IMP_SkeleHorseSkin,,non-playable record
0xA5F~PathOfSorcery.esp,PathOfSorcery.esp,IMP_SkeleHorseSkin_fire,,non-playable record
0xA60~PathOfSorcery.esp,PathOfSorcery.esp,IMP_SkeleHorseSkin_frost,,non-playable record
0xA61~PathOfSorcery.esp,PathOfSorcery.esp,IMP_SkeleHorseSkin_shock,,non-playable record
0x9436~Penitus_Oculatus.esp,Penitus_Oculatus.esp,zzzPOBabetteClothes,,missing display name
0x81E~Perks from Questing.esp,Perks from Questing.esp,ALP_QP_RoyalGargoyleBruteSkin,,non-playable record
0x323573~Phenderix Elements.esp,Phenderix Elements.esp,ZZDummyItem,,missing display name
0x801~PraedysSkulls.esp,PraedysSkulls.esp,SkinPotemaSkeleton,,non-playable record
0x818~Racial Skin Variance - SPID.esp,Racial Skin Variance - SPID.esp,RSV_SkinNaked,,missing display name
0x84F~Racial Skin Variance - SPID.esp,Racial Skin Variance - SPID.esp,RSV_SkinNakedSnow,,missing display name
0x853~Racial Skin Variance - SPID.esp,Racial Skin Variance - SPID.esp,RSV_SkinNakedDremora,,missing display name
0x854~Racial Skin Variance - SPID.esp,Racial Skin Variance - SPID.esp,RSV_SkinNakedVampire,,missing display name
0x870~Racial Skin Variance - SPID.esp,Racial Skin Variance - SPID.esp,RSV_SkinNakedElder,,missing display name
0x874~Racial Skin Variance - SPID.esp,Racial Skin Variance - SPID.esp,RSV_SkinNakedWerebear,,missing display name
0xA44~Racial Skin Variance - SPID.esp,Racial Skin Variance - SPID.esp,RSV_SkinNakedPlayer,,missing display name
0xDDD~Racial Skin Variance - SPID.esp,Racial Skin Variance - SPID.esp,RSV_SkinNakedFantasy,,missing display name
0xDDE~Racial Skin Variance - SPID.esp,Racial Skin Variance - SPID.esp,RSV_SkinNakedAfflicted,,missing display name
0xDDF~Racial Skin Variance - SPID.esp,Racial Skin Variance - SPID.esp,RSV_SkinNakedVampireBeast,,missing display name
0xDE0~Racial Skin Variance - SPID.esp,Racial Skin Variance - SPID.esp,RSV_SkinNakedAsian,,missing display name
0x11AE98~Sacrosanct - Vampires of Skyrim.esp,Sacrosanct - Vampires of Skyrim.esp,SCS_Armor_Alva_Body,Alva's Custom Dawnguard Armor,non-playable record
0x11AE9D~Sacrosanct - Vampires of Skyrim.esp,Sacrosanct - Vampires of Skyrim.esp,SCS_Armor_Alva_Boots,Alva's Custom Dawnguard Boots,non-playable record
0x11AE9E~Sacrosanct - Vampires of Skyrim.esp,Sacrosanct - Vampires of Skyrim.esp,SCS_Armor_Alva_Gloves,Alva's Custom Dawnguard Gauntlets,non-playable record
0x11D640~Sacrosanct - Vampires of Skyrim.esp,Sacrosanct - Vampires of Skyrim.esp,SCS_Armor_Alva_Cloak,Alva's Custom Dawnguard Cloak,non-playable record
0x11FDDD~Sacrosanct - Vampires of Skyrim.esp,Sacrosanct - Vampires of Skyrim.esp,SCS_Armor_Alva_Hood,Alva's Custom Dawnguard Hood,non-playable record
0x803~Satisfactory Facial Piercings.esp,Satisfactory Facial Piercings.esp,PAHP-Septum-Ring-A,Septum Ring Piercing,missing armor addon/model links
0x807~Satisfactory Facial Piercings.esp,Satisfactory Facial Piercings.esp,PAHP-Septum-Barbell-A,Septum Barbell Piercing,missing armor addon/model links
0x809~Satisfactory Facial Piercings.esp,Satisfactory Facial Piercings.esp,PAHP-Septum-Spike-A,Septum Spike Piercing,missing armor addon/model links
0x80B~Satisfactory Facial Piercings.esp,Satisfactory Facial Piercings.esp,PAHP-Septum-Bead-A,Septum Captive Bead Piercing,missing armor addon/model links
0x80E~Satisfactory Facial Piercings.esp,Satisfactory Facial Piercings.esp,PAHP-Left-Brow-Barbell-A,Left Brow Barbell Piercing,missing armor addon/model links
0x83C~Satisfactory Facial Piercings.esp,Satisfactory Facial Piercings.esp,PAHP-Left-Butterfly-Barbell-A,Left Butterfly Barbell Piercing,missing armor addon/model links
0x840~Satisfactory Facial Piercings.esp,Satisfactory Facial Piercings.esp,PAHP-Cheek-Bead-A,Cheek Bead Piercings,missing armor addon/model links
0x843~Satisfactory Facial Piercings.esp,Satisfactory Facial Piercings.esp,PAHP-Left-Helix-Nail-A,Left Helix Nail Piercings,missing armor addon/model links
0x845~Satisfactory Facial Piercings.esp,Satisfactory Facial Piercings.esp,PAHP-Left-Industrial-Barbell-A,Left Industrial Barbell Piercing,missing armor addon/model links
0x847~Satisfactory Facial Piercings.esp,Satisfactory Facial Piercings.esp,PAHP-Left-Lobe-Nail-A,Left Lobe Nail Piercing,missing armor addon/model links
0x849~Satisfactory Facial Piercings.esp,Satisfactory Facial Piercings.esp,PAHP-Left-Monroe-Bead-A,Left Monroe Bead Piercing,missing armor addon/model links
0x84B~Satisfactory Facial Piercings.esp,Satisfactory Facial Piercings.esp,PAHP-Left-Nostril-Stud-A,Left Nostril Stud Piercing,missing armor addon/model links
0x84D~Satisfactory Facial Piercings.esp,Satisfactory Facial Piercings.esp,PAHP-Snakebite-Ring-A,Snakebite Ring Piercing,missing armor addon/model links
0x84F~Satisfactory Facial Piercings.esp,Satisfactory Facial Piercings.esp,PAHP-Left-Winry-A,Left Winry Piercings,missing armor addon/model links
0x85B~Satisfactory Facial Piercings.esp,Satisfactory Facial Piercings.esp,PAHP-Left-Industrial-Arrow-A,Left Industrial Arrow Piercing,missing armor addon/model links
0x85F~Satisfactory Facial Piercings.esp,Satisfactory Facial Piercings.esp,PAHP-Left-Helix-Bead-A,Left Helix Bead Piercings,missing armor addon/model links
0x861~Satisfactory Facial Piercings.esp,Satisfactory Facial Piercings.esp,PAHP-Left-Lobe-Stud-A,Left Lobe Stud Piercing,missing armor addon/model links
0x866~Satisfactory Facial Piercings.esp,Satisfactory Facial Piercings.esp,PAHP-Left-Nostril-Ring-A,Left Nostril Ring Piercing,missing armor addon/model links
0x868~Satisfactory Facial Piercings.esp,Satisfactory Facial Piercings.esp,PAHP-Left-Nostril-Nail-A,Left Nostril Nail Piercing,missing armor addon/model links
0x86A~Satisfactory Facial Piercings.esp,Satisfactory Facial Piercings.esp,PAHP-Labret-Bead-A,Labret Bead Piercing,missing armor addon/model links
0x86B~Satisfactory Facial Piercings.esp,Satisfactory Facial Piercings.esp,PAHP-Labret-Ring-A,Labret Ring Piercing,missing armor addon/model links
0x86D~Satisfactory Facial Piercings.esp,Satisfactory Facial Piercings.esp,PAHP-Snakebite-Bead-A,Snakebite Bead Piercing,missing armor addon/model links
0x874~Satisfactory Facial Piercings.esp,Satisfactory Facial Piercings.esp,PAHP-Lip-Bead-A,Lip Bead Piercing,missing armor addon/model links
0x875~Satisfactory Facial Piercings.esp,Satisfactory Facial Piercings.esp,PAHP-Medusa-Bead-A,Medusa Bead Piercing,missing armor addon/model links
0x878~Satisfactory Facial Piercings.esp,Satisfactory Facial Piercings.esp,PAHP-Lip-Stud-A,Lip Stud Piercing,missing armor addon/model links
0x892~Satisfactory Facial Piercings.esp,Satisfactory Facial Piercings.esp,PAHP-Right-Brow-Barbell-A,Right Brow Barbell Piercing,missing armor addon/model links
0x893~Satisfactory Facial Piercings.esp,Satisfactory Facial Piercings.esp,PAHP-Right-Butterfly-Barbell-A,Right Butterfly Barbell Piercing,missing armor addon/model links
0x894~Satisfactory Facial Piercings.esp,Satisfactory Facial Piercings.esp,PAHP-Right-Helix-Bead-A,Right Helix Bead Piercings,missing armor addon/model links
0x895~Satisfactory Facial Piercings.esp,Satisfactory Facial Piercings.esp,PAHP-Right-Helix-Nail-A,Right Helix Nail Piercings,missing armor addon/model links
0x896~Satisfactory Facial Piercings.esp,Satisfactory Facial Piercings.esp,PAHP-Right-Industrial-Arrow-A,Right Industrial Arrow Piercing,missing armor addon/model links
0x897~Satisfactory Facial Piercings.esp,Satisfactory Facial Piercings.esp,PAHP-Right-Industrial-Barbell-A,Right Industrial Barbell Piercing,missing armor addon/model links
0x898~Satisfactory Facial Piercings.esp,Satisfactory Facial Piercings.esp,PAHP-Right-Lobe-Nail-A,Right Lobe Nail Piercing,missing armor addon/model links
0x899~Satisfactory Facial Piercings.esp,Satisfactory Facial Piercings.esp,PAHP-Right-Lobe-Stud-A,Right Lobe Stud Piercing,missing armor addon/model links
0x89A~Satisfactory Facial Piercings.esp,Satisfactory Facial Piercings.esp,PAHP-Right-Monroe-Bead-A,Right Monroe Bead Piercing,missing armor addon/model links
0x89B~Satisfactory Facial Piercings.esp,Satisfactory Facial Piercings.esp,PAHP-Right-Nostril-Nail-A,Right Nostril Nail Piercing,missing armor addon/model links
0x89C~Satisfactory Facial Piercings.esp,Satisfactory Facial Piercings.esp,PAHP-Right-Nostril-Ring-A,Right Nostril Ring Piercing,missing armor addon/model links
0x89D~Satisfactory Facial Piercings.esp,Satisfactory Facial Piercings.esp,PAHP-Right-Nostril-Stud-A,Right Nostril Stud Piercing,missing armor addon/model links
0x89E~Satisfactory Facial Piercings.esp,Satisfactory Facial Piercings.esp,PAHP-Right-Winry-A,Right Winry Piercings,missing armor addon/model links
0x805~Serana Re-Imagined.esp,Serana Re-Imagined.esp,0SeranaSkinNaked,,missing display name
0x810~Serana Re-Imagined.esp,Serana Re-Imagined.esp,0SeranaDefaultSkinNaked,,missing display name
0x9D2~SGO4IF.esp,SGO4IF.esp,SGO4_VaginalCumLeak1,VaginalCumLeak1,non-playable record
0xA21~SGO4IF.esp,SGO4IF.esp,SGO4_VaginalCumLeak2,VaginalCumLeak2,non-playable record
0xA22~SGO4IF.esp,SGO4IF.esp,SGO4_VaginalCumLeak3,VaginalCumLeak3,non-playable record
0xA23~SGO4IF.esp,SGO4IF.esp,SGO4_VaginalCumLeak4,VaginalCumLeak4,non-playable record
0xA24~SGO4IF.esp,SGO4IF.esp,SGO4_VaginalCumLeak5,VaginalCumLeak5,non-playable record
0xA25~SGO4IF.esp,SGO4IF.esp,SGO4_VaginalCumLeak6,VaginalCumLeak6,non-playable record
0xA26~SGO4IF.esp,SGO4IF.esp,SGO4_VaginalCumLeak7,VaginalCumLeak7,non-playable record
0xA27~SGO4IF.esp,SGO4IF.esp,SGO4_VaginalCumLeak8,VaginalCumLeak8,non-playable record
0xA28~SGO4IF.esp,SGO4IF.esp,SGO4_VaginalCumLeak9,VaginalCumLeak9,non-playable record
0xA29~SGO4IF.esp,SGO4IF.esp,SGO4_VaginalCumLeak10,VaginalCumLeak10,non-playable record
0xA34~SGO4IF.esp,SGO4IF.esp,SGO4_VaginalCumLeak30,VaginalCumLeak30,non-playable record
0x801~Simple Hunting Overhaul.esp,Simple Hunting Overhaul.esp,_SkinnedWolf,Skinned Wolf,non-playable record
0x80E~Simple Hunting Overhaul.esp,Simple Hunting Overhaul.esp,_SkinnedBear,Skinned Bear,non-playable record
0x80F~Simple Hunting Overhaul.esp,Simple Hunting Overhaul.esp,_SkinnedCow,Skinned Cow,non-playable record
0x810~Simple Hunting Overhaul.esp,Simple Hunting Overhaul.esp,_SkinnedDeer,Skinned Deer,non-playable record
0x811~Simple Hunting Overhaul.esp,Simple Hunting Overhaul.esp,_SkinnedElk,Skinned Elk,non-playable record
0x812~Simple Hunting Overhaul.esp,Simple Hunting Overhaul.esp,_SkinnedFox,Skinned Fox,non-playable record
0x813~Simple Hunting Overhaul.esp,Simple Hunting Overhaul.esp,_SkinnedGoat,Skinned Goat,non-playable record
0x814~Simple Hunting Overhaul.esp,Simple Hunting Overhaul.esp,_SkinnedHorker,Skinned Horker,non-playable record
0x815~Simple Hunting Overhaul.esp,Simple Hunting Overhaul.esp,_SkinnedHorse,Skinned Horse,non-playable record
0x816~Simple Hunting Overhaul.esp,Simple Hunting Overhaul.esp,_SkinnedMammoth,Skinned Mammoth,non-playable record
0x817~Simple Hunting Overhaul.esp,Simple Hunting Overhaul.esp,_SkinnedRabbit,Skinned Rabbit,non-playable record
0x818~Simple Hunting Overhaul.esp,Simple Hunting Overhaul.esp,_SkinnedSabre,Skinned Sabre Cat,non-playable record
0x819~Simple Hunting Overhaul.esp,Simple Hunting Overhaul.esp,_SkinnedTroll,Skinned Troll,non-playable record
0x8E7~Simple Hunting Overhaul.esp,Simple Hunting Overhaul.esp,_SkinnedSkeever,Skinned Skeever,non-playable record
0xE8C~Simple Hunting Overhaul.esp,Simple Hunting Overhaul.esp,_SkinnedWerewolf,Skinned Werewolf,non-playable record
0x8C4~SimplestHorses.esp,SimplestHorses.esp,_NULL_Horseshoe,Horseshoe,non-playable record
0x83B~SkullofCorruptionRework.esp,SkullofCorruptionRework.esp,aaaRottenSkullNightmareDemonSkin,,missing display name
0x165ECA~Skyrim Extended Cut - Saints and Seducers.esp,Skyrim Extended Cut - Saints and Seducers.esp,EC_SS_ShamblesNakedLeft,,non-playable record
0x165ECB~Skyrim Extended Cut - Saints and Seducers.esp,Skyrim Extended Cut - Saints and Seducers.esp,EC_SS_ShamblesNakedSkinHeadless,,non-playable record
0x1726AE~Skyrim Extended Cut - Saints and Seducers.esp,Skyrim Extended Cut - Saints and Seducers.esp,EC_SS_ShamblesNakedSkin,,non-playable record
0x1726AF~Skyrim Extended Cut - Saints and Seducers.esp,Skyrim Extended Cut - Saints and Seducers.esp,EC_SS_ShamblesNakedSkinShield,Steel Shield,non-playable record
0x1726B1~Skyrim Extended Cut - Saints and Seducers.esp,Skyrim Extended Cut - Saints and Seducers.esp,EC_SS_ShamblesNakedRight,,non-playable record
0x1819D0~Skyrim Extended Cut - Saints and Seducers.esp,Skyrim Extended Cut - Saints and Seducers.esp,EC_SS_GrummiteKingRegalia,,non-playable record
0x190CD8~Skyrim Extended Cut - Saints and Seducers.esp,Skyrim Extended Cut - Saints and Seducers.esp,EC_SS_SkinGrummiteKing,,non-playable record
0x27CF2E~Skyrim Extended Cut - Saints and Seducers.esp,Skyrim Extended Cut - Saints and Seducers.esp,EC_SS_SkinAmberAtronach,,non-playable record
0x2E8A4~Skyrim Extended Cut - Saints and Seducers.esp,Skyrim Extended Cut - Saints and Seducers.esp,EC_SS_SkinKnightofOrder,,non-playable record
0x2F68C6~Skyrim Extended Cut - Saints and Seducers.esp,Skyrim Extended Cut - Saints and Seducers.esp,EC_SS_SkinGrummiteNaked01,,non-playable record
0x2F68C9~Skyrim Extended Cut - Saints and Seducers.esp,Skyrim Extended Cut - Saints and Seducers.esp,EC_SS_SkinGrummiteNaked02,,non-playable record
0x2F68CA~Skyrim Extended Cut - Saints and Seducers.esp,Skyrim Extended Cut - Saints and Seducers.esp,EC_SS_SkinGrummiteNaked03,,non-playable record
0x33BB7~Skyrim Extended Cut - Saints and Seducers.esp,Skyrim Extended Cut - Saints and Seducers.esp,EC_SS_SkinCorgi,,non-playable record
0x33BB8~Skyrim Extended Cut - Saints and Seducers.esp,Skyrim Extended Cut - Saints and Seducers.esp,EC_SS_SkinFireyCorgi,Fire Form,non-playable record
0x33BB9~Skyrim Extended Cut - Saints and Seducers.esp,Skyrim Extended Cut - Saints and Seducers.esp,EC_SS_SkinFrostyCorgi,Frost Form,non-playable record
0x33BBA~Skyrim Extended Cut - Saints and Seducers.esp,Skyrim Extended Cut - Saints and Seducers.esp,EC_SS_SkinShockingCorgi,Shock Form,non-playable record
0x48222~Skyrim Extended Cut - Saints and Seducers.esp,Skyrim Extended Cut - Saints and Seducers.esp,EC_SS_SkinESOHunger,,non-playable record
0x48223~Skyrim Extended Cut - Saints and Seducers.esp,Skyrim Extended Cut - Saints and Seducers.esp,EC_SS_SkinESOHungerBoss,,non-playable record
0x4B9E62~Skyrim Extended Cut - Saints and Seducers.esp,Skyrim Extended Cut - Saints and Seducers.esp,EC_SS_SkinElytraDementia,,non-playable record
0x4B9E63~Skyrim Extended Cut - Saints and Seducers.esp,Skyrim Extended Cut - Saints and Seducers.esp,EC_SS_SkinElytraMania,,non-playable record
0x524AC~Skyrim Extended Cut - Saints and Seducers.esp,Skyrim Extended Cut - Saints and Seducers.esp,EC_SS_SkinFleshAtronach01,,non-playable record
0x524AD~Skyrim Extended Cut - Saints and Seducers.esp,Skyrim Extended Cut - Saints and Seducers.esp,EC_SS_SkinFleshAtronach02,,non-playable record
0x524AE~Skyrim Extended Cut - Saints and Seducers.esp,Skyrim Extended Cut - Saints and Seducers.esp,EC_SS_SkinFleshAtronach03,,non-playable record
0x524C8~Skyrim Extended Cut - Saints and Seducers.esp,Skyrim Extended Cut - Saints and Seducers.esp,EC_SS_SkinScalonMania,,non-playable record
0x524C9~Skyrim Extended Cut - Saints and Seducers.esp,Skyrim Extended Cut - Saints and Seducers.esp,EC_SS_SkinScalonDementia,,non-playable record
0x57776F~Skyrim Extended Cut - Saints and Seducers.esp,Skyrim Extended Cut - Saints and Seducers.esp,EC_SS_PollywogSkin,,non-playable record
0x5A954E~Skyrim Extended Cut - Saints and Seducers.esp,Skyrim Extended Cut - Saints and Seducers.esp,EC_SS_ArmorMQ102SaintBootsUnplayable,Dark Saint Boots,non-playable record
0x5A954F~Skyrim Extended Cut - Saints and Seducers.esp,Skyrim Extended Cut - Saints and Seducers.esp,EC_SS_ArmorMQ102SaintCuirassUnplayable,Dark Saint Armor,non-playable record
0x5A9550~Skyrim Extended Cut - Saints and Seducers.esp,Skyrim Extended Cut - Saints and Seducers.esp,EC_SS_ArmorMQ102SaintGauntletsUnplayable,Dark Saint Gauntlets,non-playable record
0x5A9551~Skyrim Extended Cut - Saints and Seducers.esp,Skyrim Extended Cut - Saints and Seducers.esp,EC_SS_ArmorMQ102SaintHelmetUnplayable,Dark Saint Helmet,non-playable record
0x5A9552~Skyrim Extended Cut - Saints and Seducers.esp,Skyrim Extended Cut - Saints and Seducers.esp,EC_SS_ArmorMQ102SeducerBootsUnplayable,Golden Seducer Boots,non-playable record
0x5A9553~Skyrim Extended Cut - Saints and Seducers.esp,Skyrim Extended Cut - Saints and Seducers.esp,EC_SS_ArmorMQ102SeducerCuirassUnplayable,Golden Seducer Armor,non-playable record
0x5A9554~Skyrim Extended Cut - Saints and Seducers.esp,Skyrim Extended Cut - Saints and Seducers.esp,EC_SS_ArmorMQ102SeducerGauntletsUnplayable,Golden Seducer Gauntlets,non-playable record
0x5A9555~Skyrim Extended Cut - Saints and Seducers.esp,Skyrim Extended Cut - Saints and Seducers.esp,EC_SS_ArmorMQ102SeducerHelmetUnplayable,Golden Seducer Helmet,non-playable record
0x5A9556~Skyrim Extended Cut - Saints and Seducers.esp,Skyrim Extended Cut - Saints and Seducers.esp,EC_SS_ArmorMQ102SeducerShieldUnplayable,Golden Seducer Shield,non-playable record
0x5A959C~Skyrim Extended Cut - Saints and Seducers.esp,Skyrim Extended Cut - Saints and Seducers.esp,EC_SS_ArmorMadnessBootsUnplayable,Madness Boots,non-playable record
0x5A959D~Skyrim Extended Cut - Saints and Seducers.esp,Skyrim Extended Cut - Saints and Seducers.esp,EC_SS_ArmorMadnessGauntletsUnplayable,Madness Gauntlets,non-playable record
0x5AA19E~Skyrim Extended Cut - Saints and Seducers.esp,Skyrim Extended Cut - Saints and Seducers.esp,EC_SS_DaggermouthSkin,,non-playable record
0x9FCDB~Skyrim Extended Cut - Saints and Seducers.esp,Skyrim Extended Cut - Saints and Seducers.esp,EC_SS_GoldenApostleArmor,Golden Apostle Armor,non-playable record
0x9FCDE~Skyrim Extended Cut - Saints and Seducers.esp,Skyrim Extended Cut - Saints and Seducers.esp,EC_SS_DarkPriestArmor,Dark Priest Armor,non-playable record
0xB4550~Skyrim Extended Cut - Saints and Seducers.esp,Skyrim Extended Cut - Saints and Seducers.esp,EC_SS_SkinShroomBeetleDementia,Demented Shroom Beetle,non-playable record
0xB4551~Skyrim Extended Cut - Saints and Seducers.esp,Skyrim Extended Cut - Saints and Seducers.esp,EC_SS_SkinShroomBeetleMania,Manic Shroom Beetle,non-playable record
0x8B1~Skyrim On Skooma.esp,Skyrim On Skooma.esp,SOS_RabbitArmor,White Rabbit,non-playable record
0x8BA~Skyrim On Skooma.esp,Skyrim On Skooma.esp,SOS_MudcrabArmor,Mudcrab Armor Cook,non-playable record
0x8CE~Skyrim On Skooma.esp,Skyrim On Skooma.esp,SOS_NoHead,No Head,non-playable record
0x8D0~Skyrim On Skooma.esp,Skyrim On Skooma.esp,SOS_SkinHorker,Horker,non-playable record
0x8DA~Skyrim On Skooma.esp,Skyrim On Skooma.esp,SOS_HatandGlasses,Strange Hat,non-playable record
0x939~Skyrim On Skooma.esp,Skyrim On Skooma.esp,SOS_Can_DogSkin,Crimes Against Nature Cursed Skin,non-playable record
0x9A7~Skyrim On Skooma.esp,Skyrim On Skooma.esp,SOS_MammothArmor,Wild Giant Cheese,non-playable record
0x9B9~Skyrim On Skooma.esp,Skyrim On Skooma.esp,SOS_HeManHair,He-Man Hair,non-playable record
0x9BA~Skyrim On Skooma.esp,Skyrim On Skooma.esp,SOS_HeManArmor,Skooma Fueled Armor,non-playable record
0x9C4~Skyrim On Skooma.esp,Skyrim On Skooma.esp,SOS_GoatArmor,Goat Armor,non-playable record
0x9D5~Skyrim On Skooma.esp,Skyrim On Skooma.esp,SOS_LlamaOutfit,Llama Armor,non-playable record
0x9D7~Skyrim On Skooma.esp,Skyrim On Skooma.esp,SOS_CabbageOutfit,Cabbage Armor,non-playable record
0xD28~Skyrim On Skooma.esp,Skyrim On Skooma.esp,SOS_ArmorMannequin,Manakin,non-playable record
0xDA8~Skyrim On Skooma.esp,Skyrim On Skooma.esp,SOS_ArmorPBDaedricBoots,Moon Daedric Boots,non-playable record
0xDA9~Skyrim On Skooma.esp,Skyrim On Skooma.esp,SOS_ArmorPBDaedricCuirass,Moon Daedric Armor,non-playable record
0xDAA~Skyrim On Skooma.esp,Skyrim On Skooma.esp,SOS_ArmorPBDaedricGauntlets,Moon Daedric Gauntlets,non-playable record
0xDAB~Skyrim On Skooma.esp,Skyrim On Skooma.esp,SOS_ArmorPBCrownDaedric,Moon Daedric Crown,non-playable record
0xDC1~Skyrim On Skooma.esp,Skyrim On Skooma.esp,SOS_RainbowUnicornArmor,Narwhal,non-playable record
0xDC6~Skyrim On Skooma.esp,Skyrim On Skooma.esp,SOS_MammothWithHatArmor,Mammoth with Hat ,non-playable record
0xDE3~Skyrim On Skooma.esp,Skyrim On Skooma.esp,SOS_HeadOfGeralt,Geralt's Head,non-playable record
0xDE5~Skyrim On Skooma.esp,Skyrim On Skooma.esp,SOS_WitcherArmor,Geralt's Armor,non-playable record
0x32528~SkyrimSewers.esp,SkyrimSewers.esp,SSewersClothesVampiress,Vampiress Robe,non-playable record
0x4C8F8~SL Survival.esp,SL Survival.esp,_SLS_HalfNakedCoverArmor,_SLS_HalfNakedCover,non-playable record
0x581B1~SL Survival.esp,SL Survival.esp,_SLS_DummyObject,,non-playable record
0xB8FA5~SL Survival.esp,SL Survival.esp,_SLS_TongueE1,,missing display name
0xB8FA6~SL Survival.esp,SL Survival.esp,_SLS_TongueE2,,missing display name
0xB8FA7~SL Survival.esp,SL Survival.esp,_SLS_TongueE3,,missing display name
0xB8FA8~SL Survival.esp,SL Survival.esp,_SLS_TongueE4,,missing display name
0xB8FA9~SL Survival.esp,SL Survival.esp,_SLS_TongueE5,,missing display name
0xB8FAA~SL Survival.esp,SL Survival.esp,_SLS_TongueE6,,missing display name
0xB8FAB~SL Survival.esp,SL Survival.esp,_SLS_TongueE7,,missing display name
0xB8FAC~SL Survival.esp,SL Survival.esp,_SLS_TongueE8,,missing display name
0xB8FAD~SL Survival.esp,SL Survival.esp,_SLS_TongueE9,,missing display name
0xB8FAE~SL Survival.esp,SL Survival.esp,_SLS_TongueE10,,missing display name
0xB8FAF~SL Survival.esp,SL Survival.esp,_SLS_TongueE11,,missing display name
0xB8FB0~SL Survival.esp,SL Survival.esp,_SLS_TongueE12,,missing display name
0xB8FB1~SL Survival.esp,SL Survival.esp,_SLS_TongueE13,,missing display name
0xB8FB2~SL Survival.esp,SL Survival.esp,_SLS_TongueE14,,missing display name
0xB8FB3~SL Survival.esp,SL Survival.esp,_SLS_TongueE15,,missing display name
0xB8FB4~SL Survival.esp,SL Survival.esp,_SLS_TongueE16,,missing display name
0xE5A28~SL Survival.esp,SL Survival.esp,_SLS_NeverAddedArmor,,non-playable record
0x831~Spatial Storage Rings.esp,Spatial Storage Rings.esp,SSR_RingLesser,Spatial Storage Ring - Lesser,missing armor addon/model links
0x832~Spatial Storage Rings.esp,Spatial Storage Rings.esp,SSR_RingGreater,Spatial Storage Ring - Greater,missing armor addon/model links
0x833~Spatial Storage Rings.esp,Spatial Storage Rings.esp,SSR_RingGrand,Spatial Storage Ring - Grand,missing armor addon/model links
0x834~Spatial Storage Rings.esp,Spatial Storage Rings.esp,SSR_RingInfinite,Spatial Storage Ring - Infinite,missing armor addon/model links
0x190FA~SPERG-SSE.esp,SPERG-SSE.esp,SPEDummyArmorBody,Dummy Armor,missing armor addon/model links
0x19101~SPERG-SSE.esp,SPERG-SSE.esp,SPEDummyArmorHead,Dummy Helmet,missing armor addon/model links
0x19102~SPERG-SSE.esp,SPERG-SSE.esp,SPEDummyArmorHands,Dummy Gauntlets,missing armor addon/model links
0x19103~SPERG-SSE.esp,SPERG-SSE.esp,SPEDummyArmorFeet,Dummy Boots,missing armor addon/model links
0x484D0~SPERG-SSE.esp,SPERG-SSE.esp,SPEWardShieldGreater,,missing display name
0x49540~SPERG-SSE.esp,SPERG-SSE.esp,SPEWardShieldLesser,,missing display name
0x49AA9~SPERG-SSE.esp,SPERG-SSE.esp,SPEWardShieldSteadfast,,missing display name
0x4C659~SPERG-SSE.esp,SPERG-SSE.esp,SPEBF_SkinDog,,non-playable record
0x4CBD6~SPERG-SSE.esp,SPERG-SSE.esp,SPEBF_SkinBearBrown,Brown Bear,non-playable record
0x4CBD7~SPERG-SSE.esp,SPERG-SSE.esp,SPEBF_SkinDwarvenSpiderCenturion,,non-playable record
0x4CBD8~SPERG-SSE.esp,SPERG-SSE.esp,SPEBF_SkinFrostbiteSpider,,non-playable record
0x4CBD9~SPERG-SSE.esp,SPERG-SSE.esp,SPEBF_SkinHorker,Horker,non-playable record
0x4CBDA~SPERG-SSE.esp,SPERG-SSE.esp,SPEBF_SkinMammothWild,Wild Mammoth,non-playable record
0x4CBDB~SPERG-SSE.esp,SPERG-SSE.esp,SPEBF_SkinMudcrab,,non-playable record
0x4CBDC~SPERG-SSE.esp,SPERG-SSE.esp,SPEBF_SkinSabrecat,,non-playable record
0x4CBDD~SPERG-SSE.esp,SPERG-SSE.esp,SPEBF_SkinWolf,,non-playable record
0x945F~SPERG-SSE.esp,SPERG-SSE.esp,SPEBF_SkinNetchCalf,NetchCalfSkin,non-playable record
0x9460~SPERG-SSE.esp,SPERG-SSE.esp,SPEBF_SkinBoar,Boar,non-playable record
0xA66B~SPERG-SSE.esp,SPERG-SSE.esp,SPEBF_SkinDeathHound,,non-playable record
0xA66F~SPERG-SSE.esp,SPERG-SSE.esp,SPEBF_SkinHusky,Husky in the armor,non-playable record
0x2DAF4~submissivelola_est.esp,submissivelola_est.esp,vkjHeavyBindsR_1,,missing display name
0x4C15E~submissivelola_est.esp,submissivelola_est.esp,vkjGagCustom_Rendered,,missing display name
0x4D706~submissivelola_est.esp,submissivelola_est.esp,vkjHeavyBinds_1,Leather Wrist Binds,missing armor addon/model links
0x4D708~submissivelola_est.esp,submissivelola_est.esp,vkjHeavyBinds_2,Rope Wrist Binds,missing armor addon/model links
0x4D709~submissivelola_est.esp,submissivelola_est.esp,vkjHeavyBindsR_2,,missing display name
0x4D70B~submissivelola_est.esp,submissivelola_est.esp,vkjHeavyBinds_4,Iron Wrist Shackles,missing armor addon/model links
0x4D70D~submissivelola_est.esp,submissivelola_est.esp,vkjHeavyBindsR_4,,missing display name
0x4DC7A~submissivelola_est.esp,submissivelola_est.esp,vkjHeavyBinds_7,Brown Leather Armbinder,missing armor addon/model links
0x4DC7B~submissivelola_est.esp,submissivelola_est.esp,vkjHeavyBindsR_7,,missing display name
0x4E1F3~submissivelola_est.esp,submissivelola_est.esp,vkjRestrictiveGlovesBrownRendered,,missing display name
0x4E1FE~submissivelola_est.esp,submissivelola_est.esp,vkjHobbleDressBrownOpenRelaxedRendered,,missing display name
0x51932~submissivelola_est.esp,submissivelola_est.esp,vkjSlaveHighHeelsBrownRendered,,missing display name
0x5193D~submissivelola_est.esp,submissivelola_est.esp,vkjCatsuit_balletboots_brown_Rendered,,missing display name
0x5B0FD~submissivelola_est.esp,submissivelola_est.esp,vkjHobbleDressBrownElegantRendered,,missing display name
0x5DFDB~submissivelola_est.esp,submissivelola_est.esp,vkjPlugPonySimple,Pony Plug (Simple),missing armor addon/model links
0x5DFDC~submissivelola_est.esp,submissivelola_est.esp,vkjPonyPlugBellInventory,Pony Plug (Chain & Bell),missing armor addon/model links
0x5DFDD~submissivelola_est.esp,submissivelola_est.esp,vkjPonyPlugBellRendered,,missing display name
0x5DFF4~submissivelola_est.esp,submissivelola_est.esp,vkj_PonyPrancingLegCuffsInventory,Prancing Pony Black Leg Cuffs,missing armor addon/model links
0x5DFF5~submissivelola_est.esp,submissivelola_est.esp,vkj_PonyPrancingLegCuffsRendered,,missing display name
0x5E1E8~submissivelola_est.esp,submissivelola_est.esp,vkjCollarCustom_Inventory,Slave's Collar,missing armor addon/model links
0x5E1E9~submissivelola_est.esp,submissivelola_est.esp,vkjCollarCustom_Rendered,,missing display name
0x5E1EA~submissivelola_est.esp,submissivelola_est.esp,vkjGagCustom_Inventory,Slave's Gag,missing armor addon/model links
0x5E1EE~submissivelola_est.esp,submissivelola_est.esp,vkjHobbleDressBrownOpenRelaxedInventory,Brown Leather Hobble Dress (Open),missing armor addon/model links
0x5E1EF~submissivelola_est.esp,submissivelola_est.esp,vkjHobbleDressBrownElegantInventory,Brown Leather Hobble Dress (Elegant),missing armor addon/model links
0x5E1F0~submissivelola_est.esp,submissivelola_est.esp,vkjRestrictiveGlovesBrownInventory,Brown Leather Restrictive Gloves,missing armor addon/model links
0x5E1F1~submissivelola_est.esp,submissivelola_est.esp,vkjSlaveHighHeelsBrownInventory,Brown Leather Slave Ballet Heels,missing armor addon/model links
0x5E1F2~submissivelola_est.esp,submissivelola_est.esp,vkjCatsuit_balletboots_brown_Inventory,Brown Catsuit Ballet Boots,missing armor addon/model links
0x60345~submissivelola_est.esp,submissivelola_est.esp,vkjMoveYourAssPlugInventory,Move Your Ass Plug,missing armor addon/model links
0x60346~submissivelola_est.esp,submissivelola_est.esp,vkjMoveYourAssPlugRendered,,missing display name
0x603D6~submissivelola_est.esp,submissivelola_est.esp,vkjCollarTag,Collar Tag,missing armor addon/model links
0x60541~submissivelola_est.esp,submissivelola_est.esp,vkjNippleStudInventory,Vibrating Nipple Studs,missing armor addon/model links
0x60542~submissivelola_est.esp,submissivelola_est.esp,vkjNippleStudRendered,,missing display name
0x60C65~submissivelola_est.esp,submissivelola_est.esp,vkjBareSkin,Bare Skin,suspicious invisible/test/skin record; add to includedSuspiciousForms to force inclusion
0x60CFB~submissivelola_est.esp,submissivelola_est.esp,vkj_RDLcuffsLLegsInventory,Prancing Pony Red Leg Cuffs,missing armor addon/model links
0x60CFC~submissivelola_est.esp,submissivelola_est.esp,vkj_RDLcuffsLLegs_scriptInstance,,missing display name
0x60CFD~submissivelola_est.esp,submissivelola_est.esp,vkj_WTLcuffsLLegsInventory,Prancing Pony White Leg Cuffs,missing armor addon/model links
0x60CFE~submissivelola_est.esp,submissivelola_est.esp,vkj_WTLcuffsLLegs_scriptInstance,,missing display name
0x612B8~submissivelola_est.esp,submissivelola_est.esp,vkjInflatablePumpAnal,Inflatable Toy,missing armor addon/model links
0x6137E~submissivelola_est.esp,submissivelola_est.esp,vkjRunicCollar_Rendered,,missing display name
0x6137F~submissivelola_est.esp,submissivelola_est.esp,vkjRunicCollarNoGlow_Rendered,,missing display name
0x61380~submissivelola_est.esp,submissivelola_est.esp,vkjRunicCollar_Inventory,Runic Slave Collar,missing armor addon/model links
0x61381~submissivelola_est.esp,submissivelola_est.esp,vkjRunicCollarNoGlow_Inventory,Dull Runic Slave Collar,missing armor addon/model links
0x617AF~submissivelola_est.esp,submissivelola_est.esp,vkjPonyPrancingLegCuffsInventory,Prancing Pony Black Ebonite Leg Cuffs,missing armor addon/model links
0x617B0~submissivelola_est.esp,submissivelola_est.esp,vkjPonyPrancingLegCuffsRendered,,missing display name
0x617B1~submissivelola_est.esp,submissivelola_est.esp,vkjRDLcuffsLLegsInventory,Prancing Pony Red Ebonite Leg Cuffs,missing armor addon/model links
0x617B2~submissivelola_est.esp,submissivelola_est.esp,vkjRDLcuffsLLegs_scriptInstance,,missing display name
0x617B3~submissivelola_est.esp,submissivelola_est.esp,vkjWTLcuffsLLegsInventory,Prancing Pony White Ebonite Leg Cuffs,missing armor addon/model links
0x617B4~submissivelola_est.esp,submissivelola_est.esp,vkjWTLcuffsLLegs_scriptInstance,,missing display name
0x617F2~submissivelola_est.esp,submissivelola_est.esp,vkjDragonDildo,Dragonbone Toy,missing armor addon/model links
0x617F5~submissivelola_est.esp,submissivelola_est.esp,vkjMammothDildo,Mammoth Pleasure,missing armor addon/model links
0x4DE9B9~SunHelmSurvival.esp,SunHelmSurvival.esp,_SHWaterskinBack,Waterskin back,non-playable record
0x4EDCBE~SunHelmSurvival.esp,SunHelmSurvival.esp,_SHWaterskinLeft,Waterskin Left,non-playable record
0x4EDCBF~SunHelmSurvival.esp,SunHelmSurvival.esp,_SHWaterskinRight,Waterskin Right,non-playable record
0x2F702E~SurWR.esp,SurWR.esp,SkinGiant02wrtest,,non-playable record
0x315AA3~SurWR.esp,SurWR.esp,SkinSkeeverWhiteWRQRAT,,non-playable record
0x801~TasteOfDeath_Addon_Boss.esp,TasteOfDeath_Addon_Boss.esp,madClothesBeggarRobes,Champ Robes,non-playable record
0x806~TasteOfDeath_Addon_Boss.esp,TasteOfDeath_Addon_Boss.esp,madEnchNecklaceHealth06Namira,Necklace of Peerless Health,non-playable record
0x84D~TasteOfDeath_Addon_Boss.esp,TasteOfDeath_Addon_Boss.esp,madUS_Underskin_Draugr,US_Draugr_Underskin,non-playable record
0x994~TasteOfDeath_Addon_Boss.esp,TasteOfDeath_Addon_Boss.esp,madmihailgiantcentipede_nakedskin2,Chaurus,non-playable record
0xD4795~Thaumaturgy.esp,Thaumaturgy.esp,MAG_EmperorsGloves,The Emperor's New Gloves,missing armor addon/model links
0xAFF~TheNewGentleman.esp,TheNewGentleman.esp,TNG_GenitalCover,TNG GenitalCover,non-playable record
0xB00~TheNewGentleman.esp,TheNewGentleman.esp,TNG_Skin_B00,,missing display name
0xB01~TheNewGentleman.esp,TheNewGentleman.esp,TNG_Skin_B01,,missing display name
0xB02~TheNewGentleman.esp,TheNewGentleman.esp,TNG_Skin_B02,,missing display name
0xB03~TheNewGentleman.esp,TheNewGentleman.esp,TNG_Skin_B03,,missing display name
0xB04~TheNewGentleman.esp,TheNewGentleman.esp,TNG_Skin_B04,,missing display name
0xB05~TheNewGentleman.esp,TheNewGentleman.esp,TNG_Skin_B05,,missing display name
0xB06~TheNewGentleman.esp,TheNewGentleman.esp,TNG_Skin_B06,,missing display name
0xB07~TheNewGentleman.esp,TheNewGentleman.esp,TNG_Skin_B07,,missing display name
0xB08~TheNewGentleman.esp,TheNewGentleman.esp,TNG_Skin_B08,,missing display name
0xB09~TheNewGentleman.esp,TheNewGentleman.esp,TNG_Skin_B09,,missing display name
0xB0A~TheNewGentleman.esp,TheNewGentleman.esp,TNG_Skin_B0A,,missing display name
0xB0B~TheNewGentleman.esp,TheNewGentleman.esp,TNG_Skin_B0B,,missing display name
0xB0C~TheNewGentleman.esp,TheNewGentleman.esp,TNG_Skin_B0C,,missing display name
0xB0D~TheNewGentleman.esp,TheNewGentleman.esp,TNG_Skin_B0D,,missing display name
0xB0E~TheNewGentleman.esp,TheNewGentleman.esp,TNG_Skin_B0E,,missing display name
0xB0F~TheNewGentleman.esp,TheNewGentleman.esp,TNG_Skin_B0F,,missing display name
0xB10~TheNewGentleman.esp,TheNewGentleman.esp,TNG_Skin_B10,,missing display name
0xB11~TheNewGentleman.esp,TheNewGentleman.esp,TNG_Skin_B11,,missing display name
0xB12~TheNewGentleman.esp,TheNewGentleman.esp,TNG_Skin_B12,,missing display name
0xB13~TheNewGentleman.esp,TheNewGentleman.esp,TNG_Skin_B13,,missing display name
0xB14~TheNewGentleman.esp,TheNewGentleman.esp,TNG_Skin_B14,,missing display name
0xB15~TheNewGentleman.esp,TheNewGentleman.esp,TNG_Skin_B15,,missing display name
0xB16~TheNewGentleman.esp,TheNewGentleman.esp,TNG_Skin_B16,,missing display name
0xB17~TheNewGentleman.esp,TheNewGentleman.esp,TNG_Skin_B17,,missing display name
0xB18~TheNewGentleman.esp,TheNewGentleman.esp,TNG_Skin_B18,,missing display name
0xB19~TheNewGentleman.esp,TheNewGentleman.esp,TNG_Skin_B19,,missing display name
0xB1A~TheNewGentleman.esp,TheNewGentleman.esp,TNG_Skin_B1A,,missing display name
0xB1B~TheNewGentleman.esp,TheNewGentleman.esp,TNG_Skin_B1B,,missing display name
0xB1C~TheNewGentleman.esp,TheNewGentleman.esp,TNG_Skin_B1C,,missing display name
0xB1D~TheNewGentleman.esp,TheNewGentleman.esp,TNG_Skin_B1D,,missing display name
0xB1E~TheNewGentleman.esp,TheNewGentleman.esp,TNG_Skin_B1E,,missing display name
0xB1F~TheNewGentleman.esp,TheNewGentleman.esp,TNG_Skin_B1F,,missing display name
0xB20~TheNewGentleman.esp,TheNewGentleman.esp,TNG_Skin_B20,,missing display name
0xB21~TheNewGentleman.esp,TheNewGentleman.esp,TNG_Skin_B21,,missing display name
0xB22~TheNewGentleman.esp,TheNewGentleman.esp,TNG_Skin_B22,,missing display name
0xB23~TheNewGentleman.esp,TheNewGentleman.esp,TNG_Skin_B23,,missing display name
0xB24~TheNewGentleman.esp,TheNewGentleman.esp,TNG_Skin_B24,,missing display name
0xB25~TheNewGentleman.esp,TheNewGentleman.esp,TNG_Skin_B25,,missing display name
0xB26~TheNewGentleman.esp,TheNewGentleman.esp,TNG_Skin_B26,,missing display name
0xB27~TheNewGentleman.esp,TheNewGentleman.esp,TNG_Skin_B27,,missing display name
0xB28~TheNewGentleman.esp,TheNewGentleman.esp,TNG_Skin_B28,,missing display name
0xB29~TheNewGentleman.esp,TheNewGentleman.esp,TNG_Skin_B29,,missing display name
0xB2A~TheNewGentleman.esp,TheNewGentleman.esp,TNG_Skin_B2A,,missing display name
0xB2B~TheNewGentleman.esp,TheNewGentleman.esp,TNG_Skin_B2B,,missing display name
0xB2C~TheNewGentleman.esp,TheNewGentleman.esp,TNG_Skin_B2C,,missing display name
0xB2D~TheNewGentleman.esp,TheNewGentleman.esp,TNG_Skin_B2D,,missing display name
0xB2E~TheNewGentleman.esp,TheNewGentleman.esp,TNG_Skin_B2E,,missing display name
0xB2F~TheNewGentleman.esp,TheNewGentleman.esp,TNG_Skin_B2F,,missing display name
0xB30~TheNewGentleman.esp,TheNewGentleman.esp,TNG_Skin_B30,,missing display name
0xB31~TheNewGentleman.esp,TheNewGentleman.esp,TNG_Skin_B31,,missing display name
0xB32~TheNewGentleman.esp,TheNewGentleman.esp,TNG_Skin_B32,,missing display name
0xB33~TheNewGentleman.esp,TheNewGentleman.esp,TNG_Skin_B33,,missing display name
0xB34~TheNewGentleman.esp,TheNewGentleman.esp,TNG_Skin_B34,,missing display name
0xB35~TheNewGentleman.esp,TheNewGentleman.esp,TNG_Skin_B35,,missing display name
0xB36~TheNewGentleman.esp,TheNewGentleman.esp,TNG_Skin_B36,,missing display name
0xB37~TheNewGentleman.esp,TheNewGentleman.esp,TNG_Skin_B37,,missing display name
0xB38~TheNewGentleman.esp,TheNewGentleman.esp,TNG_Skin_B38,,missing display name
0xB39~TheNewGentleman.esp,TheNewGentleman.esp,TNG_Skin_B39,,missing display name
0xB3A~TheNewGentleman.esp,TheNewGentleman.esp,TNG_Skin_B3A,,missing display name
0xB3B~TheNewGentleman.esp,TheNewGentleman.esp,TNG_Skin_B3B,,missing display name
0xB3C~TheNewGentleman.esp,TheNewGentleman.esp,TNG_Skin_B3C,,missing display name
0xB3D~TheNewGentleman.esp,TheNewGentleman.esp,TNG_Skin_B3D,,missing display name
0xB3E~TheNewGentleman.esp,TheNewGentleman.esp,TNG_Skin_B3E,,missing display name
0xB3F~TheNewGentleman.esp,TheNewGentleman.esp,TNG_Skin_B3F,,missing display name
0xB40~TheNewGentleman.esp,TheNewGentleman.esp,TNG_Skin_B40,,missing display name
0xB41~TheNewGentleman.esp,TheNewGentleman.esp,TNG_Skin_B41,,missing display name
0xB42~TheNewGentleman.esp,TheNewGentleman.esp,TNG_Skin_B42,,missing display name
0xB43~TheNewGentleman.esp,TheNewGentleman.esp,TNG_Skin_B43,,missing display name
0xB44~TheNewGentleman.esp,TheNewGentleman.esp,TNG_Skin_B44,,missing display name
0xB45~TheNewGentleman.esp,TheNewGentleman.esp,TNG_Skin_B45,,missing display name
0xB46~TheNewGentleman.esp,TheNewGentleman.esp,TNG_Skin_B46,,missing display name
0xB47~TheNewGentleman.esp,TheNewGentleman.esp,TNG_Skin_B47,,missing display name
0xB48~TheNewGentleman.esp,TheNewGentleman.esp,TNG_Skin_B48,,missing display name
0xB49~TheNewGentleman.esp,TheNewGentleman.esp,TNG_Skin_B49,,missing display name
0xB4A~TheNewGentleman.esp,TheNewGentleman.esp,TNG_Skin_B4A,,missing display name
0xB4B~TheNewGentleman.esp,TheNewGentleman.esp,TNG_Skin_B4B,,missing display name
0xB4C~TheNewGentleman.esp,TheNewGentleman.esp,TNG_Skin_B4C,,missing display name
0xB4D~TheNewGentleman.esp,TheNewGentleman.esp,TNG_Skin_B4D,,missing display name
0xB4E~TheNewGentleman.esp,TheNewGentleman.esp,TNG_Skin_B4E,,missing display name
0xB4F~TheNewGentleman.esp,TheNewGentleman.esp,TNG_Skin_B4F,,missing display name
0xB50~TheNewGentleman.esp,TheNewGentleman.esp,TNG_Skin_B50,,missing display name
0xB51~TheNewGentleman.esp,TheNewGentleman.esp,TNG_Skin_B51,,missing display name
0xB52~TheNewGentleman.esp,TheNewGentleman.esp,TNG_Skin_B52,,missing display name
0xB53~TheNewGentleman.esp,TheNewGentleman.esp,TNG_Skin_B53,,missing display name
0xB54~TheNewGentleman.esp,TheNewGentleman.esp,TNG_Skin_B54,,missing display name
0xB55~TheNewGentleman.esp,TheNewGentleman.esp,TNG_Skin_B55,,missing display name
0xB56~TheNewGentleman.esp,TheNewGentleman.esp,TNG_Skin_B56,,missing display name
0xB57~TheNewGentleman.esp,TheNewGentleman.esp,TNG_Skin_B57,,missing display name
0xB58~TheNewGentleman.esp,TheNewGentleman.esp,TNG_Skin_B58,,missing display name
0xB59~TheNewGentleman.esp,TheNewGentleman.esp,TNG_Skin_B59,,missing display name
0xB5A~TheNewGentleman.esp,TheNewGentleman.esp,TNG_Skin_B5A,,missing display name
0xB5B~TheNewGentleman.esp,TheNewGentleman.esp,TNG_Skin_B5B,,missing display name
0xB5C~TheNewGentleman.esp,TheNewGentleman.esp,TNG_Skin_B5C,,missing display name
0xB5D~TheNewGentleman.esp,TheNewGentleman.esp,TNG_Skin_B5D,,missing display name
0xB5E~TheNewGentleman.esp,TheNewGentleman.esp,TNG_Skin_B5E,,missing display name
0xB5F~TheNewGentleman.esp,TheNewGentleman.esp,TNG_Skin_B5F,,missing display name
0xB60~TheNewGentleman.esp,TheNewGentleman.esp,TNG_Skin_B60,,missing display name
0xB61~TheNewGentleman.esp,TheNewGentleman.esp,TNG_Skin_B61,,missing display name
0xB62~TheNewGentleman.esp,TheNewGentleman.esp,TNG_Skin_B62,,missing display name
0xB63~TheNewGentleman.esp,TheNewGentleman.esp,TNG_Skin_B63,,missing display name
0xB64~TheNewGentleman.esp,TheNewGentleman.esp,TNG_Skin_B64,,missing display name
0xB65~TheNewGentleman.esp,TheNewGentleman.esp,TNG_Skin_B65,,missing display name
0xB66~TheNewGentleman.esp,TheNewGentleman.esp,TNG_Skin_B66,,missing display name
0xB67~TheNewGentleman.esp,TheNewGentleman.esp,TNG_Skin_B67,,missing display name
0xB68~TheNewGentleman.esp,TheNewGentleman.esp,TNG_Skin_B68,,missing display name
0xB69~TheNewGentleman.esp,TheNewGentleman.esp,TNG_Skin_B69,,missing display name
0xB6A~TheNewGentleman.esp,TheNewGentleman.esp,TNG_Skin_B6A,,missing display name
0xB6B~TheNewGentleman.esp,TheNewGentleman.esp,TNG_Skin_B6B,,missing display name
0xB6C~TheNewGentleman.esp,TheNewGentleman.esp,TNG_Skin_B6C,,missing display name
0xB6D~TheNewGentleman.esp,TheNewGentleman.esp,TNG_Skin_B6D,,missing display name
0xB6E~TheNewGentleman.esp,TheNewGentleman.esp,TNG_Skin_B6E,,missing display name
0xB6F~TheNewGentleman.esp,TheNewGentleman.esp,TNG_Skin_B6F,,missing display name
0xB70~TheNewGentleman.esp,TheNewGentleman.esp,TNG_Skin_B70,,missing display name
0xB71~TheNewGentleman.esp,TheNewGentleman.esp,TNG_Skin_B71,,missing display name
0xB72~TheNewGentleman.esp,TheNewGentleman.esp,TNG_Skin_B72,,missing display name
0xB73~TheNewGentleman.esp,TheNewGentleman.esp,TNG_Skin_B73,,missing display name
0xB74~TheNewGentleman.esp,TheNewGentleman.esp,TNG_Skin_B74,,missing display name
0xB75~TheNewGentleman.esp,TheNewGentleman.esp,TNG_Skin_B75,,missing display name
0xB76~TheNewGentleman.esp,TheNewGentleman.esp,TNG_Skin_B76,,missing display name
0xB77~TheNewGentleman.esp,TheNewGentleman.esp,TNG_Skin_B77,,missing display name
0xB78~TheNewGentleman.esp,TheNewGentleman.esp,TNG_Skin_B78,,missing display name
0xB79~TheNewGentleman.esp,TheNewGentleman.esp,TNG_Skin_B79,,missing display name
0xB7A~TheNewGentleman.esp,TheNewGentleman.esp,TNG_Skin_B7A,,missing display name
0xB7B~TheNewGentleman.esp,TheNewGentleman.esp,TNG_Skin_B7B,,missing display name
0xB7C~TheNewGentleman.esp,TheNewGentleman.esp,TNG_Skin_B7C,,missing display name
0xB7D~TheNewGentleman.esp,TheNewGentleman.esp,TNG_Skin_B7D,,missing display name
0xB7E~TheNewGentleman.esp,TheNewGentleman.esp,TNG_Skin_B7E,,missing display name
0xB7F~TheNewGentleman.esp,TheNewGentleman.esp,TNG_Skin_B7F,,missing display name
0xB80~TheNewGentleman.esp,TheNewGentleman.esp,TNG_Skin_B80,,missing display name
0xB81~TheNewGentleman.esp,TheNewGentleman.esp,TNG_Skin_B81,,missing display name
0xB82~TheNewGentleman.esp,TheNewGentleman.esp,TNG_Skin_B82,,missing display name
0xB83~TheNewGentleman.esp,TheNewGentleman.esp,TNG_Skin_B83,,missing display name
0xB84~TheNewGentleman.esp,TheNewGentleman.esp,TNG_Skin_B84,,missing display name
0xB85~TheNewGentleman.esp,TheNewGentleman.esp,TNG_Skin_B85,,missing display name
0xB86~TheNewGentleman.esp,TheNewGentleman.esp,TNG_Skin_B86,,missing display name
0xB87~TheNewGentleman.esp,TheNewGentleman.esp,TNG_Skin_B87,,missing display name
0xB88~TheNewGentleman.esp,TheNewGentleman.esp,TNG_Skin_B88,,missing display name
0xB89~TheNewGentleman.esp,TheNewGentleman.esp,TNG_Skin_B89,,missing display name
0xB8A~TheNewGentleman.esp,TheNewGentleman.esp,TNG_Skin_B8A,,missing display name
0xB8B~TheNewGentleman.esp,TheNewGentleman.esp,TNG_Skin_B8B,,missing display name
0xB8C~TheNewGentleman.esp,TheNewGentleman.esp,TNG_Skin_B8C,,missing display name
0xB8D~TheNewGentleman.esp,TheNewGentleman.esp,TNG_Skin_B8D,,missing display name
0xB8E~TheNewGentleman.esp,TheNewGentleman.esp,TNG_Skin_B8E,,missing display name
0xB8F~TheNewGentleman.esp,TheNewGentleman.esp,TNG_Skin_B8F,,missing display name
0xB90~TheNewGentleman.esp,TheNewGentleman.esp,TNG_Skin_B90,,missing display name
0xB91~TheNewGentleman.esp,TheNewGentleman.esp,TNG_Skin_B91,,missing display name
0xB92~TheNewGentleman.esp,TheNewGentleman.esp,TNG_Skin_B92,,missing display name
0xB93~TheNewGentleman.esp,TheNewGentleman.esp,TNG_Skin_B93,,missing display name
0xB94~TheNewGentleman.esp,TheNewGentleman.esp,TNG_Skin_B94,,missing display name
0xB95~TheNewGentleman.esp,TheNewGentleman.esp,TNG_Skin_B95,,missing display name
0xB96~TheNewGentleman.esp,TheNewGentleman.esp,TNG_Skin_B96,,missing display name
0xB97~TheNewGentleman.esp,TheNewGentleman.esp,TNG_Skin_B97,,missing display name
0xB98~TheNewGentleman.esp,TheNewGentleman.esp,TNG_Skin_B98,,missing display name
0xB99~TheNewGentleman.esp,TheNewGentleman.esp,TNG_Skin_B99,,missing display name
0xB9A~TheNewGentleman.esp,TheNewGentleman.esp,TNG_Skin_B9A,,missing display name
0xB9B~TheNewGentleman.esp,TheNewGentleman.esp,TNG_Skin_B9B,,missing display name
0xB9C~TheNewGentleman.esp,TheNewGentleman.esp,TNG_Skin_B9C,,missing display name
0xB9D~TheNewGentleman.esp,TheNewGentleman.esp,TNG_Skin_B9D,,missing display name
0xB9E~TheNewGentleman.esp,TheNewGentleman.esp,TNG_Skin_B9E,,missing display name
0xB9F~TheNewGentleman.esp,TheNewGentleman.esp,TNG_Skin_B9F,,missing display name
0xBA0~TheNewGentleman.esp,TheNewGentleman.esp,TNG_Skin_BA0,,missing display name
0xBA1~TheNewGentleman.esp,TheNewGentleman.esp,TNG_Skin_BA1,,missing display name
0xBA2~TheNewGentleman.esp,TheNewGentleman.esp,TNG_Skin_BA2,,missing display name
0xBA3~TheNewGentleman.esp,TheNewGentleman.esp,TNG_Skin_BA3,,missing display name
0xBA4~TheNewGentleman.esp,TheNewGentleman.esp,TNG_Skin_BA4,,missing display name
0xBA5~TheNewGentleman.esp,TheNewGentleman.esp,TNG_Skin_BA5,,missing display name
0xBA6~TheNewGentleman.esp,TheNewGentleman.esp,TNG_Skin_BA6,,missing display name
0xBA7~TheNewGentleman.esp,TheNewGentleman.esp,TNG_Skin_BA7,,missing display name
0xBA8~TheNewGentleman.esp,TheNewGentleman.esp,TNG_Skin_BA8,,missing display name
0xBA9~TheNewGentleman.esp,TheNewGentleman.esp,TNG_Skin_BA9,,missing display name
0xBAA~TheNewGentleman.esp,TheNewGentleman.esp,TNG_Skin_BAA,,missing display name
0xBAB~TheNewGentleman.esp,TheNewGentleman.esp,TNG_Skin_BAB,,missing display name
0xBAC~TheNewGentleman.esp,TheNewGentleman.esp,TNG_Skin_BAC,,missing display name
0xBAD~TheNewGentleman.esp,TheNewGentleman.esp,TNG_Skin_BAD,,missing display name
0xBAE~TheNewGentleman.esp,TheNewGentleman.esp,TNG_Skin_BAE,,missing display name
0xBAF~TheNewGentleman.esp,TheNewGentleman.esp,TNG_Skin_BAF,,missing display name
0xBB0~TheNewGentleman.esp,TheNewGentleman.esp,TNG_Skin_BB0,,missing display name
0xBB1~TheNewGentleman.esp,TheNewGentleman.esp,TNG_Skin_BB1,,missing display name
0xBB2~TheNewGentleman.esp,TheNewGentleman.esp,TNG_Skin_BB2,,missing display name
0xBB3~TheNewGentleman.esp,TheNewGentleman.esp,TNG_Skin_BB3,,missing display name
0xBB4~TheNewGentleman.esp,TheNewGentleman.esp,TNG_Skin_BB4,,missing display name
0xBB5~TheNewGentleman.esp,TheNewGentleman.esp,TNG_Skin_BB5,,missing display name
0xBB6~TheNewGentleman.esp,TheNewGentleman.esp,TNG_Skin_BB6,,missing display name
0xBB7~TheNewGentleman.esp,TheNewGentleman.esp,TNG_Skin_BB7,,missing display name
0xBB8~TheNewGentleman.esp,TheNewGentleman.esp,TNG_Skin_BB8,,missing display name
0xBB9~TheNewGentleman.esp,TheNewGentleman.esp,TNG_Skin_BB9,,missing display name
0xBBA~TheNewGentleman.esp,TheNewGentleman.esp,TNG_Skin_BBA,,missing display name
0xBBB~TheNewGentleman.esp,TheNewGentleman.esp,TNG_Skin_BBB,,missing display name
0xBBC~TheNewGentleman.esp,TheNewGentleman.esp,TNG_Skin_BBC,,missing display name
0xBBD~TheNewGentleman.esp,TheNewGentleman.esp,TNG_Skin_BBD,,missing display name
0xBBE~TheNewGentleman.esp,TheNewGentleman.esp,TNG_Skin_BBE,,missing display name
0xBBF~TheNewGentleman.esp,TheNewGentleman.esp,TNG_Skin_BBF,,missing display name
0xBC0~TheNewGentleman.esp,TheNewGentleman.esp,TNG_Skin_BC0,,missing display name
0xBC1~TheNewGentleman.esp,TheNewGentleman.esp,TNG_Skin_BC1,,missing display name
0xBC2~TheNewGentleman.esp,TheNewGentleman.esp,TNG_Skin_BC2,,missing display name
0xBC3~TheNewGentleman.esp,TheNewGentleman.esp,TNG_Skin_BC3,,missing display name
0xBC4~TheNewGentleman.esp,TheNewGentleman.esp,TNG_Skin_BC4,,missing display name
0xBC5~TheNewGentleman.esp,TheNewGentleman.esp,TNG_Skin_BC5,,missing display name
0xBC6~TheNewGentleman.esp,TheNewGentleman.esp,TNG_Skin_BC6,,missing display name
0xBC7~TheNewGentleman.esp,TheNewGentleman.esp,TNG_Skin_BC7,,missing display name
0xBC8~TheNewGentleman.esp,TheNewGentleman.esp,TNG_Skin_BC8,,missing display name
0xBC9~TheNewGentleman.esp,TheNewGentleman.esp,TNG_Skin_BC9,,missing display name
0xBCA~TheNewGentleman.esp,TheNewGentleman.esp,TNG_Skin_BCA,,missing display name
0xBCB~TheNewGentleman.esp,TheNewGentleman.esp,TNG_Skin_BCB,,missing display name
0xBCC~TheNewGentleman.esp,TheNewGentleman.esp,TNG_Skin_BCC,,missing display name
0xBCD~TheNewGentleman.esp,TheNewGentleman.esp,TNG_Skin_BCD,,missing display name
0xBCE~TheNewGentleman.esp,TheNewGentleman.esp,TNG_Skin_BCE,,missing display name
0xBCF~TheNewGentleman.esp,TheNewGentleman.esp,TNG_Skin_BCF,,missing display name
0xBD0~TheNewGentleman.esp,TheNewGentleman.esp,TNG_Skin_BD0,,missing display name
0xBD1~TheNewGentleman.esp,TheNewGentleman.esp,TNG_Skin_BD1,,missing display name
0xBD2~TheNewGentleman.esp,TheNewGentleman.esp,TNG_Skin_BD2,,missing display name
0xBD3~TheNewGentleman.esp,TheNewGentleman.esp,TNG_Skin_BD3,,missing display name
0xBD4~TheNewGentleman.esp,TheNewGentleman.esp,TNG_Skin_BD4,,missing display name
0xBD5~TheNewGentleman.esp,TheNewGentleman.esp,TNG_Skin_BD5,,missing display name
0xBD6~TheNewGentleman.esp,TheNewGentleman.esp,TNG_Skin_BD6,,missing display name
0xBD7~TheNewGentleman.esp,TheNewGentleman.esp,TNG_Skin_BD7,,missing display name
0xBD8~TheNewGentleman.esp,TheNewGentleman.esp,TNG_Skin_BD8,,missing display name
0xBD9~TheNewGentleman.esp,TheNewGentleman.esp,TNG_Skin_BD9,,missing display name
0xBDA~TheNewGentleman.esp,TheNewGentleman.esp,TNG_Skin_BDA,,missing display name
0xBDB~TheNewGentleman.esp,TheNewGentleman.esp,TNG_Skin_BDB,,missing display name
0xBDC~TheNewGentleman.esp,TheNewGentleman.esp,TNG_Skin_BDC,,missing display name
0xBDD~TheNewGentleman.esp,TheNewGentleman.esp,TNG_Skin_BDD,,missing display name
0xBDE~TheNewGentleman.esp,TheNewGentleman.esp,TNG_Skin_BDE,,missing display name
0xBDF~TheNewGentleman.esp,TheNewGentleman.esp,TNG_Skin_BDF,,missing display name
0xBE0~TheNewGentleman.esp,TheNewGentleman.esp,TNG_Skin_BE0,,missing display name
0xBE1~TheNewGentleman.esp,TheNewGentleman.esp,TNG_Skin_BE1,,missing display name
0xBE2~TheNewGentleman.esp,TheNewGentleman.esp,TNG_Skin_BE2,,missing display name
0xBE3~TheNewGentleman.esp,TheNewGentleman.esp,TNG_Skin_BE3,,missing display name
0xBE4~TheNewGentleman.esp,TheNewGentleman.esp,TNG_Skin_BE4,,missing display name
0xBE5~TheNewGentleman.esp,TheNewGentleman.esp,TNG_Skin_BE5,,missing display name
0xBE6~TheNewGentleman.esp,TheNewGentleman.esp,TNG_Skin_BE6,,missing display name
0xBE7~TheNewGentleman.esp,TheNewGentleman.esp,TNG_Skin_BE7,,missing display name
0xBE8~TheNewGentleman.esp,TheNewGentleman.esp,TNG_Skin_BE8,,missing display name
0xBE9~TheNewGentleman.esp,TheNewGentleman.esp,TNG_Skin_BE9,,missing display name
0xBEA~TheNewGentleman.esp,TheNewGentleman.esp,TNG_Skin_BEA,,missing display name
0xBEB~TheNewGentleman.esp,TheNewGentleman.esp,TNG_Skin_BEB,,missing display name
0xBEC~TheNewGentleman.esp,TheNewGentleman.esp,TNG_Skin_BEC,,missing display name
0xBED~TheNewGentleman.esp,TheNewGentleman.esp,TNG_Skin_BED,,missing display name
0xBEE~TheNewGentleman.esp,TheNewGentleman.esp,TNG_Skin_BEE,,missing display name
0xBEF~TheNewGentleman.esp,TheNewGentleman.esp,TNG_Skin_BEF,,missing display name
0xBF0~TheNewGentleman.esp,TheNewGentleman.esp,TNG_Skin_BF0,,missing display name
0xBF1~TheNewGentleman.esp,TheNewGentleman.esp,TNG_Skin_BF1,,missing display name
0xBF2~TheNewGentleman.esp,TheNewGentleman.esp,TNG_Skin_BF2,,missing display name
0xBF3~TheNewGentleman.esp,TheNewGentleman.esp,TNG_Skin_BF3,,missing display name
0xBF4~TheNewGentleman.esp,TheNewGentleman.esp,TNG_Skin_BF4,,missing display name
0xBF5~TheNewGentleman.esp,TheNewGentleman.esp,TNG_Skin_BF5,,missing display name
0xBF6~TheNewGentleman.esp,TheNewGentleman.esp,TNG_Skin_BF6,,missing display name
0xBF7~TheNewGentleman.esp,TheNewGentleman.esp,TNG_Skin_BF7,,missing display name
0xBF8~TheNewGentleman.esp,TheNewGentleman.esp,TNG_Skin_BF8,,missing display name
0xBF9~TheNewGentleman.esp,TheNewGentleman.esp,TNG_Skin_BF9,,missing display name
0xBFA~TheNewGentleman.esp,TheNewGentleman.esp,TNG_Skin_BFA,,missing display name
0xBFB~TheNewGentleman.esp,TheNewGentleman.esp,TNG_Skin_BFB,,missing display name
0xBFC~TheNewGentleman.esp,TheNewGentleman.esp,TNG_Skin_BFC,,missing display name
0xBFD~TheNewGentleman.esp,TheNewGentleman.esp,TNG_Skin_BFD,,missing display name
0xBFE~TheNewGentleman.esp,TheNewGentleman.esp,TNG_Skin_BFE,,missing display name
0xBFF~TheNewGentleman.esp,TheNewGentleman.esp,TNG_Skin_BFF,,missing display name
0xC00~TheNewGentleman.esp,TheNewGentleman.esp,TNG_Skin_C00,,missing display name
0xC01~TheNewGentleman.esp,TheNewGentleman.esp,TNG_Skin_C01,,missing display name
0xC02~TheNewGentleman.esp,TheNewGentleman.esp,TNG_Skin_C02,,missing display name
0xC03~TheNewGentleman.esp,TheNewGentleman.esp,TNG_Skin_C03,,missing display name
0xC04~TheNewGentleman.esp,TheNewGentleman.esp,TNG_Skin_C04,,missing display name
0xC05~TheNewGentleman.esp,TheNewGentleman.esp,TNG_Skin_C05,,missing display name
0xC06~TheNewGentleman.esp,TheNewGentleman.esp,TNG_Skin_C06,,missing display name
0xC07~TheNewGentleman.esp,TheNewGentleman.esp,TNG_Skin_C07,,missing display name
0xC08~TheNewGentleman.esp,TheNewGentleman.esp,TNG_Skin_C08,,missing display name
0xC09~TheNewGentleman.esp,TheNewGentleman.esp,TNG_Skin_C09,,missing display name
0xC0A~TheNewGentleman.esp,TheNewGentleman.esp,TNG_Skin_C0A,,missing display name
0xC0B~TheNewGentleman.esp,TheNewGentleman.esp,TNG_Skin_C0B,,missing display name
0xC0C~TheNewGentleman.esp,TheNewGentleman.esp,TNG_Skin_C0C,,missing display name
0xC0D~TheNewGentleman.esp,TheNewGentleman.esp,TNG_Skin_C0D,,missing display name
0xC0E~TheNewGentleman.esp,TheNewGentleman.esp,TNG_Skin_C0E,,missing display name
0xC0F~TheNewGentleman.esp,TheNewGentleman.esp,TNG_Skin_C0F,,missing display name
0xC10~TheNewGentleman.esp,TheNewGentleman.esp,TNG_Skin_C10,,missing display name
0xC11~TheNewGentleman.esp,TheNewGentleman.esp,TNG_Skin_C11,,missing display name
0xC12~TheNewGentleman.esp,TheNewGentleman.esp,TNG_Skin_C12,,missing display name
0xC13~TheNewGentleman.esp,TheNewGentleman.esp,TNG_Skin_C13,,missing display name
0xC14~TheNewGentleman.esp,TheNewGentleman.esp,TNG_Skin_C14,,missing display name
0xC15~TheNewGentleman.esp,TheNewGentleman.esp,TNG_Skin_C15,,missing display name
0xC16~TheNewGentleman.esp,TheNewGentleman.esp,TNG_Skin_C16,,missing display name
0xC17~TheNewGentleman.esp,TheNewGentleman.esp,TNG_Skin_C17,,missing display name
0xC18~TheNewGentleman.esp,TheNewGentleman.esp,TNG_Skin_C18,,missing display name
0xC19~TheNewGentleman.esp,TheNewGentleman.esp,TNG_Skin_C19,,missing display name
0xC1A~TheNewGentleman.esp,TheNewGentleman.esp,TNG_Skin_C1A,,missing display name
0xC1B~TheNewGentleman.esp,TheNewGentleman.esp,TNG_Skin_C1B,,missing display name
0xC1C~TheNewGentleman.esp,TheNewGentleman.esp,TNG_Skin_C1C,,missing display name
0xC1D~TheNewGentleman.esp,TheNewGentleman.esp,TNG_Skin_C1D,,missing display name
0xC1E~TheNewGentleman.esp,TheNewGentleman.esp,TNG_Skin_C1E,,missing display name
0xC1F~TheNewGentleman.esp,TheNewGentleman.esp,TNG_Skin_C1F,,missing display name
0xC20~TheNewGentleman.esp,TheNewGentleman.esp,TNG_Skin_C20,,missing display name
0xC21~TheNewGentleman.esp,TheNewGentleman.esp,TNG_Skin_C21,,missing display name
0xC22~TheNewGentleman.esp,TheNewGentleman.esp,TNG_Skin_C22,,missing display name
0xC23~TheNewGentleman.esp,TheNewGentleman.esp,TNG_Skin_C23,,missing display name
0xC24~TheNewGentleman.esp,TheNewGentleman.esp,TNG_Skin_C24,,missing display name
0xC25~TheNewGentleman.esp,TheNewGentleman.esp,TNG_Skin_C25,,missing display name
0xC26~TheNewGentleman.esp,TheNewGentleman.esp,TNG_Skin_C26,,missing display name
0xC27~TheNewGentleman.esp,TheNewGentleman.esp,TNG_Skin_C27,,missing display name
0xC28~TheNewGentleman.esp,TheNewGentleman.esp,TNG_Skin_C28,,missing display name
0xC29~TheNewGentleman.esp,TheNewGentleman.esp,TNG_Skin_C29,,missing display name
0xC2A~TheNewGentleman.esp,TheNewGentleman.esp,TNG_Skin_C2A,,missing display name
0xC2B~TheNewGentleman.esp,TheNewGentleman.esp,TNG_Skin_C2B,,missing display name
0xC2C~TheNewGentleman.esp,TheNewGentleman.esp,TNG_Skin_C2C,,missing display name
0xC2D~TheNewGentleman.esp,TheNewGentleman.esp,TNG_Skin_C2D,,missing display name
0xC2E~TheNewGentleman.esp,TheNewGentleman.esp,TNG_Skin_C2E,,missing display name
0xC2F~TheNewGentleman.esp,TheNewGentleman.esp,TNG_Skin_C2F,,missing display name
0xC30~TheNewGentleman.esp,TheNewGentleman.esp,TNG_Skin_C30,,missing display name
0xC31~TheNewGentleman.esp,TheNewGentleman.esp,TNG_Skin_C31,,missing display name
0xC32~TheNewGentleman.esp,TheNewGentleman.esp,TNG_Skin_C32,,missing display name
0xC33~TheNewGentleman.esp,TheNewGentleman.esp,TNG_Skin_C33,,missing display name
0xC34~TheNewGentleman.esp,TheNewGentleman.esp,TNG_Skin_C34,,missing display name
0xC35~TheNewGentleman.esp,TheNewGentleman.esp,TNG_Skin_C35,,missing display name
0xC36~TheNewGentleman.esp,TheNewGentleman.esp,TNG_Skin_C36,,missing display name
0xC37~TheNewGentleman.esp,TheNewGentleman.esp,TNG_Skin_C37,,missing display name
0xC38~TheNewGentleman.esp,TheNewGentleman.esp,TNG_Skin_C38,,missing display name
0xC39~TheNewGentleman.esp,TheNewGentleman.esp,TNG_Skin_C39,,missing display name
0xC3A~TheNewGentleman.esp,TheNewGentleman.esp,TNG_Skin_C3A,,missing display name
0xC3B~TheNewGentleman.esp,TheNewGentleman.esp,TNG_Skin_C3B,,missing display name
0xC3C~TheNewGentleman.esp,TheNewGentleman.esp,TNG_Skin_C3C,,missing display name
0xC3D~TheNewGentleman.esp,TheNewGentleman.esp,TNG_Skin_C3D,,missing display name
0xC3E~TheNewGentleman.esp,TheNewGentleman.esp,TNG_Skin_C3E,,missing display name
0xC3F~TheNewGentleman.esp,TheNewGentleman.esp,TNG_Skin_C3F,,missing display name
0xC40~TheNewGentleman.esp,TheNewGentleman.esp,TNG_Skin_C40,,missing display name
0xC41~TheNewGentleman.esp,TheNewGentleman.esp,TNG_Skin_C41,,missing display name
0xC42~TheNewGentleman.esp,TheNewGentleman.esp,TNG_Skin_C42,,missing display name
0xC43~TheNewGentleman.esp,TheNewGentleman.esp,TNG_Skin_C43,,missing display name
0xC44~TheNewGentleman.esp,TheNewGentleman.esp,TNG_Skin_C44,,missing display name
0xC45~TheNewGentleman.esp,TheNewGentleman.esp,TNG_Skin_C45,,missing display name
0xC46~TheNewGentleman.esp,TheNewGentleman.esp,TNG_Skin_C46,,missing display name
0xC47~TheNewGentleman.esp,TheNewGentleman.esp,TNG_Skin_C47,,missing display name
0xC48~TheNewGentleman.esp,TheNewGentleman.esp,TNG_Skin_C48,,missing display name
0xC49~TheNewGentleman.esp,TheNewGentleman.esp,TNG_Skin_C49,,missing display name
0xC4A~TheNewGentleman.esp,TheNewGentleman.esp,TNG_Skin_C4A,,missing display name
0xC4B~TheNewGentleman.esp,TheNewGentleman.esp,TNG_Skin_C4B,,missing display name
0xC4C~TheNewGentleman.esp,TheNewGentleman.esp,TNG_Skin_C4C,,missing display name
0xC4D~TheNewGentleman.esp,TheNewGentleman.esp,TNG_Skin_C4D,,missing display name
0xC4E~TheNewGentleman.esp,TheNewGentleman.esp,TNG_Skin_C4E,,missing display name
0xC4F~TheNewGentleman.esp,TheNewGentleman.esp,TNG_Skin_C4F,,missing display name
0xC50~TheNewGentleman.esp,TheNewGentleman.esp,TNG_Skin_C50,,missing display name
0xC51~TheNewGentleman.esp,TheNewGentleman.esp,TNG_Skin_C51,,missing display name
0xC52~TheNewGentleman.esp,TheNewGentleman.esp,TNG_Skin_C52,,missing display name
0xC53~TheNewGentleman.esp,TheNewGentleman.esp,TNG_Skin_C53,,missing display name
0xC54~TheNewGentleman.esp,TheNewGentleman.esp,TNG_Skin_C54,,missing display name
0xC55~TheNewGentleman.esp,TheNewGentleman.esp,TNG_Skin_C55,,missing display name
0xC56~TheNewGentleman.esp,TheNewGentleman.esp,TNG_Skin_C56,,missing display name
0xC57~TheNewGentleman.esp,TheNewGentleman.esp,TNG_Skin_C57,,missing display name
0xC58~TheNewGentleman.esp,TheNewGentleman.esp,TNG_Skin_C58,,missing display name
0xC59~TheNewGentleman.esp,TheNewGentleman.esp,TNG_Skin_C59,,missing display name
0xC5A~TheNewGentleman.esp,TheNewGentleman.esp,TNG_Skin_C5A,,missing display name
0xC5B~TheNewGentleman.esp,TheNewGentleman.esp,TNG_Skin_C5B,,missing display name
0xC5C~TheNewGentleman.esp,TheNewGentleman.esp,TNG_Skin_C5C,,missing display name
0xC5D~TheNewGentleman.esp,TheNewGentleman.esp,TNG_Skin_C5D,,missing display name
0xC5E~TheNewGentleman.esp,TheNewGentleman.esp,TNG_Skin_C5E,,missing display name
0xC5F~TheNewGentleman.esp,TheNewGentleman.esp,TNG_Skin_C5F,,missing display name
0xC60~TheNewGentleman.esp,TheNewGentleman.esp,TNG_Skin_C60,,missing display name
0xC61~TheNewGentleman.esp,TheNewGentleman.esp,TNG_Skin_C61,,missing display name
0xC62~TheNewGentleman.esp,TheNewGentleman.esp,TNG_Skin_C62,,missing display name
0xC63~TheNewGentleman.esp,TheNewGentleman.esp,TNG_Skin_C63,,missing display name
0xC64~TheNewGentleman.esp,TheNewGentleman.esp,TNG_Skin_C64,,missing display name
0xC65~TheNewGentleman.esp,TheNewGentleman.esp,TNG_Skin_C65,,missing display name
0xC66~TheNewGentleman.esp,TheNewGentleman.esp,TNG_Skin_C66,,missing display name
0xC67~TheNewGentleman.esp,TheNewGentleman.esp,TNG_Skin_C67,,missing display name
0xC68~TheNewGentleman.esp,TheNewGentleman.esp,TNG_Skin_C68,,missing display name
0xC69~TheNewGentleman.esp,TheNewGentleman.esp,TNG_Skin_C69,,missing display name
0xC6A~TheNewGentleman.esp,TheNewGentleman.esp,TNG_Skin_C6A,,missing display name
0xC6B~TheNewGentleman.esp,TheNewGentleman.esp,TNG_Skin_C6B,,missing display name
0xC6C~TheNewGentleman.esp,TheNewGentleman.esp,TNG_Skin_C6C,,missing display name
0xC6D~TheNewGentleman.esp,TheNewGentleman.esp,TNG_Skin_C6D,,missing display name
0xC6E~TheNewGentleman.esp,TheNewGentleman.esp,TNG_Skin_C6E,,missing display name
0xC6F~TheNewGentleman.esp,TheNewGentleman.esp,TNG_Skin_C6F,,missing display name
0xC70~TheNewGentleman.esp,TheNewGentleman.esp,TNG_Skin_C70,,missing display name
0xC71~TheNewGentleman.esp,TheNewGentleman.esp,TNG_Skin_C71,,missing display name
0xC72~TheNewGentleman.esp,TheNewGentleman.esp,TNG_Skin_C72,,missing display name
0xC73~TheNewGentleman.esp,TheNewGentleman.esp,TNG_Skin_C73,,missing display name
0xC74~TheNewGentleman.esp,TheNewGentleman.esp,TNG_Skin_C74,,missing display name
0xC75~TheNewGentleman.esp,TheNewGentleman.esp,TNG_Skin_C75,,missing display name
0xC76~TheNewGentleman.esp,TheNewGentleman.esp,TNG_Skin_C76,,missing display name
0xC77~TheNewGentleman.esp,TheNewGentleman.esp,TNG_Skin_C77,,missing display name
0xC78~TheNewGentleman.esp,TheNewGentleman.esp,TNG_Skin_C78,,missing display name
0xC79~TheNewGentleman.esp,TheNewGentleman.esp,TNG_Skin_C79,,missing display name
0xC7A~TheNewGentleman.esp,TheNewGentleman.esp,TNG_Skin_C7A,,missing display name
0xC7B~TheNewGentleman.esp,TheNewGentleman.esp,TNG_Skin_C7B,,missing display name
0xC7C~TheNewGentleman.esp,TheNewGentleman.esp,TNG_Skin_C7C,,missing display name
0xC7D~TheNewGentleman.esp,TheNewGentleman.esp,TNG_Skin_C7D,,missing display name
0xC7E~TheNewGentleman.esp,TheNewGentleman.esp,TNG_Skin_C7E,,missing display name
0xC7F~TheNewGentleman.esp,TheNewGentleman.esp,TNG_Skin_C7F,,missing display name
0xC80~TheNewGentleman.esp,TheNewGentleman.esp,TNG_Skin_C80,,missing display name
0xC81~TheNewGentleman.esp,TheNewGentleman.esp,TNG_Skin_C81,,missing display name
0xC82~TheNewGentleman.esp,TheNewGentleman.esp,TNG_Skin_C82,,missing display name
0xC83~TheNewGentleman.esp,TheNewGentleman.esp,TNG_Skin_C83,,missing display name
0xC84~TheNewGentleman.esp,TheNewGentleman.esp,TNG_Skin_C84,,missing display name
0xC85~TheNewGentleman.esp,TheNewGentleman.esp,TNG_Skin_C85,,missing display name
0xC86~TheNewGentleman.esp,TheNewGentleman.esp,TNG_Skin_C86,,missing display name
0xC87~TheNewGentleman.esp,TheNewGentleman.esp,TNG_Skin_C87,,missing display name
0xC88~TheNewGentleman.esp,TheNewGentleman.esp,TNG_Skin_C88,,missing display name
0xC89~TheNewGentleman.esp,TheNewGentleman.esp,TNG_Skin_C89,,missing display name
0xC8A~TheNewGentleman.esp,TheNewGentleman.esp,TNG_Skin_C8A,,missing display name
0xC8B~TheNewGentleman.esp,TheNewGentleman.esp,TNG_Skin_C8B,,missing display name
0xC8C~TheNewGentleman.esp,TheNewGentleman.esp,TNG_Skin_C8C,,missing display name
0xC8D~TheNewGentleman.esp,TheNewGentleman.esp,TNG_Skin_C8D,,missing display name
0xC8E~TheNewGentleman.esp,TheNewGentleman.esp,TNG_Skin_C8E,,missing display name
0xC8F~TheNewGentleman.esp,TheNewGentleman.esp,TNG_Skin_C8F,,missing display name
0xC90~TheNewGentleman.esp,TheNewGentleman.esp,TNG_Skin_C90,,missing display name
0xC91~TheNewGentleman.esp,TheNewGentleman.esp,TNG_Skin_C91,,missing display name
0xC92~TheNewGentleman.esp,TheNewGentleman.esp,TNG_Skin_C92,,missing display name
0xC93~TheNewGentleman.esp,TheNewGentleman.esp,TNG_Skin_C93,,missing display name
0xC94~TheNewGentleman.esp,TheNewGentleman.esp,TNG_Skin_C94,,missing display name
0xC95~TheNewGentleman.esp,TheNewGentleman.esp,TNG_Skin_C95,,missing display name
0xC96~TheNewGentleman.esp,TheNewGentleman.esp,TNG_Skin_C96,,missing display name
0xC97~TheNewGentleman.esp,TheNewGentleman.esp,TNG_Skin_C97,,missing display name
0xC98~TheNewGentleman.esp,TheNewGentleman.esp,TNG_Skin_C98,,missing display name
0xC99~TheNewGentleman.esp,TheNewGentleman.esp,TNG_Skin_C99,,missing display name
0xC9A~TheNewGentleman.esp,TheNewGentleman.esp,TNG_Skin_C9A,,missing display name
0xC9B~TheNewGentleman.esp,TheNewGentleman.esp,TNG_Skin_C9B,,missing display name
0xC9C~TheNewGentleman.esp,TheNewGentleman.esp,TNG_Skin_C9C,,missing display name
0xC9D~TheNewGentleman.esp,TheNewGentleman.esp,TNG_Skin_C9D,,missing display name
0xC9E~TheNewGentleman.esp,TheNewGentleman.esp,TNG_Skin_C9E,,missing display name
0xC9F~TheNewGentleman.esp,TheNewGentleman.esp,TNG_Skin_C9F,,missing display name
0xCA0~TheNewGentleman.esp,TheNewGentleman.esp,TNG_Skin_CA0,,missing display name
0xCA1~TheNewGentleman.esp,TheNewGentleman.esp,TNG_Skin_CA1,,missing display name
0xCA2~TheNewGentleman.esp,TheNewGentleman.esp,TNG_Skin_CA2,,missing display name
0xCA3~TheNewGentleman.esp,TheNewGentleman.esp,TNG_Skin_CA3,,missing display name
0xCA4~TheNewGentleman.esp,TheNewGentleman.esp,TNG_Skin_CA4,,missing display name
0xCA5~TheNewGentleman.esp,TheNewGentleman.esp,TNG_Skin_CA5,,missing display name
0xCA6~TheNewGentleman.esp,TheNewGentleman.esp,TNG_Skin_CA6,,missing display name
0xCA7~TheNewGentleman.esp,TheNewGentleman.esp,TNG_Skin_CA7,,missing display name
0xCA8~TheNewGentleman.esp,TheNewGentleman.esp,TNG_Skin_CA8,,missing display name
0xCA9~TheNewGentleman.esp,TheNewGentleman.esp,TNG_Skin_CA9,,missing display name
0xCAA~TheNewGentleman.esp,TheNewGentleman.esp,TNG_Skin_CAA,,missing display name
0xCAB~TheNewGentleman.esp,TheNewGentleman.esp,TNG_Skin_CAB,,missing display name
0xCAC~TheNewGentleman.esp,TheNewGentleman.esp,TNG_Skin_CAC,,missing display name
0xCAD~TheNewGentleman.esp,TheNewGentleman.esp,TNG_Skin_CAD,,missing display name
0xCAE~TheNewGentleman.esp,TheNewGentleman.esp,TNG_Skin_CAE,,missing display name
0xCAF~TheNewGentleman.esp,TheNewGentleman.esp,TNG_Skin_CAF,,missing display name
0xCB0~TheNewGentleman.esp,TheNewGentleman.esp,TNG_Skin_CB0,,missing display name
0xCB1~TheNewGentleman.esp,TheNewGentleman.esp,TNG_Skin_CB1,,missing display name
0xCB2~TheNewGentleman.esp,TheNewGentleman.esp,TNG_Skin_CB2,,missing display name
0xCB3~TheNewGentleman.esp,TheNewGentleman.esp,TNG_Skin_CB3,,missing display name
0xCB4~TheNewGentleman.esp,TheNewGentleman.esp,TNG_Skin_CB4,,missing display name
0xCB5~TheNewGentleman.esp,TheNewGentleman.esp,TNG_Skin_CB5,,missing display name
0xCB6~TheNewGentleman.esp,TheNewGentleman.esp,TNG_Skin_CB6,,missing display name
0xCB7~TheNewGentleman.esp,TheNewGentleman.esp,TNG_Skin_CB7,,missing display name
0xCB8~TheNewGentleman.esp,TheNewGentleman.esp,TNG_Skin_CB8,,missing display name
0xCB9~TheNewGentleman.esp,TheNewGentleman.esp,TNG_Skin_CB9,,missing display name
0xCBA~TheNewGentleman.esp,TheNewGentleman.esp,TNG_Skin_CBA,,missing display name
0xCBB~TheNewGentleman.esp,TheNewGentleman.esp,TNG_Skin_CBB,,missing display name
0xCBC~TheNewGentleman.esp,TheNewGentleman.esp,TNG_Skin_CBC,,missing display name
0xCBD~TheNewGentleman.esp,TheNewGentleman.esp,TNG_Skin_CBD,,missing display name
0xCBE~TheNewGentleman.esp,TheNewGentleman.esp,TNG_Skin_CBE,,missing display name
0xCBF~TheNewGentleman.esp,TheNewGentleman.esp,TNG_Skin_CBF,,missing display name
0xCC0~TheNewGentleman.esp,TheNewGentleman.esp,TNG_Skin_CC0,,missing display name
0xCC1~TheNewGentleman.esp,TheNewGentleman.esp,TNG_Skin_CC1,,missing display name
0xCC2~TheNewGentleman.esp,TheNewGentleman.esp,TNG_Skin_CC2,,missing display name
0xCC3~TheNewGentleman.esp,TheNewGentleman.esp,TNG_Skin_CC3,,missing display name
0xCC4~TheNewGentleman.esp,TheNewGentleman.esp,TNG_Skin_CC4,,missing display name
0xCC5~TheNewGentleman.esp,TheNewGentleman.esp,TNG_Skin_CC5,,missing display name
0xCC6~TheNewGentleman.esp,TheNewGentleman.esp,TNG_Skin_CC6,,missing display name
0xCC7~TheNewGentleman.esp,TheNewGentleman.esp,TNG_Skin_CC7,,missing display name
0xCC8~TheNewGentleman.esp,TheNewGentleman.esp,TNG_Skin_CC8,,missing display name
0xCC9~TheNewGentleman.esp,TheNewGentleman.esp,TNG_Skin_CC9,,missing display name
0xCCA~TheNewGentleman.esp,TheNewGentleman.esp,TNG_Skin_CCA,,missing display name
0xCCB~TheNewGentleman.esp,TheNewGentleman.esp,TNG_Skin_CCB,,missing display name
0xCCC~TheNewGentleman.esp,TheNewGentleman.esp,TNG_Skin_CCC,,missing display name
0xCCD~TheNewGentleman.esp,TheNewGentleman.esp,TNG_Skin_CCD,,missing display name
0xCCE~TheNewGentleman.esp,TheNewGentleman.esp,TNG_Skin_CCE,,missing display name
0xCCF~TheNewGentleman.esp,TheNewGentleman.esp,TNG_Skin_CCF,,missing display name
0xCD0~TheNewGentleman.esp,TheNewGentleman.esp,TNG_Skin_CD0,,missing display name
0xCD1~TheNewGentleman.esp,TheNewGentleman.esp,TNG_Skin_CD1,,missing display name
0xCD2~TheNewGentleman.esp,TheNewGentleman.esp,TNG_Skin_CD2,,missing display name
0xCD3~TheNewGentleman.esp,TheNewGentleman.esp,TNG_Skin_CD3,,missing display name
0xCD4~TheNewGentleman.esp,TheNewGentleman.esp,TNG_Skin_CD4,,missing display name
0xCD5~TheNewGentleman.esp,TheNewGentleman.esp,TNG_Skin_CD5,,missing display name
0xCD6~TheNewGentleman.esp,TheNewGentleman.esp,TNG_Skin_CD6,,missing display name
0xCD7~TheNewGentleman.esp,TheNewGentleman.esp,TNG_Skin_CD7,,missing display name
0xCD8~TheNewGentleman.esp,TheNewGentleman.esp,TNG_Skin_CD8,,missing display name
0xCD9~TheNewGentleman.esp,TheNewGentleman.esp,TNG_Skin_CD9,,missing display name
0xCDA~TheNewGentleman.esp,TheNewGentleman.esp,TNG_Skin_CDA,,missing display name
0xCDB~TheNewGentleman.esp,TheNewGentleman.esp,TNG_Skin_CDB,,missing display name
0xCDC~TheNewGentleman.esp,TheNewGentleman.esp,TNG_Skin_CDC,,missing display name
0xCDD~TheNewGentleman.esp,TheNewGentleman.esp,TNG_Skin_CDD,,missing display name
0xCDE~TheNewGentleman.esp,TheNewGentleman.esp,TNG_Skin_CDE,,missing display name
0xCDF~TheNewGentleman.esp,TheNewGentleman.esp,TNG_Skin_CDF,,missing display name
0xCE0~TheNewGentleman.esp,TheNewGentleman.esp,TNG_Skin_CE0,,missing display name
0xCE1~TheNewGentleman.esp,TheNewGentleman.esp,TNG_Skin_CE1,,missing display name
0xCE2~TheNewGentleman.esp,TheNewGentleman.esp,TNG_Skin_CE2,,missing display name
0xCE3~TheNewGentleman.esp,TheNewGentleman.esp,TNG_Skin_CE3,,missing display name
0xCE4~TheNewGentleman.esp,TheNewGentleman.esp,TNG_Skin_CE4,,missing display name
0xCE5~TheNewGentleman.esp,TheNewGentleman.esp,TNG_Skin_CE5,,missing display name
0xCE6~TheNewGentleman.esp,TheNewGentleman.esp,TNG_Skin_CE6,,missing display name
0xCE7~TheNewGentleman.esp,TheNewGentleman.esp,TNG_Skin_CE7,,missing display name
0xCE8~TheNewGentleman.esp,TheNewGentleman.esp,TNG_Skin_CE8,,missing display name
0xCE9~TheNewGentleman.esp,TheNewGentleman.esp,TNG_Skin_CE9,,missing display name
0xCEA~TheNewGentleman.esp,TheNewGentleman.esp,TNG_Skin_CEA,,missing display name
0xCEB~TheNewGentleman.esp,TheNewGentleman.esp,TNG_Skin_CEB,,missing display name
0xCEC~TheNewGentleman.esp,TheNewGentleman.esp,TNG_Skin_CEC,,missing display name
0xCED~TheNewGentleman.esp,TheNewGentleman.esp,TNG_Skin_CED,,missing display name
0xCEE~TheNewGentleman.esp,TheNewGentleman.esp,TNG_Skin_CEE,,missing display name
0xCEF~TheNewGentleman.esp,TheNewGentleman.esp,TNG_Skin_CEF,,missing display name
0xCF0~TheNewGentleman.esp,TheNewGentleman.esp,TNG_Skin_CF0,,missing display name
0xCF1~TheNewGentleman.esp,TheNewGentleman.esp,TNG_Skin_CF1,,missing display name
0xCF2~TheNewGentleman.esp,TheNewGentleman.esp,TNG_Skin_CF2,,missing display name
0xCF3~TheNewGentleman.esp,TheNewGentleman.esp,TNG_Skin_CF3,,missing display name
0xCF4~TheNewGentleman.esp,TheNewGentleman.esp,TNG_Skin_CF4,,missing display name
0xCF5~TheNewGentleman.esp,TheNewGentleman.esp,TNG_Skin_CF5,,missing display name
0xCF6~TheNewGentleman.esp,TheNewGentleman.esp,TNG_Skin_CF6,,missing display name
0xCF7~TheNewGentleman.esp,TheNewGentleman.esp,TNG_Skin_CF7,,missing display name
0xCF8~TheNewGentleman.esp,TheNewGentleman.esp,TNG_Skin_CF8,,missing display name
0xCF9~TheNewGentleman.esp,TheNewGentleman.esp,TNG_Skin_CF9,,missing display name
0xCFA~TheNewGentleman.esp,TheNewGentleman.esp,TNG_Skin_CFA,,missing display name
0xCFB~TheNewGentleman.esp,TheNewGentleman.esp,TNG_Skin_CFB,,missing display name
0xCFC~TheNewGentleman.esp,TheNewGentleman.esp,TNG_Skin_CFC,,missing display name
0xCFD~TheNewGentleman.esp,TheNewGentleman.esp,TNG_Skin_CFD,,missing display name
0xCFE~TheNewGentleman.esp,TheNewGentleman.esp,TNG_Skin_CFE,,missing display name
0xCFF~TheNewGentleman.esp,TheNewGentleman.esp,TNG_Skin_CFF,,missing display name
0xD00~TheNewGentleman.esp,TheNewGentleman.esp,TNG_Skin_D00,,missing display name
0xD01~TheNewGentleman.esp,TheNewGentleman.esp,TNG_Skin_D01,,missing display name
0xD02~TheNewGentleman.esp,TheNewGentleman.esp,TNG_Skin_D02,,missing display name
0xD03~TheNewGentleman.esp,TheNewGentleman.esp,TNG_Skin_D03,,missing display name
0xD04~TheNewGentleman.esp,TheNewGentleman.esp,TNG_Skin_D04,,missing display name
0xD05~TheNewGentleman.esp,TheNewGentleman.esp,TNG_Skin_D05,,missing display name
0xD06~TheNewGentleman.esp,TheNewGentleman.esp,TNG_Skin_D06,,missing display name
0xD07~TheNewGentleman.esp,TheNewGentleman.esp,TNG_Skin_D07,,missing display name
0xD08~TheNewGentleman.esp,TheNewGentleman.esp,TNG_Skin_D08,,missing display name
0xD09~TheNewGentleman.esp,TheNewGentleman.esp,TNG_Skin_D09,,missing display name
0xD0A~TheNewGentleman.esp,TheNewGentleman.esp,TNG_Skin_D0A,,missing display name
0xD0B~TheNewGentleman.esp,TheNewGentleman.esp,TNG_Skin_D0B,,missing display name
0xD0C~TheNewGentleman.esp,TheNewGentleman.esp,TNG_Skin_D0C,,missing display name
0xD0D~TheNewGentleman.esp,TheNewGentleman.esp,TNG_Skin_D0D,,missing display name
0xD0E~TheNewGentleman.esp,TheNewGentleman.esp,TNG_Skin_D0E,,missing display name
0xD0F~TheNewGentleman.esp,TheNewGentleman.esp,TNG_Skin_D0F,,missing display name
0xD10~TheNewGentleman.esp,TheNewGentleman.esp,TNG_Skin_D10,,missing display name
0xD11~TheNewGentleman.esp,TheNewGentleman.esp,TNG_Skin_D11,,missing display name
0xD12~TheNewGentleman.esp,TheNewGentleman.esp,TNG_Skin_D12,,missing display name
0xD13~TheNewGentleman.esp,TheNewGentleman.esp,TNG_Skin_D13,,missing display name
0xD14~TheNewGentleman.esp,TheNewGentleman.esp,TNG_Skin_D14,,missing display name
0xD15~TheNewGentleman.esp,TheNewGentleman.esp,TNG_Skin_D15,,missing display name
0xD16~TheNewGentleman.esp,TheNewGentleman.esp,TNG_Skin_D16,,missing display name
0xD17~TheNewGentleman.esp,TheNewGentleman.esp,TNG_Skin_D17,,missing display name
0xD18~TheNewGentleman.esp,TheNewGentleman.esp,TNG_Skin_D18,,missing display name
0xD19~TheNewGentleman.esp,TheNewGentleman.esp,TNG_Skin_D19,,missing display name
0xD1A~TheNewGentleman.esp,TheNewGentleman.esp,TNG_Skin_D1A,,missing display name
0xD1B~TheNewGentleman.esp,TheNewGentleman.esp,TNG_Skin_D1B,,missing display name
0xD1C~TheNewGentleman.esp,TheNewGentleman.esp,TNG_Skin_D1C,,missing display name
0xD1D~TheNewGentleman.esp,TheNewGentleman.esp,TNG_Skin_D1D,,missing display name
0xD1E~TheNewGentleman.esp,TheNewGentleman.esp,TNG_Skin_D1E,,missing display name
0xD1F~TheNewGentleman.esp,TheNewGentleman.esp,TNG_Skin_D1F,,missing display name
0xD20~TheNewGentleman.esp,TheNewGentleman.esp,TNG_Skin_D20,,missing display name
0xD21~TheNewGentleman.esp,TheNewGentleman.esp,TNG_Skin_D21,,missing display name
0xD22~TheNewGentleman.esp,TheNewGentleman.esp,TNG_Skin_D22,,missing display name
0xD23~TheNewGentleman.esp,TheNewGentleman.esp,TNG_Skin_D23,,missing display name
0xD24~TheNewGentleman.esp,TheNewGentleman.esp,TNG_Skin_D24,,missing display name
0xD25~TheNewGentleman.esp,TheNewGentleman.esp,TNG_Skin_D25,,missing display name
0xD26~TheNewGentleman.esp,TheNewGentleman.esp,TNG_Skin_D26,,missing display name
0xD27~TheNewGentleman.esp,TheNewGentleman.esp,TNG_Skin_D27,,missing display name
0xD28~TheNewGentleman.esp,TheNewGentleman.esp,TNG_Skin_D28,,missing display name
0xD29~TheNewGentleman.esp,TheNewGentleman.esp,TNG_Skin_D29,,missing display name
0xD2A~TheNewGentleman.esp,TheNewGentleman.esp,TNG_Skin_D2A,,missing display name
0xD2B~TheNewGentleman.esp,TheNewGentleman.esp,TNG_Skin_D2B,,missing display name
0xD2C~TheNewGentleman.esp,TheNewGentleman.esp,TNG_Skin_D2C,,missing display name
0xD2D~TheNewGentleman.esp,TheNewGentleman.esp,TNG_Skin_D2D,,missing display name
0xD2E~TheNewGentleman.esp,TheNewGentleman.esp,TNG_Skin_D2E,,missing display name
0xD2F~TheNewGentleman.esp,TheNewGentleman.esp,TNG_Skin_D2F,,missing display name
0xD30~TheNewGentleman.esp,TheNewGentleman.esp,TNG_Skin_D30,,missing display name
0xD31~TheNewGentleman.esp,TheNewGentleman.esp,TNG_Skin_D31,,missing display name
0xD32~TheNewGentleman.esp,TheNewGentleman.esp,TNG_Skin_D32,,missing display name
0xD33~TheNewGentleman.esp,TheNewGentleman.esp,TNG_Skin_D33,,missing display name
0xD34~TheNewGentleman.esp,TheNewGentleman.esp,TNG_Skin_D34,,missing display name
0xD35~TheNewGentleman.esp,TheNewGentleman.esp,TNG_Skin_D35,,missing display name
0xD36~TheNewGentleman.esp,TheNewGentleman.esp,TNG_Skin_D36,,missing display name
0xD37~TheNewGentleman.esp,TheNewGentleman.esp,TNG_Skin_D37,,missing display name
0xD38~TheNewGentleman.esp,TheNewGentleman.esp,TNG_Skin_D38,,missing display name
0xD39~TheNewGentleman.esp,TheNewGentleman.esp,TNG_Skin_D39,,missing display name
0xD3A~TheNewGentleman.esp,TheNewGentleman.esp,TNG_Skin_D3A,,missing display name
0xD3B~TheNewGentleman.esp,TheNewGentleman.esp,TNG_Skin_D3B,,missing display name
0xD3C~TheNewGentleman.esp,TheNewGentleman.esp,TNG_Skin_D3C,,missing display name
0xD3D~TheNewGentleman.esp,TheNewGentleman.esp,TNG_Skin_D3D,,missing display name
0xD3E~TheNewGentleman.esp,TheNewGentleman.esp,TNG_Skin_D3E,,missing display name
0xD3F~TheNewGentleman.esp,TheNewGentleman.esp,TNG_Skin_D3F,,missing display name
0xD40~TheNewGentleman.esp,TheNewGentleman.esp,TNG_Skin_D40,,missing display name
0xD41~TheNewGentleman.esp,TheNewGentleman.esp,TNG_Skin_D41,,missing display name
0xD42~TheNewGentleman.esp,TheNewGentleman.esp,TNG_Skin_D42,,missing display name
0xD43~TheNewGentleman.esp,TheNewGentleman.esp,TNG_Skin_D43,,missing display name
0xD44~TheNewGentleman.esp,TheNewGentleman.esp,TNG_Skin_D44,,missing display name
0xD45~TheNewGentleman.esp,TheNewGentleman.esp,TNG_Skin_D45,,missing display name
0xD46~TheNewGentleman.esp,TheNewGentleman.esp,TNG_Skin_D46,,missing display name
0xD47~TheNewGentleman.esp,TheNewGentleman.esp,TNG_Skin_D47,,missing display name
0xD48~TheNewGentleman.esp,TheNewGentleman.esp,TNG_Skin_D48,,missing display name
0xD49~TheNewGentleman.esp,TheNewGentleman.esp,TNG_Skin_D49,,missing display name
0xD4A~TheNewGentleman.esp,TheNewGentleman.esp,TNG_Skin_D4A,,missing display name
0xD4B~TheNewGentleman.esp,TheNewGentleman.esp,TNG_Skin_D4B,,missing display name
0xD4C~TheNewGentleman.esp,TheNewGentleman.esp,TNG_Skin_D4C,,missing display name
0xD4D~TheNewGentleman.esp,TheNewGentleman.esp,TNG_Skin_D4D,,missing display name
0xD4E~TheNewGentleman.esp,TheNewGentleman.esp,TNG_Skin_D4E,,missing display name
0xD4F~TheNewGentleman.esp,TheNewGentleman.esp,TNG_Skin_D4F,,missing display name
0xD50~TheNewGentleman.esp,TheNewGentleman.esp,TNG_Skin_D50,,missing display name
0xD51~TheNewGentleman.esp,TheNewGentleman.esp,TNG_Skin_D51,,missing display name
0xD52~TheNewGentleman.esp,TheNewGentleman.esp,TNG_Skin_D52,,missing display name
0xD53~TheNewGentleman.esp,TheNewGentleman.esp,TNG_Skin_D53,,missing display name
0xD54~TheNewGentleman.esp,TheNewGentleman.esp,TNG_Skin_D54,,missing display name
0xD55~TheNewGentleman.esp,TheNewGentleman.esp,TNG_Skin_D55,,missing display name
0xD56~TheNewGentleman.esp,TheNewGentleman.esp,TNG_Skin_D56,,missing display name
0xD57~TheNewGentleman.esp,TheNewGentleman.esp,TNG_Skin_D57,,missing display name
0xD58~TheNewGentleman.esp,TheNewGentleman.esp,TNG_Skin_D58,,missing display name
0xD59~TheNewGentleman.esp,TheNewGentleman.esp,TNG_Skin_D59,,missing display name
0xD5A~TheNewGentleman.esp,TheNewGentleman.esp,TNG_Skin_D5A,,missing display name
0xD5B~TheNewGentleman.esp,TheNewGentleman.esp,TNG_Skin_D5B,,missing display name
0xD5C~TheNewGentleman.esp,TheNewGentleman.esp,TNG_Skin_D5C,,missing display name
0xD5D~TheNewGentleman.esp,TheNewGentleman.esp,TNG_Skin_D5D,,missing display name
0xD5E~TheNewGentleman.esp,TheNewGentleman.esp,TNG_Skin_D5E,,missing display name
0xD5F~TheNewGentleman.esp,TheNewGentleman.esp,TNG_Skin_D5F,,missing display name
0xD60~TheNewGentleman.esp,TheNewGentleman.esp,TNG_Skin_D60,,missing display name
0xD61~TheNewGentleman.esp,TheNewGentleman.esp,TNG_Skin_D61,,missing display name
0xD62~TheNewGentleman.esp,TheNewGentleman.esp,TNG_Skin_D62,,missing display name
0xD63~TheNewGentleman.esp,TheNewGentleman.esp,TNG_Skin_D63,,missing display name
0xD64~TheNewGentleman.esp,TheNewGentleman.esp,TNG_Skin_D64,,missing display name
0xD65~TheNewGentleman.esp,TheNewGentleman.esp,TNG_Skin_D65,,missing display name
0xD66~TheNewGentleman.esp,TheNewGentleman.esp,TNG_Skin_D66,,missing display name
0xD67~TheNewGentleman.esp,TheNewGentleman.esp,TNG_Skin_D67,,missing display name
0xD68~TheNewGentleman.esp,TheNewGentleman.esp,TNG_Skin_D68,,missing display name
0xD69~TheNewGentleman.esp,TheNewGentleman.esp,TNG_Skin_D69,,missing display name
0xD6A~TheNewGentleman.esp,TheNewGentleman.esp,TNG_Skin_D6A,,missing display name
0xD6B~TheNewGentleman.esp,TheNewGentleman.esp,TNG_Skin_D6B,,missing display name
0xD6C~TheNewGentleman.esp,TheNewGentleman.esp,TNG_Skin_D6C,,missing display name
0xD6D~TheNewGentleman.esp,TheNewGentleman.esp,TNG_Skin_D6D,,missing display name
0xD6E~TheNewGentleman.esp,TheNewGentleman.esp,TNG_Skin_D6E,,missing display name
0xD6F~TheNewGentleman.esp,TheNewGentleman.esp,TNG_Skin_D6F,,missing display name
0xD70~TheNewGentleman.esp,TheNewGentleman.esp,TNG_Skin_D70,,missing display name
0xD71~TheNewGentleman.esp,TheNewGentleman.esp,TNG_Skin_D71,,missing display name
0xD72~TheNewGentleman.esp,TheNewGentleman.esp,TNG_Skin_D72,,missing display name
0xD73~TheNewGentleman.esp,TheNewGentleman.esp,TNG_Skin_D73,,missing display name
0xD74~TheNewGentleman.esp,TheNewGentleman.esp,TNG_Skin_D74,,missing display name
0xD75~TheNewGentleman.esp,TheNewGentleman.esp,TNG_Skin_D75,,missing display name
0xD76~TheNewGentleman.esp,TheNewGentleman.esp,TNG_Skin_D76,,missing display name
0xD77~TheNewGentleman.esp,TheNewGentleman.esp,TNG_Skin_D77,,missing display name
0xD78~TheNewGentleman.esp,TheNewGentleman.esp,TNG_Skin_D78,,missing display name
0xD79~TheNewGentleman.esp,TheNewGentleman.esp,TNG_Skin_D79,,missing display name
0xD7A~TheNewGentleman.esp,TheNewGentleman.esp,TNG_Skin_D7A,,missing display name
0xD7B~TheNewGentleman.esp,TheNewGentleman.esp,TNG_Skin_D7B,,missing display name
0xD7C~TheNewGentleman.esp,TheNewGentleman.esp,TNG_Skin_D7C,,missing display name
0xD7D~TheNewGentleman.esp,TheNewGentleman.esp,TNG_Skin_D7D,,missing display name
0xD7E~TheNewGentleman.esp,TheNewGentleman.esp,TNG_Skin_D7E,,missing display name
0xD7F~TheNewGentleman.esp,TheNewGentleman.esp,TNG_Skin_D7F,,missing display name
0xD80~TheNewGentleman.esp,TheNewGentleman.esp,TNG_Skin_D80,,missing display name
0xD81~TheNewGentleman.esp,TheNewGentleman.esp,TNG_Skin_D81,,missing display name
0xD82~TheNewGentleman.esp,TheNewGentleman.esp,TNG_Skin_D82,,missing display name
0xD83~TheNewGentleman.esp,TheNewGentleman.esp,TNG_Skin_D83,,missing display name
0xD84~TheNewGentleman.esp,TheNewGentleman.esp,TNG_Skin_D84,,missing display name
0xD85~TheNewGentleman.esp,TheNewGentleman.esp,TNG_Skin_D85,,missing display name
0xD86~TheNewGentleman.esp,TheNewGentleman.esp,TNG_Skin_D86,,missing display name
0xD87~TheNewGentleman.esp,TheNewGentleman.esp,TNG_Skin_D87,,missing display name
0xD88~TheNewGentleman.esp,TheNewGentleman.esp,TNG_Skin_D88,,missing display name
0xD89~TheNewGentleman.esp,TheNewGentleman.esp,TNG_Skin_D89,,missing display name
0xD8A~TheNewGentleman.esp,TheNewGentleman.esp,TNG_Skin_D8A,,missing display name
0xD8B~TheNewGentleman.esp,TheNewGentleman.esp,TNG_Skin_D8B,,missing display name
0xD8C~TheNewGentleman.esp,TheNewGentleman.esp,TNG_Skin_D8C,,missing display name
0xD8D~TheNewGentleman.esp,TheNewGentleman.esp,TNG_Skin_D8D,,missing display name
0xD8E~TheNewGentleman.esp,TheNewGentleman.esp,TNG_Skin_D8E,,missing display name
0xD8F~TheNewGentleman.esp,TheNewGentleman.esp,TNG_Skin_D8F,,missing display name
0xD90~TheNewGentleman.esp,TheNewGentleman.esp,TNG_Skin_D90,,missing display name
0xD91~TheNewGentleman.esp,TheNewGentleman.esp,TNG_Skin_D91,,missing display name
0xD92~TheNewGentleman.esp,TheNewGentleman.esp,TNG_Skin_D92,,missing display name
0xD93~TheNewGentleman.esp,TheNewGentleman.esp,TNG_Skin_D93,,missing display name
0xD94~TheNewGentleman.esp,TheNewGentleman.esp,TNG_Skin_D94,,missing display name
0xD95~TheNewGentleman.esp,TheNewGentleman.esp,TNG_Skin_D95,,missing display name
0xD96~TheNewGentleman.esp,TheNewGentleman.esp,TNG_Skin_D96,,missing display name
0xD97~TheNewGentleman.esp,TheNewGentleman.esp,TNG_Skin_D97,,missing display name
0xD98~TheNewGentleman.esp,TheNewGentleman.esp,TNG_Skin_D98,,missing display name
0xD99~TheNewGentleman.esp,TheNewGentleman.esp,TNG_Skin_D99,,missing display name
0xD9A~TheNewGentleman.esp,TheNewGentleman.esp,TNG_Skin_D9A,,missing display name
0xD9B~TheNewGentleman.esp,TheNewGentleman.esp,TNG_Skin_D9B,,missing display name
0xD9C~TheNewGentleman.esp,TheNewGentleman.esp,TNG_Skin_D9C,,missing display name
0xD9D~TheNewGentleman.esp,TheNewGentleman.esp,TNG_Skin_D9D,,missing display name
0xD9E~TheNewGentleman.esp,TheNewGentleman.esp,TNG_Skin_D9E,,missing display name
0xD9F~TheNewGentleman.esp,TheNewGentleman.esp,TNG_Skin_D9F,,missing display name
0xDA0~TheNewGentleman.esp,TheNewGentleman.esp,TNG_Skin_DA0,,missing display name
0xDA1~TheNewGentleman.esp,TheNewGentleman.esp,TNG_Skin_DA1,,missing display name
0xDA2~TheNewGentleman.esp,TheNewGentleman.esp,TNG_Skin_DA2,,missing display name
0xDA3~TheNewGentleman.esp,TheNewGentleman.esp,TNG_Skin_DA3,,missing display name
0xDA4~TheNewGentleman.esp,TheNewGentleman.esp,TNG_Skin_DA4,,missing display name
0xDA5~TheNewGentleman.esp,TheNewGentleman.esp,TNG_Skin_DA5,,missing display name
0xDA6~TheNewGentleman.esp,TheNewGentleman.esp,TNG_Skin_DA6,,missing display name
0xDA7~TheNewGentleman.esp,TheNewGentleman.esp,TNG_Skin_DA7,,missing display name
0xDA8~TheNewGentleman.esp,TheNewGentleman.esp,TNG_Skin_DA8,,missing display name
0xDA9~TheNewGentleman.esp,TheNewGentleman.esp,TNG_Skin_DA9,,missing display name
0xDAA~TheNewGentleman.esp,TheNewGentleman.esp,TNG_Skin_DAA,,missing display name
0xDAB~TheNewGentleman.esp,TheNewGentleman.esp,TNG_Skin_DAB,,missing display name
0xDAC~TheNewGentleman.esp,TheNewGentleman.esp,TNG_Skin_DAC,,missing display name
0xDAD~TheNewGentleman.esp,TheNewGentleman.esp,TNG_Skin_DAD,,missing display name
0xDAE~TheNewGentleman.esp,TheNewGentleman.esp,TNG_Skin_DAE,,missing display name
0xDAF~TheNewGentleman.esp,TheNewGentleman.esp,TNG_Skin_DAF,,missing display name
0xDB0~TheNewGentleman.esp,TheNewGentleman.esp,TNG_Skin_DB0,,missing display name
0xDB1~TheNewGentleman.esp,TheNewGentleman.esp,TNG_Skin_DB1,,missing display name
0xDB2~TheNewGentleman.esp,TheNewGentleman.esp,TNG_Skin_DB2,,missing display name
0xDB3~TheNewGentleman.esp,TheNewGentleman.esp,TNG_Skin_DB3,,missing display name
0xDB4~TheNewGentleman.esp,TheNewGentleman.esp,TNG_Skin_DB4,,missing display name
0xDB5~TheNewGentleman.esp,TheNewGentleman.esp,TNG_Skin_DB5,,missing display name
0xDB6~TheNewGentleman.esp,TheNewGentleman.esp,TNG_Skin_DB6,,missing display name
0xDB7~TheNewGentleman.esp,TheNewGentleman.esp,TNG_Skin_DB7,,missing display name
0xDB8~TheNewGentleman.esp,TheNewGentleman.esp,TNG_Skin_DB8,,missing display name
0xDB9~TheNewGentleman.esp,TheNewGentleman.esp,TNG_Skin_DB9,,missing display name
0xDBA~TheNewGentleman.esp,TheNewGentleman.esp,TNG_Skin_DBA,,missing display name
0xDBB~TheNewGentleman.esp,TheNewGentleman.esp,TNG_Skin_DBB,,missing display name
0xDBC~TheNewGentleman.esp,TheNewGentleman.esp,TNG_Skin_DBC,,missing display name
0xDBD~TheNewGentleman.esp,TheNewGentleman.esp,TNG_Skin_DBD,,missing display name
0xDBE~TheNewGentleman.esp,TheNewGentleman.esp,TNG_Skin_DBE,,missing display name
0xDBF~TheNewGentleman.esp,TheNewGentleman.esp,TNG_Skin_DBF,,missing display name
0xDC0~TheNewGentleman.esp,TheNewGentleman.esp,TNG_Skin_DC0,,missing display name
0xDC1~TheNewGentleman.esp,TheNewGentleman.esp,TNG_Skin_DC1,,missing display name
0xDC2~TheNewGentleman.esp,TheNewGentleman.esp,TNG_Skin_DC2,,missing display name
0xDC3~TheNewGentleman.esp,TheNewGentleman.esp,TNG_Skin_DC3,,missing display name
0xDC4~TheNewGentleman.esp,TheNewGentleman.esp,TNG_Skin_DC4,,missing display name
0xDC5~TheNewGentleman.esp,TheNewGentleman.esp,TNG_Skin_DC5,,missing display name
0xDC6~TheNewGentleman.esp,TheNewGentleman.esp,TNG_Skin_DC6,,missing display name
0xDC7~TheNewGentleman.esp,TheNewGentleman.esp,TNG_Skin_DC7,,missing display name
0xDC8~TheNewGentleman.esp,TheNewGentleman.esp,TNG_Skin_DC8,,missing display name
0xDC9~TheNewGentleman.esp,TheNewGentleman.esp,TNG_Skin_DC9,,missing display name
0xDCA~TheNewGentleman.esp,TheNewGentleman.esp,TNG_Skin_DCA,,missing display name
0xDCB~TheNewGentleman.esp,TheNewGentleman.esp,TNG_Skin_DCB,,missing display name
0xDCC~TheNewGentleman.esp,TheNewGentleman.esp,TNG_Skin_DCC,,missing display name
0xDCD~TheNewGentleman.esp,TheNewGentleman.esp,TNG_Skin_DCD,,missing display name
0xDCE~TheNewGentleman.esp,TheNewGentleman.esp,TNG_Skin_DCE,,missing display name
0xDCF~TheNewGentleman.esp,TheNewGentleman.esp,TNG_Skin_DCF,,missing display name
0xDD0~TheNewGentleman.esp,TheNewGentleman.esp,TNG_Skin_DD0,,missing display name
0xDD1~TheNewGentleman.esp,TheNewGentleman.esp,TNG_Skin_DD1,,missing display name
0xDD2~TheNewGentleman.esp,TheNewGentleman.esp,TNG_Skin_DD2,,missing display name
0xDD3~TheNewGentleman.esp,TheNewGentleman.esp,TNG_Skin_DD3,,missing display name
0xDD4~TheNewGentleman.esp,TheNewGentleman.esp,TNG_Skin_DD4,,missing display name
0xDD5~TheNewGentleman.esp,TheNewGentleman.esp,TNG_Skin_DD5,,missing display name
0xDD6~TheNewGentleman.esp,TheNewGentleman.esp,TNG_Skin_DD6,,missing display name
0xDD7~TheNewGentleman.esp,TheNewGentleman.esp,TNG_Skin_DD7,,missing display name
0xDD8~TheNewGentleman.esp,TheNewGentleman.esp,TNG_Skin_DD8,,missing display name
0xDD9~TheNewGentleman.esp,TheNewGentleman.esp,TNG_Skin_DD9,,missing display name
0xDDA~TheNewGentleman.esp,TheNewGentleman.esp,TNG_Skin_DDA,,missing display name
0xDDB~TheNewGentleman.esp,TheNewGentleman.esp,TNG_Skin_DDB,,missing display name
0xDDC~TheNewGentleman.esp,TheNewGentleman.esp,TNG_Skin_DDC,,missing display name
0xDDD~TheNewGentleman.esp,TheNewGentleman.esp,TNG_Skin_DDD,,missing display name
0xDDE~TheNewGentleman.esp,TheNewGentleman.esp,TNG_Skin_DDE,,missing display name
0xDDF~TheNewGentleman.esp,TheNewGentleman.esp,TNG_Skin_DDF,,missing display name
0xDE0~TheNewGentleman.esp,TheNewGentleman.esp,TNG_Skin_DE0,,missing display name
0xDE1~TheNewGentleman.esp,TheNewGentleman.esp,TNG_Skin_DE1,,missing display name
0xDE2~TheNewGentleman.esp,TheNewGentleman.esp,TNG_Skin_DE2,,missing display name
0xDE3~TheNewGentleman.esp,TheNewGentleman.esp,TNG_Skin_DE3,,missing display name
0xDE4~TheNewGentleman.esp,TheNewGentleman.esp,TNG_Skin_DE4,,missing display name
0xDE5~TheNewGentleman.esp,TheNewGentleman.esp,TNG_Skin_DE5,,missing display name
0xDE6~TheNewGentleman.esp,TheNewGentleman.esp,TNG_Skin_DE6,,missing display name
0xDE7~TheNewGentleman.esp,TheNewGentleman.esp,TNG_Skin_DE7,,missing display name
0xDE8~TheNewGentleman.esp,TheNewGentleman.esp,TNG_Skin_DE8,,missing display name
0xDE9~TheNewGentleman.esp,TheNewGentleman.esp,TNG_Skin_DE9,,missing display name
0xDEA~TheNewGentleman.esp,TheNewGentleman.esp,TNG_Skin_DEA,,missing display name
0xDEB~TheNewGentleman.esp,TheNewGentleman.esp,TNG_Skin_DEB,,missing display name
0xDEC~TheNewGentleman.esp,TheNewGentleman.esp,TNG_Skin_DEC,,missing display name
0xDED~TheNewGentleman.esp,TheNewGentleman.esp,TNG_Skin_DED,,missing display name
0xDEE~TheNewGentleman.esp,TheNewGentleman.esp,TNG_Skin_DEE,,missing display name
0xDEF~TheNewGentleman.esp,TheNewGentleman.esp,TNG_Skin_DEF,,missing display name
0xDF0~TheNewGentleman.esp,TheNewGentleman.esp,TNG_Skin_DF0,,missing display name
0xDF1~TheNewGentleman.esp,TheNewGentleman.esp,TNG_Skin_DF1,,missing display name
0xDF2~TheNewGentleman.esp,TheNewGentleman.esp,TNG_Skin_DF2,,missing display name
0xDF3~TheNewGentleman.esp,TheNewGentleman.esp,TNG_Skin_DF3,,missing display name
0xDF4~TheNewGentleman.esp,TheNewGentleman.esp,TNG_Skin_DF4,,missing display name
0xDF5~TheNewGentleman.esp,TheNewGentleman.esp,TNG_Skin_DF5,,missing display name
0xDF6~TheNewGentleman.esp,TheNewGentleman.esp,TNG_Skin_DF6,,missing display name
0xDF7~TheNewGentleman.esp,TheNewGentleman.esp,TNG_Skin_DF7,,missing display name
0xDF8~TheNewGentleman.esp,TheNewGentleman.esp,TNG_Skin_DF8,,missing display name
0xDF9~TheNewGentleman.esp,TheNewGentleman.esp,TNG_Skin_DF9,,missing display name
0xDFA~TheNewGentleman.esp,TheNewGentleman.esp,TNG_Skin_DFA,,missing display name
0xDFB~TheNewGentleman.esp,TheNewGentleman.esp,TNG_Skin_DFB,,missing display name
0xDFC~TheNewGentleman.esp,TheNewGentleman.esp,TNG_Skin_DFC,,missing display name
0xDFD~TheNewGentleman.esp,TheNewGentleman.esp,TNG_Skin_DFD,,missing display name
0xDFE~TheNewGentleman.esp,TheNewGentleman.esp,TNG_Skin_DFE,,missing display name
0xDFF~TheNewGentleman.esp,TheNewGentleman.esp,TNG_Skin_DFF,,missing display name
0xE02~TheNewGentleman.esp,TheNewGentleman.esp,TNG_Skin_E02,,missing display name
0xE03~TheNewGentleman.esp,TheNewGentleman.esp,TNG_Skin_E03,,missing display name
0xE04~TheNewGentleman.esp,TheNewGentleman.esp,TNG_Skin_E04,,missing display name
0xE05~TheNewGentleman.esp,TheNewGentleman.esp,TNG_Skin_E05,,missing display name
0xE06~TheNewGentleman.esp,TheNewGentleman.esp,TNG_Skin_E06,,missing display name
0xE07~TheNewGentleman.esp,TheNewGentleman.esp,TNG_Skin_E07,,missing display name
0xE08~TheNewGentleman.esp,TheNewGentleman.esp,TNG_Skin_E08,,missing display name
0xE09~TheNewGentleman.esp,TheNewGentleman.esp,TNG_Skin_E09,,missing display name
0xE0A~TheNewGentleman.esp,TheNewGentleman.esp,TNG_Skin_E0A,,missing display name
0xE0B~TheNewGentleman.esp,TheNewGentleman.esp,TNG_Skin_E0B,,missing display name
0xE0C~TheNewGentleman.esp,TheNewGentleman.esp,TNG_Skin_E0C,,missing display name
0xE0D~TheNewGentleman.esp,TheNewGentleman.esp,TNG_Skin_E0D,,missing display name
0xE0E~TheNewGentleman.esp,TheNewGentleman.esp,TNG_Skin_E0E,,missing display name
0xE0F~TheNewGentleman.esp,TheNewGentleman.esp,TNG_Skin_E0F,,missing display name
0xE10~TheNewGentleman.esp,TheNewGentleman.esp,TNG_Skin_E10,,missing display name
0xE11~TheNewGentleman.esp,TheNewGentleman.esp,TNG_Skin_E11,,missing display name
0xE12~TheNewGentleman.esp,TheNewGentleman.esp,TNG_Skin_E12,,missing display name
0xE13~TheNewGentleman.esp,TheNewGentleman.esp,TNG_Skin_E13,,missing display name
0xE14~TheNewGentleman.esp,TheNewGentleman.esp,TNG_Skin_E14,,missing display name
0xE15~TheNewGentleman.esp,TheNewGentleman.esp,TNG_Skin_E15,,missing display name
0xE16~TheNewGentleman.esp,TheNewGentleman.esp,TNG_Skin_E16,,missing display name
0xE17~TheNewGentleman.esp,TheNewGentleman.esp,TNG_Skin_E17,,missing display name
0xE18~TheNewGentleman.esp,TheNewGentleman.esp,TNG_Skin_E18,,missing display name
0xE19~TheNewGentleman.esp,TheNewGentleman.esp,TNG_Skin_E19,,missing display name
0xE1A~TheNewGentleman.esp,TheNewGentleman.esp,TNG_Skin_E1A,,missing display name
0xE1B~TheNewGentleman.esp,TheNewGentleman.esp,TNG_Skin_E1B,,missing display name
0xE1C~TheNewGentleman.esp,TheNewGentleman.esp,TNG_Skin_E1C,,missing display name
0xE1D~TheNewGentleman.esp,TheNewGentleman.esp,TNG_Skin_E1D,,missing display name
0xE1E~TheNewGentleman.esp,TheNewGentleman.esp,TNG_Skin_E1E,,missing display name
0xE1F~TheNewGentleman.esp,TheNewGentleman.esp,TNG_Skin_E1F,,missing display name
0xE20~TheNewGentleman.esp,TheNewGentleman.esp,TNG_Skin_E20,,missing display name
0xE21~TheNewGentleman.esp,TheNewGentleman.esp,TNG_Skin_E21,,missing display name
0xE22~TheNewGentleman.esp,TheNewGentleman.esp,TNG_Skin_E22,,missing display name
0xE23~TheNewGentleman.esp,TheNewGentleman.esp,TNG_Skin_E23,,missing display name
0xE24~TheNewGentleman.esp,TheNewGentleman.esp,TNG_Skin_E24,,missing display name
0xE25~TheNewGentleman.esp,TheNewGentleman.esp,TNG_Skin_E25,,missing display name
0xE26~TheNewGentleman.esp,TheNewGentleman.esp,TNG_Skin_E26,,missing display name
0xE27~TheNewGentleman.esp,TheNewGentleman.esp,TNG_Skin_E27,,missing display name
0xE28~TheNewGentleman.esp,TheNewGentleman.esp,TNG_Skin_E28,,missing display name
0xE29~TheNewGentleman.esp,TheNewGentleman.esp,TNG_Skin_E29,,missing display name
0xE2A~TheNewGentleman.esp,TheNewGentleman.esp,TNG_Skin_E2A,,missing display name
0xE2B~TheNewGentleman.esp,TheNewGentleman.esp,TNG_Skin_E2B,,missing display name
0xE2C~TheNewGentleman.esp,TheNewGentleman.esp,TNG_Skin_E2C,,missing display name
0xE2D~TheNewGentleman.esp,TheNewGentleman.esp,TNG_Skin_E2D,,missing display name
0xE2E~TheNewGentleman.esp,TheNewGentleman.esp,TNG_Skin_E2E,,missing display name
0xE2F~TheNewGentleman.esp,TheNewGentleman.esp,TNG_Skin_E2F,,missing display name
0xE30~TheNewGentleman.esp,TheNewGentleman.esp,TNG_Skin_E30,,missing display name
0xE31~TheNewGentleman.esp,TheNewGentleman.esp,TNG_Skin_E31,,missing display name
0xE32~TheNewGentleman.esp,TheNewGentleman.esp,TNG_Skin_E32,,missing display name
0xE33~TheNewGentleman.esp,TheNewGentleman.esp,TNG_Skin_E33,,missing display name
0xE34~TheNewGentleman.esp,TheNewGentleman.esp,TNG_Skin_E34,,missing display name
0xE35~TheNewGentleman.esp,TheNewGentleman.esp,TNG_Skin_E35,,missing display name
0xE36~TheNewGentleman.esp,TheNewGentleman.esp,TNG_Skin_E36,,missing display name
0xE37~TheNewGentleman.esp,TheNewGentleman.esp,TNG_Skin_E37,,missing display name
0xE38~TheNewGentleman.esp,TheNewGentleman.esp,TNG_Skin_E38,,missing display name
0xE39~TheNewGentleman.esp,TheNewGentleman.esp,TNG_Skin_E39,,missing display name
0xE3A~TheNewGentleman.esp,TheNewGentleman.esp,TNG_Skin_E3A,,missing display name
0xE3B~TheNewGentleman.esp,TheNewGentleman.esp,TNG_Skin_E3B,,missing display name
0xE3C~TheNewGentleman.esp,TheNewGentleman.esp,TNG_Skin_E3C,,missing display name
0xE3D~TheNewGentleman.esp,TheNewGentleman.esp,TNG_Skin_E3D,,missing display name
0xE3E~TheNewGentleman.esp,TheNewGentleman.esp,TNG_Skin_E3E,,missing display name
0xE3F~TheNewGentleman.esp,TheNewGentleman.esp,TNG_Skin_E3F,,missing display name
0xE40~TheNewGentleman.esp,TheNewGentleman.esp,TNG_Skin_E40,,missing display name
0xE41~TheNewGentleman.esp,TheNewGentleman.esp,TNG_Skin_E41,,missing display name
0xE42~TheNewGentleman.esp,TheNewGentleman.esp,TNG_Skin_E42,,missing display name
0xE43~TheNewGentleman.esp,TheNewGentleman.esp,TNG_Skin_E43,,missing display name
0xE44~TheNewGentleman.esp,TheNewGentleman.esp,TNG_Skin_E44,,missing display name
0xE45~TheNewGentleman.esp,TheNewGentleman.esp,TNG_Skin_E45,,missing display name
0xE46~TheNewGentleman.esp,TheNewGentleman.esp,TNG_Skin_E46,,missing display name
0xE47~TheNewGentleman.esp,TheNewGentleman.esp,TNG_Skin_E47,,missing display name
0xE48~TheNewGentleman.esp,TheNewGentleman.esp,TNG_Skin_E48,,missing display name
0xE49~TheNewGentleman.esp,TheNewGentleman.esp,TNG_Skin_E49,,missing display name
0xE4A~TheNewGentleman.esp,TheNewGentleman.esp,TNG_Skin_E4A,,missing display name
0xE4B~TheNewGentleman.esp,TheNewGentleman.esp,TNG_Skin_E4B,,missing display name
0xE4C~TheNewGentleman.esp,TheNewGentleman.esp,TNG_Skin_E4C,,missing display name
0xE4D~TheNewGentleman.esp,TheNewGentleman.esp,TNG_Skin_E4D,,missing display name
0xE4E~TheNewGentleman.esp,TheNewGentleman.esp,TNG_Skin_E4E,,missing display name
0xE4F~TheNewGentleman.esp,TheNewGentleman.esp,TNG_Skin_E4F,,missing display name
0xE50~TheNewGentleman.esp,TheNewGentleman.esp,TNG_Skin_E50,,missing display name
0xE51~TheNewGentleman.esp,TheNewGentleman.esp,TNG_Skin_E51,,missing display name
0xE52~TheNewGentleman.esp,TheNewGentleman.esp,TNG_Skin_E52,,missing display name
0xE53~TheNewGentleman.esp,TheNewGentleman.esp,TNG_Skin_E53,,missing display name
0xE54~TheNewGentleman.esp,TheNewGentleman.esp,TNG_Skin_E54,,missing display name
0xE55~TheNewGentleman.esp,TheNewGentleman.esp,TNG_Skin_E55,,missing display name
0xE56~TheNewGentleman.esp,TheNewGentleman.esp,TNG_Skin_E56,,missing display name
0xE57~TheNewGentleman.esp,TheNewGentleman.esp,TNG_Skin_E57,,missing display name
0xE58~TheNewGentleman.esp,TheNewGentleman.esp,TNG_Skin_E58,,missing display name
0xE59~TheNewGentleman.esp,TheNewGentleman.esp,TNG_Skin_E59,,missing display name
0xE5A~TheNewGentleman.esp,TheNewGentleman.esp,TNG_Skin_E5A,,missing display name
0xE5B~TheNewGentleman.esp,TheNewGentleman.esp,TNG_Skin_E5B,,missing display name
0xE5C~TheNewGentleman.esp,TheNewGentleman.esp,TNG_Skin_E5C,,missing display name
0xE5D~TheNewGentleman.esp,TheNewGentleman.esp,TNG_Skin_E5D,,missing display name
0xE5E~TheNewGentleman.esp,TheNewGentleman.esp,TNG_Skin_E5E,,missing display name
0xE5F~TheNewGentleman.esp,TheNewGentleman.esp,TNG_Skin_E5F,,missing display name
0xE60~TheNewGentleman.esp,TheNewGentleman.esp,TNG_Skin_E60,,missing display name
0xE61~TheNewGentleman.esp,TheNewGentleman.esp,TNG_Skin_E61,,missing display name
0xE62~TheNewGentleman.esp,TheNewGentleman.esp,TNG_Skin_E62,,missing display name
0xE63~TheNewGentleman.esp,TheNewGentleman.esp,TNG_Skin_E63,,missing display name
0xE64~TheNewGentleman.esp,TheNewGentleman.esp,TNG_Skin_E64,,missing display name
0xE65~TheNewGentleman.esp,TheNewGentleman.esp,TNG_Skin_E65,,missing display name
0xE66~TheNewGentleman.esp,TheNewGentleman.esp,TNG_Skin_E66,,missing display name
0xE67~TheNewGentleman.esp,TheNewGentleman.esp,TNG_Skin_E67,,missing display name
0xE68~TheNewGentleman.esp,TheNewGentleman.esp,TNG_Skin_E68,,missing display name
0xE69~TheNewGentleman.esp,TheNewGentleman.esp,TNG_Skin_E69,,missing display name
0xE6A~TheNewGentleman.esp,TheNewGentleman.esp,TNG_Skin_E6A,,missing display name
0xE6B~TheNewGentleman.esp,TheNewGentleman.esp,TNG_Skin_E6B,,missing display name
0xE6C~TheNewGentleman.esp,TheNewGentleman.esp,TNG_Skin_E6C,,missing display name
0xE6D~TheNewGentleman.esp,TheNewGentleman.esp,TNG_Skin_E6D,,missing display name
0xE6E~TheNewGentleman.esp,TheNewGentleman.esp,TNG_Skin_E6E,,missing display name
0xE6F~TheNewGentleman.esp,TheNewGentleman.esp,TNG_Skin_E6F,,missing display name
0xE70~TheNewGentleman.esp,TheNewGentleman.esp,TNG_Skin_E70,,missing display name
0xE71~TheNewGentleman.esp,TheNewGentleman.esp,TNG_Skin_E71,,missing display name
0xE72~TheNewGentleman.esp,TheNewGentleman.esp,TNG_Skin_E72,,missing display name
0xE73~TheNewGentleman.esp,TheNewGentleman.esp,TNG_Skin_E73,,missing display name
0xE74~TheNewGentleman.esp,TheNewGentleman.esp,TNG_Skin_E74,,missing display name
0xE75~TheNewGentleman.esp,TheNewGentleman.esp,TNG_Skin_E75,,missing display name
0xE76~TheNewGentleman.esp,TheNewGentleman.esp,TNG_Skin_E76,,missing display name
0xE77~TheNewGentleman.esp,TheNewGentleman.esp,TNG_Skin_E77,,missing display name
0xE78~TheNewGentleman.esp,TheNewGentleman.esp,TNG_Skin_E78,,missing display name
0xE79~TheNewGentleman.esp,TheNewGentleman.esp,TNG_Skin_E79,,missing display name
0xE7A~TheNewGentleman.esp,TheNewGentleman.esp,TNG_Skin_E7A,,missing display name
0xE7B~TheNewGentleman.esp,TheNewGentleman.esp,TNG_Skin_E7B,,missing display name
0xE7C~TheNewGentleman.esp,TheNewGentleman.esp,TNG_Skin_E7C,,missing display name
0xE7D~TheNewGentleman.esp,TheNewGentleman.esp,TNG_Skin_E7D,,missing display name
0xE7E~TheNewGentleman.esp,TheNewGentleman.esp,TNG_Skin_E7E,,missing display name
0xE7F~TheNewGentleman.esp,TheNewGentleman.esp,TNG_Skin_E7F,,missing display name
0xE80~TheNewGentleman.esp,TheNewGentleman.esp,TNG_Skin_E80,,missing display name
0xE81~TheNewGentleman.esp,TheNewGentleman.esp,TNG_Skin_E81,,missing display name
0xE82~TheNewGentleman.esp,TheNewGentleman.esp,TNG_Skin_E82,,missing display name
0xE83~TheNewGentleman.esp,TheNewGentleman.esp,TNG_Skin_E83,,missing display name
0xE84~TheNewGentleman.esp,TheNewGentleman.esp,TNG_Skin_E84,,missing display name
0xE85~TheNewGentleman.esp,TheNewGentleman.esp,TNG_Skin_E85,,missing display name
0xE86~TheNewGentleman.esp,TheNewGentleman.esp,TNG_Skin_E86,,missing display name
0xE87~TheNewGentleman.esp,TheNewGentleman.esp,TNG_Skin_E87,,missing display name
0xE88~TheNewGentleman.esp,TheNewGentleman.esp,TNG_Skin_E88,,missing display name
0xE89~TheNewGentleman.esp,TheNewGentleman.esp,TNG_Skin_E89,,missing display name
0xE8A~TheNewGentleman.esp,TheNewGentleman.esp,TNG_Skin_E8A,,missing display name
0xE8B~TheNewGentleman.esp,TheNewGentleman.esp,TNG_Skin_E8B,,missing display name
0xE8C~TheNewGentleman.esp,TheNewGentleman.esp,TNG_Skin_E8C,,missing display name
0xE8D~TheNewGentleman.esp,TheNewGentleman.esp,TNG_Skin_E8D,,missing display name
0xE8E~TheNewGentleman.esp,TheNewGentleman.esp,TNG_Skin_E8E,,missing display name
0xE8F~TheNewGentleman.esp,TheNewGentleman.esp,TNG_Skin_E8F,,missing display name
0xE90~TheNewGentleman.esp,TheNewGentleman.esp,TNG_Skin_E90,,missing display name
0xE91~TheNewGentleman.esp,TheNewGentleman.esp,TNG_Skin_E91,,missing display name
0xE92~TheNewGentleman.esp,TheNewGentleman.esp,TNG_Skin_E92,,missing display name
0xE93~TheNewGentleman.esp,TheNewGentleman.esp,TNG_Skin_E93,,missing display name
0xE94~TheNewGentleman.esp,TheNewGentleman.esp,TNG_Skin_E94,,missing display name
0xE95~TheNewGentleman.esp,TheNewGentleman.esp,TNG_Skin_E95,,missing display name
0xE96~TheNewGentleman.esp,TheNewGentleman.esp,TNG_Skin_E96,,missing display name
0xE97~TheNewGentleman.esp,TheNewGentleman.esp,TNG_Skin_E97,,missing display name
0xE98~TheNewGentleman.esp,TheNewGentleman.esp,TNG_Skin_E98,,missing display name
0xE99~TheNewGentleman.esp,TheNewGentleman.esp,TNG_Skin_E99,,missing display name
0xE9A~TheNewGentleman.esp,TheNewGentleman.esp,TNG_Skin_E9A,,missing display name
0xE9B~TheNewGentleman.esp,TheNewGentleman.esp,TNG_Skin_E9B,,missing display name
0xE9C~TheNewGentleman.esp,TheNewGentleman.esp,TNG_Skin_E9C,,missing display name
0xE9D~TheNewGentleman.esp,TheNewGentleman.esp,TNG_Skin_E9D,,missing display name
0xE9E~TheNewGentleman.esp,TheNewGentleman.esp,TNG_Skin_E9E,,missing display name
0xE9F~TheNewGentleman.esp,TheNewGentleman.esp,TNG_Skin_E9F,,missing display name
0xEA0~TheNewGentleman.esp,TheNewGentleman.esp,TNG_Skin_EA0,,missing display name
0xEA1~TheNewGentleman.esp,TheNewGentleman.esp,TNG_Skin_EA1,,missing display name
0xEA2~TheNewGentleman.esp,TheNewGentleman.esp,TNG_Skin_EA2,,missing display name
0xEA3~TheNewGentleman.esp,TheNewGentleman.esp,TNG_Skin_EA3,,missing display name
0xEA4~TheNewGentleman.esp,TheNewGentleman.esp,TNG_Skin_EA4,,missing display name
0xEA5~TheNewGentleman.esp,TheNewGentleman.esp,TNG_Skin_EA5,,missing display name
0xEA6~TheNewGentleman.esp,TheNewGentleman.esp,TNG_Skin_EA6,,missing display name
0xEA7~TheNewGentleman.esp,TheNewGentleman.esp,TNG_Skin_EA7,,missing display name
0xEA8~TheNewGentleman.esp,TheNewGentleman.esp,TNG_Skin_EA8,,missing display name
0xEA9~TheNewGentleman.esp,TheNewGentleman.esp,TNG_Skin_EA9,,missing display name
0xEAA~TheNewGentleman.esp,TheNewGentleman.esp,TNG_Skin_EAA,,missing display name
0xEAB~TheNewGentleman.esp,TheNewGentleman.esp,TNG_Skin_EAB,,missing display name
0xEAC~TheNewGentleman.esp,TheNewGentleman.esp,TNG_Skin_EAC,,missing display name
0xEAD~TheNewGentleman.esp,TheNewGentleman.esp,TNG_Skin_EAD,,missing display name
0xEAE~TheNewGentleman.esp,TheNewGentleman.esp,TNG_Skin_EAE,,missing display name
0xEAF~TheNewGentleman.esp,TheNewGentleman.esp,TNG_Skin_EAF,,missing display name
0xEB0~TheNewGentleman.esp,TheNewGentleman.esp,TNG_Skin_EB0,,missing display name
0xEB1~TheNewGentleman.esp,TheNewGentleman.esp,TNG_Skin_EB1,,missing display name
0xEB2~TheNewGentleman.esp,TheNewGentleman.esp,TNG_Skin_EB2,,missing display name
0xEB3~TheNewGentleman.esp,TheNewGentleman.esp,TNG_Skin_EB3,,missing display name
0xEB4~TheNewGentleman.esp,TheNewGentleman.esp,TNG_Skin_EB4,,missing display name
0xEB5~TheNewGentleman.esp,TheNewGentleman.esp,TNG_Skin_EB5,,missing display name
0xEB6~TheNewGentleman.esp,TheNewGentleman.esp,TNG_Skin_EB6,,missing display name
0xEB7~TheNewGentleman.esp,TheNewGentleman.esp,TNG_Skin_EB7,,missing display name
0xEB8~TheNewGentleman.esp,TheNewGentleman.esp,TNG_Skin_EB8,,missing display name
0xEB9~TheNewGentleman.esp,TheNewGentleman.esp,TNG_Skin_EB9,,missing display name
0xEBA~TheNewGentleman.esp,TheNewGentleman.esp,TNG_Skin_EBA,,missing display name
0xEBB~TheNewGentleman.esp,TheNewGentleman.esp,TNG_Skin_EBB,,missing display name
0xEBC~TheNewGentleman.esp,TheNewGentleman.esp,TNG_Skin_EBC,,missing display name
0xEBD~TheNewGentleman.esp,TheNewGentleman.esp,TNG_Skin_EBD,,missing display name
0xEBE~TheNewGentleman.esp,TheNewGentleman.esp,TNG_Skin_EBE,,missing display name
0xEBF~TheNewGentleman.esp,TheNewGentleman.esp,TNG_Skin_EBF,,missing display name
0xEC0~TheNewGentleman.esp,TheNewGentleman.esp,TNG_Skin_EC0,,missing display name
0xEC1~TheNewGentleman.esp,TheNewGentleman.esp,TNG_Skin_EC1,,missing display name
0xEC2~TheNewGentleman.esp,TheNewGentleman.esp,TNG_Skin_EC2,,missing display name
0xEC3~TheNewGentleman.esp,TheNewGentleman.esp,TNG_Skin_EC3,,missing display name
0xEC4~TheNewGentleman.esp,TheNewGentleman.esp,TNG_Skin_EC4,,missing display name
0xEC5~TheNewGentleman.esp,TheNewGentleman.esp,TNG_Skin_EC5,,missing display name
0xEC6~TheNewGentleman.esp,TheNewGentleman.esp,TNG_Skin_EC6,,missing display name
0xEC7~TheNewGentleman.esp,TheNewGentleman.esp,TNG_Skin_EC7,,missing display name
0xEC8~TheNewGentleman.esp,TheNewGentleman.esp,TNG_Skin_EC8,,missing display name
0xEC9~TheNewGentleman.esp,TheNewGentleman.esp,TNG_Skin_EC9,,missing display name
0xECA~TheNewGentleman.esp,TheNewGentleman.esp,TNG_Skin_ECA,,missing display name
0xECB~TheNewGentleman.esp,TheNewGentleman.esp,TNG_Skin_ECB,,missing display name
0xECC~TheNewGentleman.esp,TheNewGentleman.esp,TNG_Skin_ECC,,missing display name
0xECD~TheNewGentleman.esp,TheNewGentleman.esp,TNG_Skin_ECD,,missing display name
0xECE~TheNewGentleman.esp,TheNewGentleman.esp,TNG_Skin_ECE,,missing display name
0xECF~TheNewGentleman.esp,TheNewGentleman.esp,TNG_Skin_ECF,,missing display name
0xED0~TheNewGentleman.esp,TheNewGentleman.esp,TNG_Skin_ED0,,missing display name
0xED1~TheNewGentleman.esp,TheNewGentleman.esp,TNG_Skin_ED1,,missing display name
0xED2~TheNewGentleman.esp,TheNewGentleman.esp,TNG_Skin_ED2,,missing display name
0xED3~TheNewGentleman.esp,TheNewGentleman.esp,TNG_Skin_ED3,,missing display name
0xED4~TheNewGentleman.esp,TheNewGentleman.esp,TNG_Skin_ED4,,missing display name
0xED5~TheNewGentleman.esp,TheNewGentleman.esp,TNG_Skin_ED5,,missing display name
0xED6~TheNewGentleman.esp,TheNewGentleman.esp,TNG_Skin_ED6,,missing display name
0xED7~TheNewGentleman.esp,TheNewGentleman.esp,TNG_Skin_ED7,,missing display name
0xED8~TheNewGentleman.esp,TheNewGentleman.esp,TNG_Skin_ED8,,missing display name
0xED9~TheNewGentleman.esp,TheNewGentleman.esp,TNG_Skin_ED9,,missing display name
0xEDA~TheNewGentleman.esp,TheNewGentleman.esp,TNG_Skin_EDA,,missing display name
0xEDB~TheNewGentleman.esp,TheNewGentleman.esp,TNG_Skin_EDB,,missing display name
0xEDC~TheNewGentleman.esp,TheNewGentleman.esp,TNG_Skin_EDC,,missing display name
0xEDD~TheNewGentleman.esp,TheNewGentleman.esp,TNG_Skin_EDD,,missing display name
0xEDE~TheNewGentleman.esp,TheNewGentleman.esp,TNG_Skin_EDE,,missing display name
0xEDF~TheNewGentleman.esp,TheNewGentleman.esp,TNG_Skin_EDF,,missing display name
0xEE0~TheNewGentleman.esp,TheNewGentleman.esp,TNG_Skin_EE0,,missing display name
0xEE1~TheNewGentleman.esp,TheNewGentleman.esp,TNG_Skin_EE1,,missing display name
0xEE2~TheNewGentleman.esp,TheNewGentleman.esp,TNG_Skin_EE2,,missing display name
0xEE3~TheNewGentleman.esp,TheNewGentleman.esp,TNG_Skin_EE3,,missing display name
0xEE4~TheNewGentleman.esp,TheNewGentleman.esp,TNG_Skin_EE4,,missing display name
0xEE5~TheNewGentleman.esp,TheNewGentleman.esp,TNG_Skin_EE5,,missing display name
0xEE6~TheNewGentleman.esp,TheNewGentleman.esp,TNG_Skin_EE6,,missing display name
0xEE7~TheNewGentleman.esp,TheNewGentleman.esp,TNG_Skin_EE7,,missing display name
0xEE8~TheNewGentleman.esp,TheNewGentleman.esp,TNG_Skin_EE8,,missing display name
0xEE9~TheNewGentleman.esp,TheNewGentleman.esp,TNG_Skin_EE9,,missing display name
0xEEA~TheNewGentleman.esp,TheNewGentleman.esp,TNG_Skin_EEA,,missing display name
0xEEB~TheNewGentleman.esp,TheNewGentleman.esp,TNG_Skin_EEB,,missing display name
0xEEC~TheNewGentleman.esp,TheNewGentleman.esp,TNG_Skin_EEC,,missing display name
0xEED~TheNewGentleman.esp,TheNewGentleman.esp,TNG_Skin_EED,,missing display name
0xEEE~TheNewGentleman.esp,TheNewGentleman.esp,TNG_Skin_EEE,,missing display name
0xEEF~TheNewGentleman.esp,TheNewGentleman.esp,TNG_Skin_EEF,,missing display name
0xEF0~TheNewGentleman.esp,TheNewGentleman.esp,TNG_Skin_EF0,,missing display name
0xEF1~TheNewGentleman.esp,TheNewGentleman.esp,TNG_Skin_EF1,,missing display name
0xEF2~TheNewGentleman.esp,TheNewGentleman.esp,TNG_Skin_EF2,,missing display name
0xEF3~TheNewGentleman.esp,TheNewGentleman.esp,TNG_Skin_EF3,,missing display name
0xEF4~TheNewGentleman.esp,TheNewGentleman.esp,TNG_Skin_EF4,,missing display name
0xEF5~TheNewGentleman.esp,TheNewGentleman.esp,TNG_Skin_EF5,,missing display name
0xEF6~TheNewGentleman.esp,TheNewGentleman.esp,TNG_Skin_EF6,,missing display name
0xEF7~TheNewGentleman.esp,TheNewGentleman.esp,TNG_Skin_EF7,,missing display name
0xEF8~TheNewGentleman.esp,TheNewGentleman.esp,TNG_Skin_EF8,,missing display name
0xEF9~TheNewGentleman.esp,TheNewGentleman.esp,TNG_Skin_EF9,,missing display name
0xEFA~TheNewGentleman.esp,TheNewGentleman.esp,TNG_Skin_EFA,,missing display name
0xEFB~TheNewGentleman.esp,TheNewGentleman.esp,TNG_Skin_EFB,,missing display name
0xEFC~TheNewGentleman.esp,TheNewGentleman.esp,TNG_Skin_EFC,,missing display name
0xEFD~TheNewGentleman.esp,TheNewGentleman.esp,TNG_Skin_EFD,,missing display name
0xEFE~TheNewGentleman.esp,TheNewGentleman.esp,TNG_Skin_EFE,,missing display name
0xEFF~TheNewGentleman.esp,TheNewGentleman.esp,TNG_Skin_EFF,,missing display name
0x106EA6~TheTrappingsOfFate.esp,TheTrappingsOfFate.esp,FrayEQ2B2WhiteEboniteMittens_Rendered,,missing display name
0x14F239~TheTrappingsOfFate.esp,TheTrappingsOfFate.esp,FrayEQHarness_Inventory,Harness,missing armor addon/model links
0x14F23A~TheTrappingsOfFate.esp,TheTrappingsOfFate.esp,FrayEQHarness_Rendered,,missing display name
0x177A4F~TheTrappingsOfFate.esp,TheTrappingsOfFate.esp,FrayEQBelt_Inventory,Belt,missing armor addon/model links
0x177A50~TheTrappingsOfFate.esp,TheTrappingsOfFate.esp,FrayEQBelt_Rendered,,missing display name
0x190DB1~TheTrappingsOfFate.esp,TheTrappingsOfFate.esp,FrayEQPPiercingV_Inventory,Toy's Special Piercing,missing armor addon/model links
0x190DB3~TheTrappingsOfFate.esp,TheTrappingsOfFate.esp,FrayEQPPiercingV_Rendered,,missing display name
0x19107A~TheTrappingsOfFate.esp,TheTrappingsOfFate.esp,FrayEQBoots_Inventory,Boots,missing armor addon/model links
0x19107B~TheTrappingsOfFate.esp,TheTrappingsOfFate.esp,FrayEQBoots_Rendered,,missing display name
0x1B4815~TheTrappingsOfFate.esp,TheTrappingsOfFate.esp,FrayEQGag_Inventory,Gag,missing armor addon/model links
0x1B4816~TheTrappingsOfFate.esp,TheTrappingsOfFate.esp,FrayEQGag_Rendered,,missing display name
0x1DD02F~TheTrappingsOfFate.esp,TheTrappingsOfFate.esp,FrayEQNipplePiercings_Inventory,Nipple Piercings,missing armor addon/model links
0x1DD030~TheTrappingsOfFate.esp,TheTrappingsOfFate.esp,FrayEQPlug_Inventory,Plug,missing armor addon/model links
0x1DD031~TheTrappingsOfFate.esp,TheTrappingsOfFate.esp,FrayEQPlug_Rendered,,missing display name
0x1DD032~TheTrappingsOfFate.esp,TheTrappingsOfFate.esp,FrayEQNipplePiercings_Rendered,,missing display name
0x22ECFB~TheTrappingsOfFate.esp,TheTrappingsOfFate.esp,FrayEQ2BlackRopeGag_Inventory,Tight Black Rope Ball Gag,missing armor addon/model links
0x22ED03~TheTrappingsOfFate.esp,TheTrappingsOfFate.esp,FrayEQ2MufflingHood_Inventory,Muffling Hood,missing armor addon/model links
0x22ED04~TheTrappingsOfFate.esp,TheTrappingsOfFate.esp,FrayEQ2MufflingHood_Rendered,,missing display name
0x28A745~TheTrappingsOfFate.esp,TheTrappingsOfFate.esp,FrayEQ2BlackRopeBlindfold_Inventory,Tight Black Rope Blindfold,missing armor addon/model links
0x2CCB7A~TheTrappingsOfFate.esp,TheTrappingsOfFate.esp,FrayEQ2FittedEboniteGloves_Inventory,Fitted Ebonite Gloves,missing armor addon/model links
0x2CCB7B~TheTrappingsOfFate.esp,TheTrappingsOfFate.esp,FrayEQ2FittedEboniteCorset_Inventory,Fitted Ebonite Corset,missing armor addon/model links
0x2CCB7C~TheTrappingsOfFate.esp,TheTrappingsOfFate.esp,FrayEQ2FittedEboniteBoots_Inventory,Fitted Ebonite Boots,missing armor addon/model links
0x2CCB7D~TheTrappingsOfFate.esp,TheTrappingsOfFate.esp,FrayEQ2IronCuffsFront_Inventory,Plain Iron Handcuffs,missing armor addon/model links
0x2CCB7E~TheTrappingsOfFate.esp,TheTrappingsOfFate.esp,FrayEQ2BallChain01_Inventory,Plain Iron Fetters (Ball & Chain),missing armor addon/model links
0x2D6E96~TheTrappingsOfFate.esp,TheTrappingsOfFate.esp,FrayEQ2BlackRopeHarness_Inventory,Tight Black Rope Harness,missing armor addon/model links
0x3CB938~TheTrappingsOfFate.esp,TheTrappingsOfFate.esp,FrayEQPPARYokePoser,,missing display name
0x3CB939~TheTrappingsOfFate.esp,TheTrappingsOfFate.esp,FrayEQPPARArmbinderPoser,,missing display name
0x616419~TheTrappingsOfFate.esp,TheTrappingsOfFate.esp,FrayEQ2FittedEboniteBallGag_Inventory,Fitted Ebonite Gag,missing armor addon/model links
0x61B59A~TheTrappingsOfFate.esp,TheTrappingsOfFate.esp,FrayEQ2PolishedChastityBelt_Inventory,Polished Chastity Belt,missing armor addon/model links
0x6B4B9~TheTrappingsOfFate.esp,TheTrappingsOfFate.esp,FrayEQArmbinder_Inventory,Armbinder,missing armor addon/model links
0x6C89CF~TheTrappingsOfFate.esp,TheTrappingsOfFate.esp,FrayEQ2B2SteelYoke_Rendered,,missing display name
0x70C0D3~TheTrappingsOfFate.esp,TheTrappingsOfFate.esp,FrayEQHintBlindfold_Inventory,Blindfold,missing armor addon/model links
0x714F6F~TheTrappingsOfFate.esp,TheTrappingsOfFate.esp,FrayEQ2FittedEboniteBallGag_Rendered,,missing display name
0x73DB73~TheTrappingsOfFate.esp,TheTrappingsOfFate.esp,FrayEQ2RedLeatherStraitJacket_Inventory,Comfortable Red Leather Straitjacket,missing armor addon/model links
0x73DB74~TheTrappingsOfFate.esp,TheTrappingsOfFate.esp,FrayEQ2RedLeatherStraitJacket_Rendered,,missing display name
0x73DB78~TheTrappingsOfFate.esp,TheTrappingsOfFate.esp,FrayEQ2HobbleDress_Inventory,Tailored Hobble Dress,missing armor addon/model links
0x73DB7A~TheTrappingsOfFate.esp,TheTrappingsOfFate.esp,FrayEQ2HobbleDress_Rendered,,missing display name
0x756BB~TheTrappingsOfFate.esp,TheTrappingsOfFate.esp,FrayEQArmbinder_Rendered,,missing display name
0x76B975~TheTrappingsOfFate.esp,TheTrappingsOfFate.esp,FrayEQ2FittedEboniteBlindfold_Rendered,,missing display name
0x76B976~TheTrappingsOfFate.esp,TheTrappingsOfFate.esp,FrayEQ2FittedEboniteBlindfold_Inventory,Fitted Ebonite Blindfold,missing armor addon/model links
0x81F3A~TheTrappingsOfFate.esp,TheTrappingsOfFate.esp,FrayEQ2B2SteelYoke_Inventory,Iron Yoke,missing armor addon/model links
0x81F3B~TheTrappingsOfFate.esp,TheTrappingsOfFate.esp,FrayEQ2B2WhiteEboniteMittens_Inventory,White Ebonite Paw Bondage Mittens,missing armor addon/model links
0x81F3C~TheTrappingsOfFate.esp,TheTrappingsOfFate.esp,FrayEQ2B2WhiteEboniteElbowbinder_Inventory,White Ebonite Elbowbinder,missing armor addon/model links
0x926D05~TheTrappingsOfFate.esp,TheTrappingsOfFate.esp,FrayEQ2RunicCircleElbowbinder_Inventory,Rune-Bound Elbows,missing armor addon/model links
0x92BE82~TheTrappingsOfFate.esp,TheTrappingsOfFate.esp,FrayEQ2RunicCircleElbowbinder_Rendered,,missing display name
0x93B2E4~TheTrappingsOfFate.esp,TheTrappingsOfFate.esp,FrayEQ2RunicCirclePetsuit_Inventory,Rune-Bound Body,missing armor addon/model links
0x93B2E5~TheTrappingsOfFate.esp,TheTrappingsOfFate.esp,FrayEQ2RunicCirclePetsuit_Rendered,,missing display name
0x9732D1~TheTrappingsOfFate.esp,TheTrappingsOfFate.esp,FrayEQ2RunicCircleHobble_Inventory,Rune-Bound Legs,missing armor addon/model links
0x9732D3~TheTrappingsOfFate.esp,TheTrappingsOfFate.esp,FrayEQ2RunicCircleHobble_Rendered,,missing display name
0x9C2D3E~TheTrappingsOfFate.esp,TheTrappingsOfFate.esp,FrayEQ2Collar_Rendered,,missing display name
0x9C2D3F~TheTrappingsOfFate.esp,TheTrappingsOfFate.esp,FrayEQ2Collar_Inventory,Control Collar,missing armor addon/model links
0xA0BF2D~TheTrappingsOfFate.esp,TheTrappingsOfFate.esp,FrayEQ2RunicCircleGag_Inventory,Rune-spread Jaws,missing armor addon/model links
0xA0BF2E~TheTrappingsOfFate.esp,TheTrappingsOfFate.esp,FrayEQ2RunicCircleGag_Rendered,,missing display name
0xBA33B2~TheTrappingsOfFate.esp,TheTrappingsOfFate.esp,FrayEQ2FittedEbonitePetSuit_Inventory,Fitted Ebonite Pet Suit,missing armor addon/model links
0xC15E1~TheTrappingsOfFate.esp,TheTrappingsOfFate.esp,FrayEQBlindfold_Rendered,,missing display name
0xC15E2~TheTrappingsOfFate.esp,TheTrappingsOfFate.esp,FrayEQBlindfold_Inventory,Blindfold,missing armor addon/model links
0xC15E7~TheTrappingsOfFate.esp,TheTrappingsOfFate.esp,FrayEQHood_Inventory,Hood,missing armor addon/model links
0xC15E8~TheTrappingsOfFate.esp,TheTrappingsOfFate.esp,FrayEQHood_Rendered,,missing display name
0xC8D980~TheTrappingsOfFate.esp,TheTrappingsOfFate.esp,FrayEQ2Earplugs_Rendered,,missing display name
0xC9CCAD~TheTrappingsOfFate.esp,TheTrappingsOfFate.esp,FrayEQ2Earplugs_Inventory,Locking Earplugs,missing armor addon/model links
0xEEF11~TheTrappingsOfFate.esp,TheTrappingsOfFate.esp,FrayEQMittens_Inventory,Paw Mittens,missing armor addon/model links
0xEEF12~TheTrappingsOfFate.esp,TheTrappingsOfFate.esp,FrayEQMittens_Rendered,,missing display name
0xFC079F~TheTrappingsOfFate.esp,TheTrappingsOfFate.esp,FrayEQ2CatsuitDarkRed_Inventory,Blood-Red Ebonite Catsuit,missing armor addon/model links
0xFC07A0~TheTrappingsOfFate.esp,TheTrappingsOfFate.esp,FrayEQ2CatsuitDarkRed_Rendered,,missing display name
0xFCAA41~TheTrappingsOfFate.esp,TheTrappingsOfFate.esp,FrayEQ2B2WhiteBeltOpen_Rendered,,missing display name
0xFCAA42~TheTrappingsOfFate.esp,TheTrappingsOfFate.esp,FrayEQ2B2WhiteBeltOpen_Inventory,White Chastity Belt,missing armor addon/model links
0xFCAA45~TheTrappingsOfFate.esp,TheTrappingsOfFate.esp,FrayEQ2B2WhiteEboniteRestrictiveGloves_Inventory,White Ebonite Restrictive Gloves,missing armor addon/model links
0xFCAA46~TheTrappingsOfFate.esp,TheTrappingsOfFate.esp,FrayEQ2B2WhiteEboniteRestrictiveGloves_Rendered,,missing display name
0xFCAA47~TheTrappingsOfFate.esp,TheTrappingsOfFate.esp,FrayEQ2B2WhiteEboniteRestrictiveBoots_Rendered,,missing display name
0xFCAA48~TheTrappingsOfFate.esp,TheTrappingsOfFate.esp,FrayEQ2B2WhiteEboniteRestrictiveBoots_Inventory,White Ebonite Restrictive Boots,missing armor addon/model links
0xFD4CE1~TheTrappingsOfFate.esp,TheTrappingsOfFate.esp,FrayEQ2B2WhiteFacemask_Inventory,White Ebonite Face Mask,missing armor addon/model links
0xFD4CE2~TheTrappingsOfFate.esp,TheTrappingsOfFate.esp,FrayEQ2B2WhiteFacemask_Rendered,,missing display name
0xFD4CF2~TheTrappingsOfFate.esp,TheTrappingsOfFate.esp,FrayEQ2ElbowShackles_Inventory,Plain Iron Elbow Shackles,missing armor addon/model links
0xFD9EE0~TheTrappingsOfFate.esp,TheTrappingsOfFate.esp,FrayEQ2FittedEboniteBoots_Rendered,,missing display name
0xFD9EE2~TheTrappingsOfFate.esp,TheTrappingsOfFate.esp,FrayEQ2FittedEboniteGloves_Rendered,,missing display name
0xFD9EE8~TheTrappingsOfFate.esp,TheTrappingsOfFate.esp,FrayEQ2FittedEboniteCorset_Rendered,,missing display name
0xFEE426~TheTrappingsOfFate.esp,TheTrappingsOfFate.esp,FrayEQ2B2WhiteEboniteStraitJacketTopless_Inventory,White Ebonite Straitjacket (Topless),missing armor addon/model links
0xFEE427~TheTrappingsOfFate.esp,TheTrappingsOfFate.esp,FrayEQ2B2WhiteEboniteStraitJacketTopless_Rendered,,missing display name
0x255D2~troublesofheroine.esp,troublesofheroine.esp,AAAPunitiveRope,Punitive Rope,missing armor addon/model links
0x2B6B7~troublesofheroine.esp,troublesofheroine.esp,AAATrainingDummyOutfit,Training Dummy Outfit,suspicious invisible/test/skin record; add to includedSuspiciousForms to force inclusion
0x10420~TrueHel.esp,TrueHel.esp,N78TrueHelSpiritArmourBoots01,Helheim Boots,non-playable record
0x10421~TrueHel.esp,TrueHel.esp,N78TrueHelSpiritArmourCuirass01,Helheim Armour,non-playable record
0x10422~TrueHel.esp,TrueHel.esp,N78TrueHelSpiritArmourGauntlets01,Helheim Gauntlets,non-playable record
0x10423~TrueHel.esp,TrueHel.esp,N78TrueHelSpiritArmourHelmet,Helheim Circlet,non-playable record
0x154046~TrueHel.esp,TrueHel.esp,N78HelheimMannequinBody,Manakin,non-playable record
0x15B78C~TrueHel.esp,TrueHel.esp,N78HelheimGanglotHair,,non-playable record
0x15B78F~TrueHel.esp,TrueHel.esp,N78HelheimGanglotRobe,Robe,non-playable record
0x15B795~TrueHel.esp,TrueHel.esp,N78HelheimGanglotBody,,non-playable record
0x180CEC~TrueHel.esp,TrueHel.esp,N78TrueHelSpiritArmourCuirass02,Helheim Armour,non-playable record
0x1C1673~TrueHel.esp,TrueHel.esp,N78TrueHelSpiritArmourBoots02,Helheim Boots,non-playable record
0x1C1674~TrueHel.esp,TrueHel.esp,N78TrueHelSpiritArmourGauntlets02,Helheim Gauntlets,non-playable record
0x1E1B5B~TrueHel.esp,TrueHel.esp,N78TrueHelSleipnirBody,,non-playable record
0x9BEFB~TrueHel.esp,TrueHel.esp,N78THRuinsDraugrPriestessBody,,non-playable record
0x9BEFE~TrueHel.esp,TrueHel.esp,N78THRuinsDraugrPriestessHair,,non-playable record
0xB4DC~TrueHel.esp,TrueHel.esp,N78TrueHelSpiritBody,,non-playable record
0xD68~TrueHel.esp,TrueHel.esp,N78TrueHelBody,,non-playable record
0x11A347~UnforgivingDevices.esp,UnforgivingDevices.esp,UD_Debugbinder_Inventory,Debugbinder,missing armor addon/model links
0x11A351~UnforgivingDevices.esp,UnforgivingDevices.esp,UD_Debugbinder_ScriptInstance,,missing display name
0x120B7~UnforgivingDevices.esp,UnforgivingDevices.esp,UD_AbadonWeakBoxbinder_Inventory,Weak Abadon Boxbinder,missing armor addon/model links
0x120B8~UnforgivingDevices.esp,UnforgivingDevices.esp,UD_AbadonWeakBoxbinder_ScriptInstance,,missing display name
0x120B9~UnforgivingDevices.esp,UnforgivingDevices.esp,UD_AbadonBoxbinder_Inventory,Abadon Boxbinder,missing armor addon/model links
0x120BA~UnforgivingDevices.esp,UnforgivingDevices.esp,UD_AbadonBoxbinder_ScriptInstance,,missing display name
0x120BB~UnforgivingDevices.esp,UnforgivingDevices.esp,UD_AbadonCatsuit_Inventory,Abadon Catsuit,missing armor addon/model links
0x120BC~UnforgivingDevices.esp,UnforgivingDevices.esp,UD_AbadonCatsuit_ScriptInstance,,missing display name
0x120BD~UnforgivingDevices.esp,UnforgivingDevices.esp,UD_AbadonCatsuitSocks_Inventory,Abadon Socks,missing armor addon/model links
0x120BE~UnforgivingDevices.esp,UnforgivingDevices.esp,UD_AbadonCatsuitSocks_ScriptInstance,,missing display name
0x120BF~UnforgivingDevices.esp,UnforgivingDevices.esp,UD_AbadonBoots_Inventory,Abadon Boots,missing armor addon/model links
0x120C0~UnforgivingDevices.esp,UnforgivingDevices.esp,UD_AbadonBoots_ScriptInstance,,missing display name
0x120C1~UnforgivingDevices.esp,UnforgivingDevices.esp,UD_AbadonIronBoots_Inventory,Abadon Iron Boots,missing armor addon/model links
0x120C2~UnforgivingDevices.esp,UnforgivingDevices.esp,UD_AbadonIronBoots_ScriptInstance,,missing display name
0x120C3~UnforgivingDevices.esp,UnforgivingDevices.esp,UD_AbadonFacemask_Inventory,Abadon Face Mask,missing armor addon/model links
0x120C4~UnforgivingDevices.esp,UnforgivingDevices.esp,UD_AbadonFacemask_scriptInstance,,missing display name
0x120C6~UnforgivingDevices.esp,UnforgivingDevices.esp,UD_AbadonBalletBoots_Inventory,Abadon Ballet Boots,missing armor addon/model links
0x120C7~UnforgivingDevices.esp,UnforgivingDevices.esp,UD_AbadonBalletBoots_ScriptInstance,,missing display name
0x120C8~UnforgivingDevices.esp,UnforgivingDevices.esp,UD_AbadonBoxbinderOutfit_Inventory,Abadon Boxbinder (Hard),missing armor addon/model links
0x120C9~UnforgivingDevices.esp,UnforgivingDevices.esp,UD_AbadonBoxbinderOutfit_ScriptInstance,,missing display name
0x120CA~UnforgivingDevices.esp,UnforgivingDevices.esp,UD_CursedAbadonInflatablePlugVag_inventory,Cursed Inflatable Abadon Plug (Vaginal),missing armor addon/model links
0x120CB~UnforgivingDevices.esp,UnforgivingDevices.esp,UD_CursedAbadonInflatablePlugVag_ScriptInstance,,missing display name
0x12A11A~UnforgivingDevices.esp,UnforgivingDevices.esp,UD_AbadonArmbinder_Inventory,Leather Abadon Armbinder,missing armor addon/model links
0x12A11B~UnforgivingDevices.esp,UnforgivingDevices.esp,UD_AbadonArmbinder_ScriptInstance,,missing display name
0x12A11C~UnforgivingDevices.esp,UnforgivingDevices.esp,UD_AbadonArmbinderWhite_Inventory,White Abadon Armbinder,missing armor addon/model links
0x12A11D~UnforgivingDevices.esp,UnforgivingDevices.esp,UD_AbadonArmbinderWhite_ScriptInstance,,missing display name
0x12A11E~UnforgivingDevices.esp,UnforgivingDevices.esp,UD_AbadonArmbinderRope_Inventory,Abadon Ropes,missing armor addon/model links
0x12A11F~UnforgivingDevices.esp,UnforgivingDevices.esp,UD_AbadonArmbinderRope_ScriptInstance,,missing display name
0x12B14A~UnforgivingDevices.esp,UnforgivingDevices.esp,UD_MageBinder_Inventory,Rare Blue Straitjacket,missing armor addon/model links
0x12B14B~UnforgivingDevices.esp,UnforgivingDevices.esp,UD_MageBinder_ScriptInstance,,missing display name
0x12B14C~UnforgivingDevices.esp,UnforgivingDevices.esp,UD_RogueBinder_Inventory,Rare Green Elbowbinder,missing armor addon/model links
0x12B14D~UnforgivingDevices.esp,UnforgivingDevices.esp,UD_RogueBinder_ScriptInstance,,missing display name
0x12C179~UnforgivingDevices.esp,UnforgivingDevices.esp,UD_AbadonWeakArmbinder_Inventory,Weak Abadon Armbinder,missing armor addon/model links
0x12C17A~UnforgivingDevices.esp,UnforgivingDevices.esp,UD_AbadonWeakArmbinder_ScriptInstance,,missing display name
0x12C17B~UnforgivingDevices.esp,UnforgivingDevices.esp,UD_AbadonWeakStraitjacket_Inventory,Weak Abadon Straitjacket,missing armor addon/model links
0x12C17C~UnforgivingDevices.esp,UnforgivingDevices.esp,UD_AbadonWeakStraitjacket_ScriptInstance,,missing display name
0x12D1A6~UnforgivingDevices.esp,UnforgivingDevices.esp,UD_AbadonArmbinderEbonite_Inventory,Ebonite Abadon Armbinder,missing armor addon/model links
0x12D1A7~UnforgivingDevices.esp,UnforgivingDevices.esp,UD_AbadonArmbinderEbonite_ScriptInstance,,missing display name
0x12D1A8~UnforgivingDevices.esp,UnforgivingDevices.esp,UD_AbadonCursedStraitjacket_Inventory,Cursed Abadon Straitjacket,missing armor addon/model links
0x12D1A9~UnforgivingDevices.esp,UnforgivingDevices.esp,UD_AbadonCursedStraitjacket_ScriptInstance,,missing display name
0x12D1AA~UnforgivingDevices.esp,UnforgivingDevices.esp,UD_AbadonStraitjacket_Inventory,Abadon Straitjacket,missing armor addon/model links
0x12D1AB~UnforgivingDevices.esp,UnforgivingDevices.esp,UD_AbadonStraitjacket_ScriptInstance,,missing display name
0x12D1AC~UnforgivingDevices.esp,UnforgivingDevices.esp,UD_AbadonStraitjacketEbonite_Inventory,Ebonite Abadon Straitjacket,missing armor addon/model links
0x12D1AD~UnforgivingDevices.esp,UnforgivingDevices.esp,UD_AbadonStraitjacketEbonite_ScriptInstance,,missing display name
0x1327E1~UnforgivingDevices.esp,UnforgivingDevices.esp,UD_AbadonWeakYoke_Inventory,Weak Abadon Yoke,missing armor addon/model links
0x1327E3~UnforgivingDevices.esp,UnforgivingDevices.esp,UD_AbadonWeakYoke_ScriptInstance,,missing display name
0x132D46~UnforgivingDevices.esp,UnforgivingDevices.esp,UD_AbadonWeakElbowbinder_Inventory,Weak Abadon Elbowbinder,missing armor addon/model links
0x132D47~UnforgivingDevices.esp,UnforgivingDevices.esp,UD_AbadonWeakElbowbinder_ScriptInstance,,missing display name
0x1332AC~UnforgivingDevices.esp,UnforgivingDevices.esp,UD_AbadonBallGag_Inventory,Abadon Ball Gag,missing armor addon/model links
0x1332AD~UnforgivingDevices.esp,UnforgivingDevices.esp,UD_AbadonBallGag_scriptInstance,,missing display name
0x1332AE~UnforgivingDevices.esp,UnforgivingDevices.esp,UD_AbadonLegCuffs_Inventory,Abadon Cuffs (Legs),missing armor addon/model links
0x1332AF~UnforgivingDevices.esp,UnforgivingDevices.esp,UD_AbadonLegCuffs_scriptInstance,,missing display name
0x1342D7~UnforgivingDevices.esp,UnforgivingDevices.esp,UD_AbadonArmCuffs_Inventory,Abadon Cuffs (Arms),missing armor addon/model links
0x1342D8~UnforgivingDevices.esp,UnforgivingDevices.esp,UD_AbadonArmCuffs_ScriptInstance,,missing display name
0x1342D9~UnforgivingDevices.esp,UnforgivingDevices.esp,UD_AbadonCollarCuffs_Inventory,Abadon Collar,missing armor addon/model links
0x1342DA~UnforgivingDevices.esp,UnforgivingDevices.esp,UD_AbadonCollarCuffs_scriptInstance,,missing display name
0x1342DB~UnforgivingDevices.esp,UnforgivingDevices.esp,UD_PunisherCatsuit_Inventory,Punisher Suit,missing armor addon/model links
0x1342DC~UnforgivingDevices.esp,UnforgivingDevices.esp,UD_PunisherCatsuit_ScriptInstance,,missing display name
0x1342DD~UnforgivingDevices.esp,UnforgivingDevices.esp,UD_AbadonBalletBootsCatsuit_Inventory,Abadon Ballet Boots,missing armor addon/model links
0x1342DE~UnforgivingDevices.esp,UnforgivingDevices.esp,UD_AbadonBalletBootsCatsuit_ScriptInstance,,missing display name
0x1342DF~UnforgivingDevices.esp,UnforgivingDevices.esp,UD_AbadonGasmask_Inventory,Abadon Gas Mask,missing armor addon/model links
0x1342E0~UnforgivingDevices.esp,UnforgivingDevices.esp,UD_AbadonGasmask_ScriptInstance,,missing display name
0x1342E1~UnforgivingDevices.esp,UnforgivingDevices.esp,UD_AbadonBlindfold_Inventory,Abadon Blindfold,missing armor addon/model links
0x1342E2~UnforgivingDevices.esp,UnforgivingDevices.esp,UD_AbadonBlindfold_ScriptInstance,,missing display name
0x1342E3~UnforgivingDevices.esp,UnforgivingDevices.esp,UD_AbadonBelt_Inventory,Abadon Belt,missing armor addon/model links
0x1342E4~UnforgivingDevices.esp,UnforgivingDevices.esp,UD_AbadonBelt_ScriptInstance,,missing display name
0x1342E5~UnforgivingDevices.esp,UnforgivingDevices.esp,UD_AbadonStraitjacketEboniteOpen_Inventory,Ebonite Abadon Straitjacket (Topless),missing armor addon/model links
0x1342E6~UnforgivingDevices.esp,UnforgivingDevices.esp,UD_AbadonStraitjacketEboniteOpen_ScriptInstance,,missing display name
0x135872~UnforgivingDevices.esp,UnforgivingDevices.esp,UD_AbadonBlueArmbinder_Inventory,Rare Blue Armbinder,missing armor addon/model links
0x135873~UnforgivingDevices.esp,UnforgivingDevices.esp,UD_AbadonBlueArmbinder_ScriptInstance,,missing display name
0x135DDE~UnforgivingDevices.esp,UnforgivingDevices.esp,UD_AbadonPlug_Inventory,Abadon Plug (Vaginal),missing armor addon/model links
0x135DDF~UnforgivingDevices.esp,UnforgivingDevices.esp,UD_AbadonPlug_scriptInstance,,missing display name
0x1368B4~UnforgivingDevices.esp,UnforgivingDevices.esp,UD_LittleHelperPlug_Inventory,Little Helper Plug,missing armor addon/model links
0x1368B5~UnforgivingDevices.esp,UnforgivingDevices.esp,UD_LittleHelperPlug_scriptInstance,,missing display name
0x136E19~UnforgivingDevices.esp,UnforgivingDevices.esp,UD_AbadonGagTape_Inventory,Abadon Tape Gag,missing armor addon/model links
0x136E1B~UnforgivingDevices.esp,UnforgivingDevices.esp,UD_AbadonGagTape_ScriptInstance,,missing display name
0x136E1C~UnforgivingDevices.esp,UnforgivingDevices.esp,UD_AbadonRestrictiveBoots_Inventory,Abadon Restrictive Boots,missing armor addon/model links
0x136E1D~UnforgivingDevices.esp,UnforgivingDevices.esp,UD_AbadonRestrictiveBoots_ScriptInstance,,missing display name
0x136E1E~UnforgivingDevices.esp,UnforgivingDevices.esp,UD_AbadonRestrictiveGloves_ScriptInstance,,missing display name
0x136E1F~UnforgivingDevices.esp,UnforgivingDevices.esp,UD_AbadonRestrictiveGloves_Inventory,Abadon Restrictive Gloves,missing armor addon/model links
0x136E20~UnforgivingDevices.esp,UnforgivingDevices.esp,UD_AbadonRingGag_Inventory,Abadon Gag (Ring) (Harness),missing armor addon/model links
0x136E21~UnforgivingDevices.esp,UnforgivingDevices.esp,UD_AbadonRingGag_scriptInstance,,missing display name
0x136E22~UnforgivingDevices.esp,UnforgivingDevices.esp,UD_AbadonRestrictiveCollar_Inventory,Abadon Restrictive Collar,missing armor addon/model links
0x136E23~UnforgivingDevices.esp,UnforgivingDevices.esp,UD_AbadonRestrictiveCollar_ScriptInstance,,missing display name
0x136E25~UnforgivingDevices.esp,UnforgivingDevices.esp,UD_AbadonRestrictiveCorset_ScriptInstance,,missing display name
0x136E27~UnforgivingDevices.esp,UnforgivingDevices.esp,UD_AbadonRestrictiveCorset_Inventory,Abadon Corset,missing armor addon/model links
0x136E28~UnforgivingDevices.esp,UnforgivingDevices.esp,UD_AbadonBallGagExtreme_Inventory,Abadon Extreme Ball Gag,missing armor addon/model links
0x136E29~UnforgivingDevices.esp,UnforgivingDevices.esp,UD_AbadonBallGagExtreme_ScriptInstance,,missing display name
0x136E2A~UnforgivingDevices.esp,UnforgivingDevices.esp,UD_AbadonInflatableGagExtreme_ScriptInstance,,missing display name
0x136E2C~UnforgivingDevices.esp,UnforgivingDevices.esp,UD_AbadonInflatableGagExtreme_Inventory,Abadon Extreme Inflatable Gag,missing armor addon/model links
0x1383B8~UnforgivingDevices.esp,UnforgivingDevices.esp,UD_AbadonCatsuitTransparent_Inventory,Abadon Transparent Catsuit,missing armor addon/model links
0x1383B9~UnforgivingDevices.esp,UnforgivingDevices.esp,UD_AbadonCatsuitTransparent_ScriptInstance,,missing display name
0x1383BA~UnforgivingDevices.esp,UnforgivingDevices.esp,UD_AbadonBlindfoldWhite_Inventory,Abadon White Blindfold,missing armor addon/model links
0x1383BB~UnforgivingDevices.esp,UnforgivingDevices.esp,UD_AbadonBlindfoldWhite_ScriptInstance,,missing display name
0x1383BC~UnforgivingDevices.esp,UnforgivingDevices.esp,UD_AbadonTransparentBoots_Inventory,Abadon Transparent High Heels,missing armor addon/model links
0x1383BD~UnforgivingDevices.esp,UnforgivingDevices.esp,UD_AbadonTransparentBoots_ScriptInstance,,missing display name
0x1383BE~UnforgivingDevices.esp,UnforgivingDevices.esp,UD_AbadonPonyBootsWhite_Inventory,Abadon White Pony Boots,missing armor addon/model links
0x1383BF~UnforgivingDevices.esp,UnforgivingDevices.esp,UD_AbadonPonyBootsWhite_ScriptInstance,,missing display name
0x139EAD~UnforgivingDevices.esp,UnforgivingDevices.esp,UD_ControlableVagPlug_Inventory,Controllable Vaginal Plug,missing armor addon/model links
0x139EAE~UnforgivingDevices.esp,UnforgivingDevices.esp,UD_ControlableVagPlug_scriptInstance,,missing display name
0x13B43C~UnforgivingDevices.esp,UnforgivingDevices.esp,UD_AbadonPlugAnal_Inventory,Abadon Plug (Anal),missing armor addon/model links
0x13B43D~UnforgivingDevices.esp,UnforgivingDevices.esp,UD_AbadonPlugAnal_scriptInstance,,missing display name
0x13BF09~UnforgivingDevices.esp,UnforgivingDevices.esp,UD_AbadonInflatablePlugAnal_inventory,Weak Abadon Plug (Inflatable) (Anal),missing armor addon/model links
0x13BF0A~UnforgivingDevices.esp,UnforgivingDevices.esp,UD_AbadonInflatablePlugAnal_ScriptInstance,,missing display name
0x13C46F~UnforgivingDevices.esp,UnforgivingDevices.esp,UD_ControlableAnalPlug_Inventory,Controllable Anal Plug,missing armor addon/model links
0x13C470~UnforgivingDevices.esp,UnforgivingDevices.esp,UD_ControlableAnalPlug_scriptInstance,,missing display name
0x13C471~UnforgivingDevices.esp,UnforgivingDevices.esp,UD_CursedAbadonInflatablePlugAnal_inventory,Cursed Inflatable Abadon Plug (Anal),missing armor addon/model links
0x13C472~UnforgivingDevices.esp,UnforgivingDevices.esp,UD_CursedAbadonInflatablePlugAnal_ScriptInstance,,missing display name
0x13E4C7~UnforgivingDevices.esp,UnforgivingDevices.esp,UD_AbadonChastityBra_Inventory,Abadon Chastity Bra,missing armor addon/model links
0x13E4C9~UnforgivingDevices.esp,UnforgivingDevices.esp,UD_AbadonChastityBra_ScriptInstance,,missing display name
0x13E4CA~UnforgivingDevices.esp,UnforgivingDevices.esp,UD_AbadonSoulgemPiercingN_Inventory,Abadon Jeweled Piercings (Nipples),missing armor addon/model links
0x13E4CB~UnforgivingDevices.esp,UnforgivingDevices.esp,UD_AbadonSoulgemPiercingN_ScriptInstance,,missing display name
0x13FFB7~UnforgivingDevices.esp,UnforgivingDevices.esp,UD_AbadonSoulgemPiercingV_Inventory,Abadon Jeweled Piercings (Clitoral),missing armor addon/model links
0x13FFB8~UnforgivingDevices.esp,UnforgivingDevices.esp,UD_AbadonSoulgemPiercingV_ScriptInstance,,missing display name
0x13FFB9~UnforgivingDevices.esp,UnforgivingDevices.esp,UD_AbadonGagPanel_Inventory,Abadon Gag (Panel) (Harness),missing armor addon/model links
0x13FFBA~UnforgivingDevices.esp,UnforgivingDevices.esp,UD_AbadonGagPanel_ScriptInstance,,missing display name
0x141546~UnforgivingDevices.esp,UnforgivingDevices.esp,UD_AbadonMittens_Inventory,Abadon Mittens,missing armor addon/model links
0x141547~UnforgivingDevices.esp,UnforgivingDevices.esp,UD_AbadonMittens_ScriptInstance,,missing display name
0x143034~UnforgivingDevices.esp,UnforgivingDevices.esp,UD_AbadonYoke_Inventory,Abadon Yoke,missing armor addon/model links
0x143035~UnforgivingDevices.esp,UnforgivingDevices.esp,UD_AbadonYoke_ScriptInstance,,missing display name
0x14FA0~UnforgivingDevices.esp,UnforgivingDevices.esp,UD_ArmorSet01_BootsA_Inventory,Abadon Warrior Boots,missing armor addon/model links
0x14FA1~UnforgivingDevices.esp,UnforgivingDevices.esp,UD_ArmorSet01_BootsA_Rendered,,missing display name
0x14FA2~UnforgivingDevices.esp,UnforgivingDevices.esp,UD_ArmorSet01_BootsB_Inventory,Abadon Warrior Boots,missing armor addon/model links
0x14FA3~UnforgivingDevices.esp,UnforgivingDevices.esp,UD_ArmorSet01_BootsB_Rendered,,missing display name
0x14FA5~UnforgivingDevices.esp,UnforgivingDevices.esp,UD_ArmorSet01_GlovesA_Inventory,Abadon Warrior Gloves,missing armor addon/model links
0x14FA6~UnforgivingDevices.esp,UnforgivingDevices.esp,UD_ArmorSet01_GlovesA_Rendered,,missing display name
0x14FA7~UnforgivingDevices.esp,UnforgivingDevices.esp,UD_ArmorSet01_CorsetA_Inventory,Abadon Warrior Corset,missing armor addon/model links
0x14FA8~UnforgivingDevices.esp,UnforgivingDevices.esp,UD_ArmorSet01_CorsetA_Rendered,,missing display name
0x14FA9~UnforgivingDevices.esp,UnforgivingDevices.esp,UD_ArmorSet01_CorsetB_Inventory,Abadon Warrior Corset,missing armor addon/model links
0x14FAA~UnforgivingDevices.esp,UnforgivingDevices.esp,UD_ArmorSet01_CorsetB_Rendered,,missing display name
0x14FAB~UnforgivingDevices.esp,UnforgivingDevices.esp,UD_ArmorSet01_ArmCuffs_Inventory,Abadon Warrior Cuffs (Arms),missing armor addon/model links
0x14FAC~UnforgivingDevices.esp,UnforgivingDevices.esp,UD_ArmorSet01_ArmCuffs_Rendered,,missing display name
0x14FAD~UnforgivingDevices.esp,UnforgivingDevices.esp,UD_ArmorSet01_LegCuffs_Inventory,Abadon Warrior Cuffs (Legs),missing armor addon/model links
0x14FAE~UnforgivingDevices.esp,UnforgivingDevices.esp,UD_ArmorSet01_LegCuffs_Rendered,,missing display name
0x14FAF~UnforgivingDevices.esp,UnforgivingDevices.esp,UD_ArmorSet01_CollarB_Inventory,Abadon Warrior Collar,missing armor addon/model links
0x14FB0~UnforgivingDevices.esp,UnforgivingDevices.esp,UD_ArmorSet01_CollarB_Rendered,,missing display name
0x14FBA~UnforgivingDevices.esp,UnforgivingDevices.esp,UD_ArmorSet01_CollarA_Inventory,Abadon Warrior Collar,missing armor addon/model links
0x14FBB~UnforgivingDevices.esp,UnforgivingDevices.esp,UD_ArmorSet01_CollarA_Rendered,,missing display name
0x14FC9~UnforgivingDevices.esp,UnforgivingDevices.esp,UD_ModTestBallGag_Inventory,TEST GAG - DONT USE,missing armor addon/model links
0x14FCA~UnforgivingDevices.esp,UnforgivingDevices.esp,UD_ModTestBallGag_Rendered,,missing display name
0x14FCF~UnforgivingDevices.esp,UnforgivingDevices.esp,UD_ArmorSet02_Collar_Rendered,,missing display name
0x14FD0~UnforgivingDevices.esp,UnforgivingDevices.esp,UD_ArmorSet02_Collar_Inventory,Abadon Scout Collar,missing armor addon/model links
0x14FD1~UnforgivingDevices.esp,UnforgivingDevices.esp,UD_ArmorSet02_HarnessA_Rendered,,missing display name
0x14FD2~UnforgivingDevices.esp,UnforgivingDevices.esp,UD_ArmorSet02_HarnessA_Inventory,Abadon Scout Harness,missing armor addon/model links
0x14FD3~UnforgivingDevices.esp,UnforgivingDevices.esp,UD_ArmorSet02_HarnessB_Rendered,,missing display name
0x14FD4~UnforgivingDevices.esp,UnforgivingDevices.esp,UD_ArmorSet02_HarnessB_Inventory,Abadon Scout Harness,missing armor addon/model links
0x14FD5~UnforgivingDevices.esp,UnforgivingDevices.esp,UD_ArmorSet02_HarnessC_Rendered,,missing display name
0x14FD6~UnforgivingDevices.esp,UnforgivingDevices.esp,UD_ArmorSet02_HarnessC_Inventory,Abadon Scout Harness,missing armor addon/model links
0x14FD7~UnforgivingDevices.esp,UnforgivingDevices.esp,UD_ArmorSet02_HarnessD_Rendered,,missing display name
0x14FD8~UnforgivingDevices.esp,UnforgivingDevices.esp,UD_ArmorSet02_HarnessD_Inventory,Abadon Scout Harness,missing armor addon/model links
0x14FD9~UnforgivingDevices.esp,UnforgivingDevices.esp,UD_ArmorSet02_LegCuffs_Rendered,,missing display name
0x14FDA~UnforgivingDevices.esp,UnforgivingDevices.esp,UD_ArmorSet02_LegCuffs_Inventory,Abadon Scout Cuffs (Legs),missing armor addon/model links
0x14FDB~UnforgivingDevices.esp,UnforgivingDevices.esp,UD_ArmorSet02_ArmCuffs_Rendered,,missing display name
0x14FDC~UnforgivingDevices.esp,UnforgivingDevices.esp,UD_ArmorSet02_ArmCuffs_Inventory,Abadon Scout Cuffs (Arms),missing armor addon/model links
0x14FDD~UnforgivingDevices.esp,UnforgivingDevices.esp,UD_ArmorSet02_GlovesA_Rendered,,missing display name
0x14FDE~UnforgivingDevices.esp,UnforgivingDevices.esp,UD_ArmorSet02_GlovesA_Inventory,Abadon Scout Gloves,missing armor addon/model links
0x14FDF~UnforgivingDevices.esp,UnforgivingDevices.esp,UD_ArmorSet02_BootsA_Inventory,Abadon Scout Boots,missing armor addon/model links
0x14FE0~UnforgivingDevices.esp,UnforgivingDevices.esp,UD_ArmorSet02_BootsA_Rendered,,missing display name
0x14FE1~UnforgivingDevices.esp,UnforgivingDevices.esp,UD_ArmorSet02_BootsB_Rendered,,missing display name
0x14FE2~UnforgivingDevices.esp,UnforgivingDevices.esp,UD_ArmorSet02_BootsB_Inventory,Abadon Scout Boots,missing armor addon/model links
0x14FE3~UnforgivingDevices.esp,UnforgivingDevices.esp,UD_ArmorSet03_BootsB_Inventory,Abadon Witch Boots,missing armor addon/model links
0x14FE4~UnforgivingDevices.esp,UnforgivingDevices.esp,UD_ArmorSet03_BootsB_Rendered,,missing display name
0x14FE5~UnforgivingDevices.esp,UnforgivingDevices.esp,UD_ArmorSet03_BootsA_Inventory,Abadon Witch Boots,missing armor addon/model links
0x14FE6~UnforgivingDevices.esp,UnforgivingDevices.esp,UD_ArmorSet03_BootsA_Rendered,,missing display name
0x14FE7~UnforgivingDevices.esp,UnforgivingDevices.esp,UD_ArmorSet03_Collar_Inventory,Abadon Witch Collar,missing armor addon/model links
0x14FE8~UnforgivingDevices.esp,UnforgivingDevices.esp,UD_ArmorSet03_Collar_Rendered,,missing display name
0x14FE9~UnforgivingDevices.esp,UnforgivingDevices.esp,UD_ArmorSet03_GlovesA_Inventory,Abadon Witch Gloves,missing armor addon/model links
0x14FEA~UnforgivingDevices.esp,UnforgivingDevices.esp,UD_ArmorSet03_GlovesA_Rendered,,missing display name
0x14FEB~UnforgivingDevices.esp,UnforgivingDevices.esp,UD_ArmorSet03_GlovesB_Inventory,Abadon Witch Gloves,missing armor addon/model links
0x14FEC~UnforgivingDevices.esp,UnforgivingDevices.esp,UD_ArmorSet03_GlovesB_Rendered,,missing display name
0x14FED~UnforgivingDevices.esp,UnforgivingDevices.esp,UD_ArmorSet03_Catsuit_Inventory,Abadon Witch Catsuit,missing armor addon/model links
0x14FEE~UnforgivingDevices.esp,UnforgivingDevices.esp,UD_ArmorSet03_Catsuit_Rendered,,missing display name
0x15032~UnforgivingDevices.esp,UnforgivingDevices.esp,UD_ArmorSet01_CorsetC_Inventory,Abadon Warrior Corset,missing armor addon/model links
0x15033~UnforgivingDevices.esp,UnforgivingDevices.esp,UD_ArmorSet01_CorsetC_Rendered,,missing display name
0x1503C~UnforgivingDevices.esp,UnforgivingDevices.esp,UD_ArmorSet01_GlovesB_Inventory,Abadon Warrior Gloves,missing armor addon/model links
0x1503D~UnforgivingDevices.esp,UnforgivingDevices.esp,UD_ArmorSet01_GlovesB_Rendered,,missing display name
0x1503E~UnforgivingDevices.esp,UnforgivingDevices.esp,UD_ArmorSet02_GlovesB_Inventory,Abadon Scout Gloves,missing armor addon/model links
0x1503F~UnforgivingDevices.esp,UnforgivingDevices.esp,UD_ArmorSet02_GlovesB_Rendered,,missing display name
0x15040~UnforgivingDevices.esp,UnforgivingDevices.esp,UD_ArmorSet03_GlovesC_Inventory,Abadon Witch Gloves,missing armor addon/model links
0x15041~UnforgivingDevices.esp,UnforgivingDevices.esp,UD_ArmorSet03_GlovesC_Rendered,,missing display name
0x1504A~UnforgivingDevices.esp,UnforgivingDevices.esp,UD_ArmorSet03_InfPlugAnal_inventory,Weak Abadon Plug (Inflatable) (Anal),missing armor addon/model links
0x1504B~UnforgivingDevices.esp,UnforgivingDevices.esp,UD_ArmorSet03_InfPlugAnal_Rendered,,missing display name
0x1504C~UnforgivingDevices.esp,UnforgivingDevices.esp,UD_ArmorSet03_InfPlugVag_inventory,Weak Abadon Plug (Inflatable) (Vaginal),missing armor addon/model links
0x1504D~UnforgivingDevices.esp,UnforgivingDevices.esp,UD_ArmorSet03_InfPlugVag_Rendered,,missing display name
0x1504E~UnforgivingDevices.esp,UnforgivingDevices.esp,UD_ArmorSet01_PlugVag_Inventory,Abadon Plug (Vaginal),missing armor addon/model links
0x1504F~UnforgivingDevices.esp,UnforgivingDevices.esp,UD_ArmorSet01_PlugVag_Rendered,,missing display name
0x15050~UnforgivingDevices.esp,UnforgivingDevices.esp,UD_ArmorSet01_PlugAnal_Inventory,Abadon Plug (Anal),missing armor addon/model links
0x15051~UnforgivingDevices.esp,UnforgivingDevices.esp,UD_ArmorSet01_PlugAnal_Rendered,,missing display name
0x15052~UnforgivingDevices.esp,UnforgivingDevices.esp,UD_ArmorSet02_PlugPonyTail_Inventory,"Plug (Tail) (""Gefjun"")",missing armor addon/model links
0x15053~UnforgivingDevices.esp,UnforgivingDevices.esp,UD_ArmorSet02_PlugPonyTail_Rendered,,missing display name
0x150C6~UnforgivingDevices.esp,UnforgivingDevices.esp,UD_AbadonMittensLong_Inventory,Abadon Long Mittens,missing armor addon/model links
0x150C7~UnforgivingDevices.esp,UnforgivingDevices.esp,UD_AbadonMittensLong_ScriptInstance,,missing display name
0x150C8~UnforgivingDevices.esp,UnforgivingDevices.esp,UD_AbadonFiddle_Inventory,Abadon Fiddle,missing armor addon/model links
0x150C9~UnforgivingDevices.esp,UnforgivingDevices.esp,UD_AbadonFiddle_ScriptInstance,,missing display name
0x150CA~UnforgivingDevices.esp,UnforgivingDevices.esp,UD_AbadonButterfly_Inventory,Abadon Butterfly,missing armor addon/model links
0x150CB~UnforgivingDevices.esp,UnforgivingDevices.esp,UD_AbadonButterfly_ScriptInstance,,missing display name
0x150CC~UnforgivingDevices.esp,UnforgivingDevices.esp,UD_AbadonBeltStrap_Inventory,Abadon Strap Belt,missing armor addon/model links
0x150CD~UnforgivingDevices.esp,UnforgivingDevices.esp,UD_AbadonBeltStrap_ScriptInstance,,missing display name
0x150CE~UnforgivingDevices.esp,UnforgivingDevices.esp,UD_AbadonPonyBoots_Inventory,Abadon Pony Boots,missing armor addon/model links
0x150CF~UnforgivingDevices.esp,UnforgivingDevices.esp,UD_AbadonPonyBoots_ScriptInstance,,missing display name
0x150D0~UnforgivingDevices.esp,UnforgivingDevices.esp,UD_AbadonCorsetHarness_Inventory,Abadon Corset Harness,missing armor addon/model links
0x150D1~UnforgivingDevices.esp,UnforgivingDevices.esp,UD_AbadonCorsetHarness_ScriptInstance,,missing display name
0x150D2~UnforgivingDevices.esp,UnforgivingDevices.esp,UD_AbadonHood_Inventory,Abadon Hood (Open),missing armor addon/model links
0x150D3~UnforgivingDevices.esp,UnforgivingDevices.esp,UD_AbadonHood_ScriptInstance,,missing display name
0x150D4~UnforgivingDevices.esp,UnforgivingDevices.esp,UD_AbadonCursedButterfly_Inventory,Cursed Abadon Butterfly,missing armor addon/model links
0x150D5~UnforgivingDevices.esp,UnforgivingDevices.esp,UD_AbadonCursedButterfly_ScriptInstance,,missing display name
0x150EB~UnforgivingDevices.esp,UnforgivingDevices.esp,UD_ConcetratedBlackGooBallSel_ARMO,Concetrated Black Goo Ball (Selective),missing armor addon/model links
0x154E63~UnforgivingDevices.esp,UnforgivingDevices.esp,UD_AbadonElbowbinder_Inventory,Abadon Elbowbinder,missing armor addon/model links
0x154E65~UnforgivingDevices.esp,UnforgivingDevices.esp,UD_AbadonElbowbinder_scriptInstance,,missing display name
0x1553D4~UnforgivingDevices.esp,UnforgivingDevices.esp,UD_AbadonCursedGasmask_Inventory,Abadon Cursed Gas Mask,missing armor addon/model links
0x1553D5~UnforgivingDevices.esp,UnforgivingDevices.esp,UD_AbadonCursedGasMask_ScriptInstance,,missing display name
0x156EE8~UnforgivingDevices.esp,UnforgivingDevices.esp,UD_CursedAbadonArmbinder_Inventory,Cursed Armbinder,missing armor addon/model links
0x156EE9~UnforgivingDevices.esp,UnforgivingDevices.esp,UD_CursedAbadonArmbinder_ScriptInstance,,missing display name
0x156EEB~UnforgivingDevices.esp,UnforgivingDevices.esp,UD_InvisibleArmbinder,,missing display name
0x156EEC~UnforgivingDevices.esp,UnforgivingDevices.esp,UD_InvisibleHobbleDUPLICATE001,,missing display name
0x1579C5~UnforgivingDevices.esp,UnforgivingDevices.esp,UD_AbadonHarness_Inventory,Abadon Chastity Harness,missing armor addon/model links
0x1579C6~UnforgivingDevices.esp,UnforgivingDevices.esp,UD_AbadonHarness_ScriptInstance,,missing display name
0x15B537~UnforgivingDevices.esp,UnforgivingDevices.esp,UD_PunisherPiercing_ScriptInstance,,missing display name
0x15B538~UnforgivingDevices.esp,UnforgivingDevices.esp,UD_PunisherPiercing_Inventory,Punisher Piercing (Clitoral),missing armor addon/model links
0x15B53D~UnforgivingDevices.esp,UnforgivingDevices.esp,UD_PunisherArmbinder_Inventory,Punisher Armbinder,missing armor addon/model links
0x15B53E~UnforgivingDevices.esp,UnforgivingDevices.esp,UD_PunisherArmbinder_ScriptInstance,,missing display name
0x15B544~UnforgivingDevices.esp,UnforgivingDevices.esp,UD_ChargPlugVagGreat_Inventory,Chargable Plug (Great) (Vaginal),missing armor addon/model links
0x15B545~UnforgivingDevices.esp,UnforgivingDevices.esp,UD_ChargPlugVagGreat_ScriptInstance,,missing display name
0x15B547~UnforgivingDevices.esp,UnforgivingDevices.esp,UD_ChargPlugVagGrand_Inventory,Chargable Plug (Grand) (Vaginal),missing armor addon/model links
0x15B548~UnforgivingDevices.esp,UnforgivingDevices.esp,UD_ChargPlugVagGrand_ScriptInstance,,missing display name
0x15D05C~UnforgivingDevices.esp,UnforgivingDevices.esp,UD_ChargPlugAnalGrand_Inventory,Chargable Plug (Grand) (Anal),missing armor addon/model links
0x15D05D~UnforgivingDevices.esp,UnforgivingDevices.esp,UD_ChargPlugAnalGrand_ScriptInstance,,missing display name
0x15D060~UnforgivingDevices.esp,UnforgivingDevices.esp,UD_ChargPlugAnalGreat_Inventory,Chargable Plug (Great) (Anal),missing armor addon/model links
0x15D061~UnforgivingDevices.esp,UnforgivingDevices.esp,UD_ChargPlugAnalGreat_ScriptInstance,,missing display name
0x15D072~UnforgivingDevices.esp,UnforgivingDevices.esp,UD_AbadonInflatablePlugVag_inventory,Weak Abadon Plug (Inflatable) (Vaginal),missing armor addon/model links
0x15D073~UnforgivingDevices.esp,UnforgivingDevices.esp,UD_AbadonInflatablePlugVag_ScriptInstance,,missing display name
0x4193~UnforgivingDevices.esp,UnforgivingDevices.esp,UD_BlackGooBall_ARMO,Black Goo Ball,missing armor addon/model links
0x4194~UnforgivingDevices.esp,UnforgivingDevices.esp,UD_ConcetratedBlackGooBall_ARMO,Concetrated Black Goo Ball,missing armor addon/model links
0x4195~UnforgivingDevices.esp,UnforgivingDevices.esp,UD_PurifiedGooWater_ARMO,Purified Goo Water,missing armor addon/model links
0xD64~UniqueBarbas.esp,UniqueBarbas.esp,SkinDogBarbas,,non-playable record
0x90D63~unofficial skyrim special edition patch.esp,unofficial skyrim special edition patch.esp,USKPArmorBriarHeartBody,Briar Heart Body,non-playable record
0x10365A~Unslaad.esm,Unslaad.esm,zzzCrbSkinPinWheel01,,non-playable record
0x10365B~Unslaad.esm,Unslaad.esm,zzzCrbSkinPinWheel02,,non-playable record
0x10365F~Unslaad.esm,Unslaad.esm,zzzCrbSkinPinWheel03,,non-playable record
0x105EA5~Unslaad.esm,Unslaad.esm,zzzCrbSkinPusman,,non-playable record
0x135F4D~Unslaad.esm,Unslaad.esm,zzzCrbClothesHornsChild,Half-Dragon Horns,non-playable record
0x1600B~Unslaad.esm,Unslaad.esm,zzzCrbSkinFrostKnight,,non-playable record
0x1600C~Unslaad.esm,Unslaad.esm,zzzCrbSkinFrostLord,,non-playable record
0x1600D~Unslaad.esm,Unslaad.esm,zzzCrbSkinFrostLurker,,non-playable record
0x1600E~Unslaad.esm,Unslaad.esm,zzzCrbSkinFrostStorm,,non-playable record
0x161AB3~Unslaad.esm,Unslaad.esm,zzzCrbNPOwlWoundTorso,Owl's Robe,non-playable record
0x16BBCF~Unslaad.esm,Unslaad.esm,zzzCrbSkinAtronachFrostLast,,non-playable record
0x170C89~Unslaad.esm,Unslaad.esm,zzzCrbNPLizzKnapsack,Knapsack,non-playable record
0x1D341D~Unslaad.esm,Unslaad.esm,zzzCrbSkinDragonSpectral,,non-playable record
0x1DD5B3~Unslaad.esm,Unslaad.esm,zzzCrbSkinGrayOwl,,non-playable record
0x1DFE15~Unslaad.esm,Unslaad.esm,zzzCrbSkinBlackOwl,,non-playable record
0x1E7789~Unslaad.esm,Unslaad.esm,zzzCrbNPGrayOwlEgg,Gray Egg,non-playable record
0x1EF088~Unslaad.esm,Unslaad.esm,zzzCrbNpHandDoll,Doll,non-playable record
0x1F18D2~Unslaad.esm,Unslaad.esm,zzzCrbNpGrayOwl_Shadow,Shadow of the Gray Chick,non-playable record
0x2011C~Unslaad.esm,Unslaad.esm,zzzCrbSkincat,,non-playable record
0x205CCF~Unslaad.esm,Unslaad.esm,zzzCrbClothesGlovesNPC,Half-Dragon Gloves,non-playable record
0x205CD0~Unslaad.esm,Unslaad.esm,zzzCrbClothesBootsNPC,Half-Dragon Boots,non-playable record
0x2217CC~Unslaad.esm,Unslaad.esm,zzzCrbSkinNakedLizz,,missing display name
0x22F2~Unslaad.esm,Unslaad.esm,zzzCrbClothesDressNPC,Half-Dragon Dress,non-playable record
0x22F3~Unslaad.esm,Unslaad.esm,zzzCrbClothesHornsNPC,Half-Dragon Horns,non-playable record
0x22F8~Unslaad.esm,Unslaad.esm,zzzCrbClothesTailNpc,Half-Dragon Tail,non-playable record
0x25222~Unslaad.esm,Unslaad.esm,zzzCrbSkinDragonIce,,non-playable record
0x2E5F30~Unslaad.esm,Unslaad.esm,zzzCrbNpSilverBoots,Snow Guardian Boots,non-playable record
0x2E5F31~Unslaad.esm,Unslaad.esm,zzzCrbNpSilverCuirass,Snow Guardian Armor,non-playable record
0x2E5F32~Unslaad.esm,Unslaad.esm,zzzCrbNpSilverGauntlets,Snow Guardian Gauntlets,non-playable record
0x2E5F33~Unslaad.esm,Unslaad.esm,zzzCrbNpSilverHelmet,Snow Guardian Helmet,non-playable record
0x2E879C~Unslaad.esm,Unslaad.esm,zzzCrbNpBladesNinjaHeadband,Blades Spy Headband,non-playable record
0x2E879D~Unslaad.esm,Unslaad.esm,zzzCrbNpBladesNinjaGauntlets,Blades Spy Gauntlets,non-playable record
0x2E879E~Unslaad.esm,Unslaad.esm,zzzCrbNpBladesNinjaBoots,Blades Spy Boots,non-playable record
0x2E879F~Unslaad.esm,Unslaad.esm,zzzCrbNpBladesNinjaArmor,Blades Spy Armor,non-playable record
0x2E87A2~Unslaad.esm,Unslaad.esm,zzzCrbNpYorCirclet,Half-Dragon Ceremonial Circlet,non-playable record
0x2E87A3~Unslaad.esm,Unslaad.esm,zzzCrbNpYorDress,Half-Dragon Ceremonial Dress ,non-playable record
0x2F336~Unslaad.esm,Unslaad.esm,zzzCrbClothesHatNPC,Half-Dragon Hat,non-playable record
0x2FF1F0~Unslaad.esm,Unslaad.esm,zzzCrbSkinNakedHalfDragon,,missing display name
0x30E584~Unslaad.esm,Unslaad.esm,zzzCrbClothesBSApron,Blacksmith's Apron,non-playable record
0x30E585~Unslaad.esm,Unslaad.esm,zzzCrbClothesBSShoes,Blacksmith Shoes ,non-playable record
0x310E8F~Unslaad.esm,Unslaad.esm,zzzCrbSkinWhiteRabbit,,non-playable record
0x3136F5~Unslaad.esm,Unslaad.esm,zzzCrbSkinUnicorn,,non-playable record
0x315F61~Unslaad.esm,Unslaad.esm,zzzCrbSkinKanra,,non-playable record
0x31B018~Unslaad.esm,Unslaad.esm,zzzCrbSkinBoneSmith,,non-playable record
0x31B06A~Unslaad.esm,Unslaad.esm,zzzCrbSkinKedamaDark,,non-playable record
0x31D91E~Unslaad.esm,Unslaad.esm,zzzCrbSkinEnt,,non-playable record
0x3201FF~Unslaad.esm,Unslaad.esm,zzzCrbSkinMudcrab,,non-playable record
0x3253A6~Unslaad.esm,Unslaad.esm,zzzCrbSkinHuskyMofu,,non-playable record
0x32CDCE~Unslaad.esm,Unslaad.esm,zzzCrbSkinRatWhite01,,non-playable record
0x32CDCF~Unslaad.esm,Unslaad.esm,zzzCrbSkinRatWhite02,,non-playable record
0x3360~Unslaad.esm,Unslaad.esm,zzzCrbRingSnowNPC,Ring of Chillbite,non-playable record
0x350B99~Unslaad.esm,Unslaad.esm,zzzCrbSkinManakin,,non-playable record
0x35D513~Unslaad.esm,Unslaad.esm,zzzCrbSkinKanrax4,,non-playable record
0x35D514~Unslaad.esm,Unslaad.esm,zzzCrbSkinKanrax6,,non-playable record
0x36769D~Unslaad.esm,Unslaad.esm,zzzCrbSkinAtronachFrostParasited,,non-playable record
0x36769E~Unslaad.esm,Unslaad.esm,zzzCrbSkinFrostKnightParasited,,non-playable record
0x36769F~Unslaad.esm,Unslaad.esm,zzzCrbSkinFrostStormParasited,,non-playable record
0x36F061~Unslaad.esm,Unslaad.esm,zzzCrbSkinPotBoyNordic,,non-playable record
0x36F062~Unslaad.esm,Unslaad.esm,zzzCrbSkinPotBoyGold,,non-playable record
0x36F063~Unslaad.esm,Unslaad.esm,zzzCrbSkinPotBoySilver,,non-playable record
0x36F064~Unslaad.esm,Unslaad.esm,zzzCrbSkinPotBoySoulGem,,non-playable record
0x36F065~Unslaad.esm,Unslaad.esm,zzzCrbSkinPotBoySoulGemBlack,,non-playable record
0x36F066~Unslaad.esm,Unslaad.esm,zzzCrbSkinPotBoySoulDwe,,non-playable record
0x36F071~Unslaad.esm,Unslaad.esm,zzzCrbProphetShell,Prophet's Shell,non-playable record
0x3719BB~Unslaad.esm,Unslaad.esm,zzzCrbSkinMote,,non-playable record
0x3719BC~Unslaad.esm,Unslaad.esm,zzzCrbSkinMoteFire,,non-playable record
0x3719BD~Unslaad.esm,Unslaad.esm,zzzCrbSkinMoteWisp,,non-playable record
0x385E7A~Unslaad.esm,Unslaad.esm,zzzCrbNpPlagueKnightBoots,Hoarfrost Knight Boots,non-playable record
0x385E7B~Unslaad.esm,Unslaad.esm,zzzCrbNpPlagueKnightCuirass,Hoarfrost Knight Armor,non-playable record
0x385E7C~Unslaad.esm,Unslaad.esm,zzzCrbNpPlagueKnightGauntlets,Hoarfrost Knight Gauntlets,non-playable record
0x385E7D~Unslaad.esm,Unslaad.esm,zzzCrbNpPlagueKnightHelmet,Hoarfrost Knight Helmet,non-playable record
0x385E97~Unslaad.esm,Unslaad.esm,zzzCrbNpIronKnightBoots,Hoarfrost Guardian Boots,non-playable record
0x385E98~Unslaad.esm,Unslaad.esm,zzzCrbNpIronKnightCuirass,Hoarfrost Guardian Armor,non-playable record
0x385E99~Unslaad.esm,Unslaad.esm,zzzCrbNpIronKnightGauntlets,Hoarfrost Guardian Gauntlets,non-playable record
0x385E9A~Unslaad.esm,Unslaad.esm,zzzCrbNpIronKnightHelmet,Hoarfrost Guardian Helmet,non-playable record
0x385EA3~Unslaad.esm,Unslaad.esm,zzzCrbSkinFrostKnightV01,,non-playable record
0x385EA4~Unslaad.esm,Unslaad.esm,zzzCrbSkinFrostKnightV02R,,non-playable record
0x385EA5~Unslaad.esm,Unslaad.esm,zzzCrbSkinFrostKnightV02L,,non-playable record
0x385EAA~Unslaad.esm,Unslaad.esm,zzzCrbSkinAtronachFrostKnight01,,non-playable record
0x385EAB~Unslaad.esm,Unslaad.esm,zzzCrbSkinAtronachFrostKnight02,,non-playable record
0x385EB0~Unslaad.esm,Unslaad.esm,zzzCrbSkinFrostLordKnight01,,non-playable record
0x385EB1~Unslaad.esm,Unslaad.esm,zzzCrbSkinFrostLordKnight02,,non-playable record
0x39CC60~Unslaad.esm,Unslaad.esm,zzzCrbNpAdkBoots,Hoarfrost Royal Guard Boots,non-playable record
0x39CC61~Unslaad.esm,Unslaad.esm,zzzCrbNpAdkCuirass,Hoarfrost Royal Guard Armor,non-playable record
0x39CC62~Unslaad.esm,Unslaad.esm,zzzCrbNpadkGauntlets,Hoarfrost Royal Guard Gauntlets,non-playable record
0x39CC63~Unslaad.esm,Unslaad.esm,zzzCrbNpAdkHelmet,Hoarfrost Royal Guard Helmet,non-playable record
0x39F5B8~Unslaad.esm,Unslaad.esm,zzzCrbNpStkBoots,Outcast Boots,non-playable record
0x39F5B9~Unslaad.esm,Unslaad.esm,zzzCrbNpStkCuirass,Outcast Armor (Cloaked),non-playable record
0x39F5BA~Unslaad.esm,Unslaad.esm,zzzCrbNpStkGauntlets,Outcast Gauntlets,non-playable record
0x39F5BB~Unslaad.esm,Unslaad.esm,zzzCrbNpStkHelmet,Outcast Helmet (Hooded),non-playable record
0x3A1E87~Unslaad.esm,Unslaad.esm,zzzCrbNpDdkBoots,Cannibal Knight Boots,non-playable record
0x3A1E88~Unslaad.esm,Unslaad.esm,zzzCrbNpDdkCuirass,Cannibal Knight Armor,non-playable record
0x3A1E89~Unslaad.esm,Unslaad.esm,zzzCrbNpDdkGauntlets,Cannibal Knight Gauntlets,non-playable record
0x3A1E8A~Unslaad.esm,Unslaad.esm,zzzCrbNpDdkHelmet,Cannibal Knight Helmet,non-playable record
0x3A47A5~Unslaad.esm,Unslaad.esm,zzzCrbAyrennHead,Ayrenn's Head,non-playable record
0x3A47A6~Unslaad.esm,Unslaad.esm,zzzCrbNpArmorAdldBoots,Princess Ayrenn's Boots,non-playable record
0x3A47A7~Unslaad.esm,Unslaad.esm,zzzCrbNpArmorAdldCuirass,Princess Ayrenn's Armor,non-playable record
0x3A47A8~Unslaad.esm,Unslaad.esm,zzzCrbNpArmorAdldGauntlets,Princess Ayrenn's Gauntlets,non-playable record
0x3BE438~Unslaad.esm,Unslaad.esm,zzzCrbSkinAtmoraWolf,,non-playable record
0x3BE450~Unslaad.esm,Unslaad.esm,zzzCrbSkinAtmoraWolfBoss,,non-playable record
0x3BE45E~Unslaad.esm,Unslaad.esm,zzzCrbNpArmorVkgBoots,Atmoran Warrior Boots,non-playable record
0x3BE45F~Unslaad.esm,Unslaad.esm,zzzCrbNpArmorVkgCloak,Atmoran Warrior Cloak,non-playable record
0x3BE460~Unslaad.esm,Unslaad.esm,zzzCrbNpArmorVkgCuirass,Atmoran Warrior Armor,non-playable record
0x3BE461~Unslaad.esm,Unslaad.esm,zzzCrbNpArmorVkgGauntlets,Atmoran Warrior Gauntlets,non-playable record
0x3BE462~Unslaad.esm,Unslaad.esm,zzzCrbNpArmorVkgHelmet,Atmoran Warrior Helmet,non-playable record
0x3C0CD2~Unslaad.esm,Unslaad.esm,zzzCrbSkinBearAtmora,,non-playable record
0x3C0CD3~Unslaad.esm,Unslaad.esm,zzzCrbSkinBearAtmoraArmored,,non-playable record
0x3CB441~Unslaad.esm,Unslaad.esm,zzzCrbSkinDragonPriestHuman,,non-playable record
0x3CB4C4~Unslaad.esm,Unslaad.esm,zzzCrbArmorHeadless,No-Head,non-playable record
0x3CB4C8~Unslaad.esm,Unslaad.esm,zzzCrbArmorHeadlessWood,No-Head,non-playable record
0x3CDD2E~Unslaad.esm,Unslaad.esm,zzzCrbSkinBirdman,,non-playable record
0x3CDD31~Unslaad.esm,Unslaad.esm,zzzCrbArmorBirdmanCloth,Birdman Clothes,non-playable record
0x3CDD32~Unslaad.esm,Unslaad.esm,zzzCrbArmorBirdmanHat,Birdman Hat,non-playable record
0x3CDD3E~Unslaad.esm,Unslaad.esm,zzzCrbSkinDreugh,,non-playable record
0x3CDD3F~Unslaad.esm,Unslaad.esm,zzzCrbSkinDreughElder,,non-playable record
0x3CDD40~Unslaad.esm,Unslaad.esm,zzzCrbSkinDreughMolag,,non-playable record
0x3CDD41~Unslaad.esm,Unslaad.esm,zzzCrbCrArmorDreughElder,,non-playable record
0x3CDD42~Unslaad.esm,Unslaad.esm,zzzCrbCrArmorDreughMoag,,non-playable record
0x3CDD55~Unslaad.esm,Unslaad.esm,zzzCrbSkinDreughDruid,,non-playable record
0x3CDD61~Unslaad.esm,Unslaad.esm,zzzCrbSkinNakedWerecrab,,non-playable record
0x3D05B3~Unslaad.esm,Unslaad.esm,zzzCrbSkinGargoyleDrago,,non-playable record
0x3D05B4~Unslaad.esm,Unslaad.esm,zzzCrbSkinGargoyleDragoRed,,non-playable record
0x3D05B5~Unslaad.esm,Unslaad.esm,zzzCrbSkinGargoyleDragoBlack,,non-playable record
0x3D05B6~Unslaad.esm,Unslaad.esm,zzzCrbArmorDragoCuirass,,non-playable record
0x3D05B7~Unslaad.esm,Unslaad.esm,zzzCrbArmorDragoHelmet,,non-playable record
0x3D2E5A~Unslaad.esm,Unslaad.esm,zzzCrbSkinEntMad,,non-playable record
0x3D8502~Unslaad.esm,Unslaad.esm,zzzCrbSkinDreughVehk,,non-playable record
0x3EADD4~Unslaad.esm,Unslaad.esm,zzzCrbSkinHHDragon,,non-playable record
0x3F2762~Unslaad.esm,Unslaad.esm,zzzCrbNpArmorVlkryBootsJillian,Thunder-Scale Boots,non-playable record
0x3F2763~Unslaad.esm,Unslaad.esm,zzzCrbNpArmorVlkryCircletJillian,Thunder-Scale Circlet,non-playable record
0x3F2764~Unslaad.esm,Unslaad.esm,zzzCrbNpArmorVlkryCuirassJillian,Thunder-Scale Armor,non-playable record
0x3F2765~Unslaad.esm,Unslaad.esm,zzzCrbNpArmorVlkryGauntletsJillian,Thunder-Scale Gauntlets,non-playable record
0x3F2775~Unslaad.esm,Unslaad.esm,zzzCrbSkinWatcher,,non-playable record
0x3F278F~Unslaad.esm,Unslaad.esm,zzzCrbSkinYsgramor,,non-playable record
0x3F2790~Unslaad.esm,Unslaad.esm,zzzCrbCrArmorYsgramorHelm,Ysgramor's Crown,non-playable record
0x3F2791~Unslaad.esm,Unslaad.esm,zzzCrbCrArmorYsgramorCloak,Ysgramor's Cloak,non-playable record
0x3F2797~Unslaad.esm,Unslaad.esm,zzzCrbSkinHMRat,,non-playable record
0x3F279C~Unslaad.esm,Unslaad.esm,zzzCrbSkinHMCat,,non-playable record
0x3F279F~Unslaad.esm,Unslaad.esm,zzzCrbSkinHMSpider,,non-playable record
0x3F27A2~Unslaad.esm,Unslaad.esm,zzzCrbSkinHMWisp,,non-playable record
0x3F5011~Unslaad.esm,Unslaad.esm,zzzCrbSkinHoholaugh,,non-playable record
0x3F5015~Unslaad.esm,Unslaad.esm,zzzCrbSkinBearStorm,,non-playable record
0x40747D~Unslaad.esm,Unslaad.esm,zzzCrbNpArmorMagnarBoots,Magnar's Warrior Boots,non-playable record
0x40747E~Unslaad.esm,Unslaad.esm,zzzCrbNpArmorMagnarCuirass,Magnar's Warrior Armor,non-playable record
0x40747F~Unslaad.esm,Unslaad.esm,zzzCrbNpArmorMagnarGauntlets,Magnar's Warrior Gauntlets,non-playable record
0x407480~Unslaad.esm,Unslaad.esm,zzzCrbNpArmorMagnarHelmet,Magnar's Warrior Helmet,non-playable record
0x409CEC~Unslaad.esm,Unslaad.esm,zzzCrbSkinGiantJhunal,,non-playable record
0x409D04~Unslaad.esm,Unslaad.esm,zzzCrbSkinSnowLeopard,,non-playable record
0x409D0A~Unslaad.esm,Unslaad.esm,zzzCrbSkinSnake,,non-playable record
0x414016~Unslaad.esm,Unslaad.esm,zzzCrbSkinYsgramor2,,non-playable record
0x41401A~Unslaad.esm,Unslaad.esm,zzzCrbSkinDragonYsgramor,,non-playable record
0x416924~Unslaad.esm,Unslaad.esm,zzzCrbSkinGargoyleDragoGold,,non-playable record
0x425D25~Unslaad.esm,Unslaad.esm,zzzCrbSkinGlowEel,,non-playable record
0x425D27~Unslaad.esm,Unslaad.esm,zzzCrbSkinGlowEel2,,non-playable record
0x425D46~Unslaad.esm,Unslaad.esm,zzzCrbSkinWatcher2,,non-playable record
0x43E3BB~Unslaad.esm,Unslaad.esm,zzzCrbSkinHushed,,non-playable record
0x43E3BC~Unslaad.esm,Unslaad.esm,zzzCrbSkinHushedMage,,non-playable record
0x43E3BD~Unslaad.esm,Unslaad.esm,zzzCrbSkinHushedMageHood,,non-playable record
0x43E3EB~Unslaad.esm,Unslaad.esm,zzzCrbSkinHushedFalmer,,non-playable record
0x43E3FA~Unslaad.esm,Unslaad.esm,zzzCrbSkinHushedGiant,,non-playable record
0x456533~Unslaad.esm,Unslaad.esm,zzzCrbArmorHoholaughSpearImpaled,Spear of the Fox,non-playable record
0x460D8B~Unslaad.esm,Unslaad.esm,zzzCrbSkinDragonPelinaalilargus,,non-playable record
0x460D8C~Unslaad.esm,Unslaad.esm,zzzCrbSkinDragonRacketyNix,,non-playable record
0x486E4D~Unslaad.esm,Unslaad.esm,zzzCrbSkinHoholaughImapled,,non-playable record
0x486E4E~Unslaad.esm,Unslaad.esm,zzzCrbArmorHoholaughNoSpear,Spear of the Fox,non-playable record
0x48E801~Unslaad.esm,Unslaad.esm,zzzCrbSkinWhiteRabbitHM,,non-playable record
0x4905~Unslaad.esm,Unslaad.esm,zzzCrbSkinKedama,,non-playable record
0x49DB8E~Unslaad.esm,Unslaad.esm,zzzCrbSkinWhale,,non-playable record
0x49DBBD~Unslaad.esm,Unslaad.esm,zzzCrbSkinMushroomIce,,non-playable record
0x6F0A2~Unslaad.esm,Unslaad.esm,zzzCrbNpArmorBladesMask,Blades Iron Mask,non-playable record
0x6F0A3~Unslaad.esm,Unslaad.esm,zzzCrbNpArmorBladesGauntlets,Blades Gauntlets,non-playable record
0x6F0A4~Unslaad.esm,Unslaad.esm,zzzCrbNpArmorBladesCuirass,Blades Armor,non-playable record
0x6F0A5~Unslaad.esm,Unslaad.esm,zzzCrbNpArmorBladesBoots,Blades Boots,non-playable record
0x866E1~Unslaad.esm,Unslaad.esm,zzzCrbSkinSabrecatWhite,,non-playable record
0x88F1C~Unslaad.esm,Unslaad.esm,zzzCrbSkinDraugrBlade,,non-playable record
0x88F1F~Unslaad.esm,Unslaad.esm,zzzCrbArmorBladesShield_Draugr,Blades Shield,non-playable record
0x8E007~Unslaad.esm,Unslaad.esm,zzzCrbSkinFrostLordBoss,,non-playable record
0x8E05B~Unslaad.esm,Unslaad.esm,zzzCrbSkinHorseFrost,,non-playable record
0x9052~Unslaad.esm,Unslaad.esm,zzzCrbClothesLadyDressNPC,Austella's Dress,non-playable record
0x90987~Unslaad.esm,Unslaad.esm,zzzCrbSkinFrostLurkerBoss,,non-playable record
0x95AA8~Unslaad.esm,Unslaad.esm,zzzCrbSkinPusWorm,,non-playable record
0x982E3~Unslaad.esm,Unslaad.esm,zzzCrbSkinThreeMask01,,non-playable record
0x982E4~Unslaad.esm,Unslaad.esm,zzzCrbSkinThreeMask02,,non-playable record
0x982E5~Unslaad.esm,Unslaad.esm,zzzCrbSkinThreeMask03,,non-playable record
0x982E6~Unslaad.esm,Unslaad.esm,zzzCrbSkinThreeMask04,,non-playable record
0xCE5F2~Unslaad.esm,Unslaad.esm,zzzCrbClothesDressChild,Half-Dragon Dress,non-playable record
0xCE5F3~Unslaad.esm,Unslaad.esm,zzzCrbClothesCapeLChild,Half-Dragon Cape,non-playable record
0xF4406~Unslaad.esm,Unslaad.esm,zzzCrbSkinPusBerserk,,non-playable record
0xF4412~Unslaad.esm,Unslaad.esm,zzzCrbSkinPusDragon,,non-playable record
0xFBD2D~Unslaad.esm,Unslaad.esm,zzzCrbSkinPusBeast,,non-playable record
0xFBD40~Unslaad.esm,Unslaad.esm,zzzCrbSkinPusSeed,,non-playable record
0xFE58B~Unslaad.esm,Unslaad.esm,zzzCrbSkinPusGiant,,non-playable record
0xFE59E~Unslaad.esm,Unslaad.esm,zzzCrbSkinPusSpider,,non-playable record
0x100213~Vigilant.esm,Vigilant.esm,zzzCHArmorIronSpiderFlameMouth,,non-playable record
0x100EA0~Vigilant.esm,Vigilant.esm,zzzCHClothAlessiaNeckCap,,non-playable record
0x10154A~Vigilant.esm,Vigilant.esm,zzzCHSkinKeeper,,non-playable record
0x10154B~Vigilant.esm,Vigilant.esm,zzzCHSkinKeeperVictim,,non-playable record
0x108327~Vigilant.esm,Vigilant.esm,zzzCHSkinFlameLord,,missing display name
0x108513~Vigilant.esm,Vigilant.esm,zzzCHSkinMentanaLOD,,non-playable record
0x108EB1~Vigilant.esm,Vigilant.esm,zzzCHSkinPepe,,non-playable record
0x10E08B~Vigilant.esm,Vigilant.esm,zzzCHArmorEbonyGauntletsSkeleton,Ebony Gauntlets,non-playable record
0x117C05~Vigilant.esm,Vigilant.esm,zzzCHArmorSelectiveJMask,Selective Mask,non-playable record
0x117C07~Vigilant.esm,Vigilant.esm,zzzCHArmorSelectiveBoots,Selective Boots,non-playable record
0x117C08~Vigilant.esm,Vigilant.esm,zzzCHArmorSelectiveGloves,Selective Gloves,non-playable record
0x117C09~Vigilant.esm,Vigilant.esm,zzzCHArmorSelectiveRobes,Selective Robes,non-playable record
0x129BE6~Vigilant.esm,Vigilant.esm,zzzCHSkinBoneFarmFemale,,non-playable record
0x12F20D~Vigilant.esm,Vigilant.esm,zzzCHArmorZenitharKnightHelmet_90,Knight of Zenithar Helmet,non-playable record
0x12F20E~Vigilant.esm,Vigilant.esm,zzzCHArmorZenitharKnightHelmet_180,Knight of Zenithar Helmet,non-playable record
0x12F20F~Vigilant.esm,Vigilant.esm,zzzCHArmorZenitharKnightHelmet_270,Knight of Zenithar Helmet,non-playable record
0x12F210~Vigilant.esm,Vigilant.esm,zzzCHArmorZenitharKnightHelmet_None,Knight of Zenithar Helmet,non-playable record
0x12FE12~Vigilant.esm,Vigilant.esm,zzzCHArmorOrderLazaUnplayable,Laza's Armor,non-playable record
0x132BBE~Vigilant.esm,Vigilant.esm,zzzCHAlessianWig,Alessia's Wig,non-playable record
0x134871~Vigilant.esm,Vigilant.esm,zzzCHArmorPelinalSet,Pelin-El the Bloody,non-playable record
0x1389B8~Vigilant.esm,Vigilant.esm,zzzCHEnolaWig,Enola's Wig,non-playable record
0x1389BB~Vigilant.esm,Vigilant.esm,zzzCHClothesChildDress01,Enola's Clothes,non-playable record
0x138F91~Vigilant.esm,Vigilant.esm,zzzCHSkinHusky,,non-playable record
0x13C62A~Vigilant.esm,Vigilant.esm,zzzCOSkinStalker,,non-playable record
0x14408E~Vigilant.esm,Vigilant.esm,zzzCHSkinCaveWorm01Ice,,non-playable record
0x14408F~Vigilant.esm,Vigilant.esm,zzzCHArmorCaveWormSpitSkin,,non-playable record
0x144090~Vigilant.esm,Vigilant.esm,zzzCHArmorCaveWormSpitSkinIce,,non-playable record
0x14509C~Vigilant.esm,Vigilant.esm,zzzCHSkinAlessianGiantBigHead,,non-playable record
0x14509D~Vigilant.esm,Vigilant.esm,zzzCHSkinAlessianGiantLongHead,,non-playable record
0x148175~Vigilant.esm,Vigilant.esm,zzzCHSkinDoralld,,non-playable record
0x166859~Vigilant.esm,Vigilant.esm,zzzAoMSkinReyda,,non-playable record
0x17914C~Vigilant.esm,Vigilant.esm,zzzAoMSkinGrummite01,,non-playable record
0x17914D~Vigilant.esm,Vigilant.esm,zzzAoMSkinGrummite02,,non-playable record
0x17914E~Vigilant.esm,Vigilant.esm,zzzAoMSkinGrummite03,,non-playable record
0x17914F~Vigilant.esm,Vigilant.esm,zzzAoMSkinBaliwog,,non-playable record
0x1B7EFF~Vigilant.esm,Vigilant.esm,zzzCHArmorDogWhiteWolf,White Wolf Pelt (For Dog),non-playable record
0x1C5875~Vigilant.esm,Vigilant.esm,zzzCHSkinBoneHumanDemon,,non-playable record
0x1DB8F8~Vigilant.esm,Vigilant.esm,zzzCHClothesGorieusRobe,Emperor's Robes,non-playable record
0x1DB8FD~Vigilant.esm,Vigilant.esm,zzzCHClothesGorieusFineBoots,Emperor's Boots,non-playable record
0x1E3F61~Vigilant.esm,Vigilant.esm,zzzCHSkinBlackHand,,non-playable record
0x20974C~Vigilant.esm,Vigilant.esm,zzzCHArmorGorieusCuirass_blood_npc,Gorieus' Dragonblood Knight Armor,non-playable record
0x20974D~Vigilant.esm,Vigilant.esm,zzzCHArmorGorieusCuirass_ebony_npc,Gorieus' Dragonrider Knight Armor,non-playable record
0x20974E~Vigilant.esm,Vigilant.esm,zzzCHArmorGorieusGauntlets_blood_npc,Gorieus' Dragonblood Knight Gauntlets,non-playable record
0x20974F~Vigilant.esm,Vigilant.esm,zzzCHArmorGorieusGauntlets_ebony_npc,Gorieus' Dragonrider Knight Gauntlets,non-playable record
0x209750~Vigilant.esm,Vigilant.esm,zzzCHArmorGorieusHelmet_blood_npc,Gorieus' Dragonblood Knight Helmet,non-playable record
0x209751~Vigilant.esm,Vigilant.esm,zzzCHArmorGorieusHelmet_ebony_npc,Gorieus' Dragonrider Knight Helmet,non-playable record
0x209752~Vigilant.esm,Vigilant.esm,zzzCHArmorGorieustBoots_blood_npc,Gorieus' Dragonblood Knight Boots,non-playable record
0x209753~Vigilant.esm,Vigilant.esm,zzzCHArmorGorieustBoots_Ebony_npc,Gorieus' Dragonrider Knight Boots,non-playable record
0x209754~Vigilant.esm,Vigilant.esm,zzzCHArmorPaladinBootsRust_npc,Paladin Boots (Rusty),non-playable record
0x209755~Vigilant.esm,Vigilant.esm,zzzCHArmorPaladinCuirassRust_npc,Paladin Armor (Rusty),non-playable record
0x209756~Vigilant.esm,Vigilant.esm,zzzCHArmorPaladinGloveRust_npc,Paladin Gauntlets (Rusty),non-playable record
0x209757~Vigilant.esm,Vigilant.esm,zzzCHArmorPaladinHelmetRust_npc,Paladin Helmet (Rusty),non-playable record
0x21AF9A~Vigilant.esm,Vigilant.esm,zzzCHSkinKahkaankrein,,non-playable record
0x21AF9B~Vigilant.esm,Vigilant.esm,zzzCHArmorDragonCollar,,non-playable record
0x226511~Vigilant.esm,Vigilant.esm,zzzCHSkinPopeWreck,,non-playable record
0x2313AE~Vigilant.esm,Vigilant.esm,zzzCHSkinTowerGiant,,non-playable record
0x233A76~Vigilant.esm,Vigilant.esm,zzzCHSkinTowerGiantRitho,,non-playable record
0x234DDF~Vigilant.esm,Vigilant.esm,zzzCHArmorTowerBoots_blood_npc,Belharza's Dragonblood Knight Boots,non-playable record
0x234DE0~Vigilant.esm,Vigilant.esm,zzzCHArmorTowerBoots_ebony_npc,Belharza's Dragonrider Knight Boots,non-playable record
0x234DE1~Vigilant.esm,Vigilant.esm,zzzCHArmorTowerCuirass_blood_npc,Belharza's Dragonblood Knight Armor,non-playable record
0x234DE2~Vigilant.esm,Vigilant.esm,zzzCHArmorTowerCuirass_ebony_npc,Belharza's Dragonrider Knight Armor,non-playable record
0x234DE3~Vigilant.esm,Vigilant.esm,zzzCHArmorTowerGauntlets_blood_npc,Belharza's Dragonblood Knight Gauntlets,non-playable record
0x234DE4~Vigilant.esm,Vigilant.esm,zzzCHArmorTowerGauntlets_ebony_npc,Belharza's Dragonrider Knight Gauntlets,non-playable record
0x234DE5~Vigilant.esm,Vigilant.esm,zzzCHArmorTowerHelmet_blood_npc,Belharza's Dragonblood Knight Helmet,non-playable record
0x234DE6~Vigilant.esm,Vigilant.esm,zzzCHArmorTowerHelmet_ebony_npc,Belharza's Dragonrider Knight Helmet,non-playable record
0x237462~Vigilant.esm,Vigilant.esm,zzzCHGiantTowerShield_mithril,Belharza's Dragonmaster Knight Shield,non-playable record
0x237463~Vigilant.esm,Vigilant.esm,zzzCHGiantTowerShield_Blood,Belharza's Dragonblood Knight Shield,non-playable record
0x237464~Vigilant.esm,Vigilant.esm,zzzCHGiantTowerShield_ebony,Belharza's Dragonrider Knight Shield,non-playable record
0x247230~Vigilant.esm,Vigilant.esm,zzzCHSkinBoneHorseHorn,,non-playable record
0x25B239~Vigilant.esm,Vigilant.esm,zzzCHSkinFleshOwl,,non-playable record
0x26AD2C~Vigilant.esm,Vigilant.esm,zzzCHArmorUmarilFeather01,Umaril's Feathers,non-playable record
0x270D61~Vigilant.esm,Vigilant.esm,zzzCHArmorMinionBoots_npc,Auroran Boots,non-playable record
0x270D62~Vigilant.esm,Vigilant.esm,zzzCHArmorMinionCuirass_npc,Auroran Cuirass,non-playable record
0x270D63~Vigilant.esm,Vigilant.esm,zzzCHArmorMinionGauntlets_npc,Auroran Gauntlets,non-playable record
0x270D64~Vigilant.esm,Vigilant.esm,zzzCHArmorMinionHelmet_npc,Auroran Helmet,non-playable record
0x270D65~Vigilant.esm,Vigilant.esm,zzzCHArmorUmarilBoots_npc,Umaril's Boots,non-playable record
0x270D66~Vigilant.esm,Vigilant.esm,zzzCHArmorUmarilCuirass_npc,Umaril's Cuirass,non-playable record
0x270D67~Vigilant.esm,Vigilant.esm,zzzCHArmorUmarilGauntlets_npc,Umaril's Gauntlets,non-playable record
0x270D6C~Vigilant.esm,Vigilant.esm,zzzCHSkinAuroran,,non-playable record
0x270D82~Vigilant.esm,Vigilant.esm,zzzCHArmorElvenShield_Auroran,Auroran Shield,non-playable record
0x29F2F3~Vigilant.esm,Vigilant.esm,zzzCHClothesSlaveRags_Preg,Slave Rags,non-playable record
0x2A0678~Vigilant.esm,Vigilant.esm,zzzCHSlaveCollar,Slave Collar,non-playable record
0x2ADA32~Vigilant.esm,Vigilant.esm,zzzCHArmorUmarilCuirass_Valkyrie_npc,Auroran Valkyrie Cuirass,non-playable record
0x2ADA33~Vigilant.esm,Vigilant.esm,zzzCHArmorUmarilHelmet_Frog_Npc,Auroran Guardian Helmet,non-playable record
0x2ADA34~Vigilant.esm,Vigilant.esm,zzzCHArmorUmarilHelmet_Valkyrie_npc,Auroran Valkyrie Helmet,non-playable record
0x2BFDAC~Vigilant.esm,Vigilant.esm,zzzCHKingAmulet,Amulet of Kings,non-playable record
0x2C4A7F~Vigilant.esm,Vigilant.esm,zzzBMLamaeDaggerAmulet,Bard's Dagger,non-playable record
0x2CC1F8~Vigilant.esm,Vigilant.esm,zzzCHArmorMolagBalFull,,non-playable record
0x2D35BF~Vigilant.esm,Vigilant.esm,zzzCHSkinAlfique01,,non-playable record
0x2D35C0~Vigilant.esm,Vigilant.esm,zzzCHSkinAlfique02,,non-playable record
0x2D82C4~Vigilant.esm,Vigilant.esm,zzzCHMolagBabyAmulet,Stone-Fire,non-playable record
0x2DE6EC~Vigilant.esm,Vigilant.esm,zzzCHSkinDraugrTsun,,non-playable record
0x2F337F~Vigilant.esm,Vigilant.esm,zzzCOSkinClawler,,non-playable record
0x31C3B7~Vigilant.esm,Vigilant.esm,zzzAoMCursedArmAltano,Cursed Arm,non-playable record
0x326207~Vigilant.esm,Vigilant.esm,zzzCHNpRingSithis,,non-playable record
0x3420E8~Vigilant.esm,Vigilant.esm,zzzCHSkinGhoulPriest02Hollow,,non-playable record
0x3420E9~Vigilant.esm,Vigilant.esm,zzzCHSkinGhoulPriest02,,non-playable record
0x34477D~Vigilant.esm,Vigilant.esm,zzzCHSkinSleeper02,,non-playable record
0x345AC7~Vigilant.esm,Vigilant.esm,zzzCHClothesAlessianRobeHood02,Alessian Robes,non-playable record
0x345AC8~Vigilant.esm,Vigilant.esm,zzzCHClothesAlessianRobeHood03,Alessian Robes,non-playable record
0x36100~Vigilant.esm,Vigilant.esm,zzzBMSkinLichVampire,,non-playable record
0x36181D~Vigilant.esm,Vigilant.esm,zzzAomSkinOwlWhite,,non-playable record
0x36181E~Vigilant.esm,Vigilant.esm,zzzAomSkinOwlBlack,,non-playable record
0x3D788~Vigilant.esm,Vigilant.esm,zzzCHArmorDaedricMageCuirass,,non-playable record
0x3E4AA~Vigilant.esm,Vigilant.esm,zzzCOSkinVictim,,non-playable record
0x3EA9B~Vigilant.esm,Vigilant.esm,zzzCOSkinRedHag,,non-playable record
0x3F4EC~Vigilant.esm,Vigilant.esm,zzzCOSKINVictimFAT,,non-playable record
0x3FA58~Vigilant.esm,Vigilant.esm,zzzCOSkinCursedGiant,,non-playable record
0x4052F~Vigilant.esm,Vigilant.esm,zzzCOSkinFleshSpirit,,non-playable record
0x40A9A~Vigilant.esm,Vigilant.esm,zzzCOSkinCursedOrphan,,non-playable record
0x41576~Vigilant.esm,Vigilant.esm,zzzCOSkinFleshGuardian,,non-playable record
0x41AE2~Vigilant.esm,Vigilant.esm,zzzCOSkinBuroDancer01,,non-playable record
0x4204E~Vigilant.esm,Vigilant.esm,zzzCOSkinVabriaBuro,,non-playable record
0x430BD~Vigilant.esm,Vigilant.esm,zzzCOSkinRedWitch,,non-playable record
0x4369EB~Vigilant.esm,Vigilant.esm,zzzCHNpApprenticeRobe_Green,Apprentice Robe (Green),non-playable record
0x4369ED~Vigilant.esm,Vigilant.esm,zzzCHNpApprenticeRobe_Red,Apprentice Robe (Red),non-playable record
0x4369EE~Vigilant.esm,Vigilant.esm,zzzCHNpApprenticeRobe,Apprentice Robe,non-playable record
0x4369F0~Vigilant.esm,Vigilant.esm,zzzAomSkinBluebeard,,missing display name
0x43726~Vigilant.esm,Vigilant.esm,zzzCHSkinDaedraGiant,,non-playable record
0x44682~Vigilant.esm,Vigilant.esm,zzzCHArmorMolagBootsRustyNPC,Rusty Boots,non-playable record
0x44683~Vigilant.esm,Vigilant.esm,zzzCHArmorMolagBootsNPC,Molag Bal Boots,non-playable record
0x44684~Vigilant.esm,Vigilant.esm,zzzCHArmorMolagCuirassNPC,Molag Bal Armor,non-playable record
0x44685~Vigilant.esm,Vigilant.esm,zzzCHArmorMolagCuirassRustyNPC,Rusty Armor,non-playable record
0x446855~Vigilant.esm,Vigilant.esm,zzzCOSkinWitchWisp,,non-playable record
0x44686~Vigilant.esm,Vigilant.esm,zzzCHArmorMolagGauntletsNPC,Molag Bal Gauntlets,non-playable record
0x44687~Vigilant.esm,Vigilant.esm,zzzCHArmorMolagGauntletsRustyNPC,Rusty Gauntlets,non-playable record
0x44688~Vigilant.esm,Vigilant.esm,zzzCHArmorMolagHelmetNPC,Molag Bal Helmet,non-playable record
0x44689~Vigilant.esm,Vigilant.esm,zzzCHArmorMolagHelmetRustyNPC,Rusty Helmet,non-playable record
0x44B682~Vigilant.esm,Vigilant.esm,zzzCOSkinCursedGiantDark,,non-playable record
0x44CA09~Vigilant.esm,Vigilant.esm,zzzCOSkinFleshStorm,,non-playable record
0x456DF~Vigilant.esm,Vigilant.esm,zzzCOSkinBuroDancer02,,non-playable record
0x461D7~Vigilant.esm,Vigilant.esm,zzzCOSkinChildOblivion,,non-playable record
0x46CB6~Vigilant.esm,Vigilant.esm,zzzBMSkinSkeletonVigilant,,non-playable record
0x47220~Vigilant.esm,Vigilant.esm,zzzBMSkinCorpseLamae,,non-playable record
0x4778D~Vigilant.esm,Vigilant.esm,zzzAoMSkinEmpusa,,non-playable record
0x4A248~Vigilant.esm,Vigilant.esm,zzzBMSkinFeralVampire,,non-playable record
0x4A249~Vigilant.esm,Vigilant.esm,zzzBMSkinTrollVampire,,non-playable record
0x4C6183~Vigilant.esm,Vigilant.esm,zzzCHSkinMolagInner,,missing display name
0x4EB5EC~Vigilant.esm,Vigilant.esm,zzzAoMNpcCapiroteHood,Mask of the Penitent,non-playable record
0x4EC7F7~Vigilant.esm,Vigilant.esm,zzzCHSkinMaggotman,,non-playable record
0x4FE925~Vigilant.esm,Vigilant.esm,zzzAomSkinOwlGray,,non-playable record
0x4FFB8A~Vigilant.esm,Vigilant.esm,zzzCHSkinScampDark,,non-playable record
0x4FFB8B~Vigilant.esm,Vigilant.esm,zzzCHSkinScampDarkA,,non-playable record
0x4FFB8C~Vigilant.esm,Vigilant.esm,zzzCHSkinScampDarkB,,non-playable record
0x4FFB8D~Vigilant.esm,Vigilant.esm,zzzCHSkinScampDarkC,,non-playable record
0x4FFB8E~Vigilant.esm,Vigilant.esm,zzzCHSkinScampDarkD,,non-playable record
0x4FFB8F~Vigilant.esm,Vigilant.esm,zzzCHSkinScampDarkE,,non-playable record
0x4FFB90~Vigilant.esm,Vigilant.esm,zzzCHSkinScampDarkF,,non-playable record
0x4FFBA1~Vigilant.esm,Vigilant.esm,zzzCHSkinSleeper03,,non-playable record
0x4FFBA5~Vigilant.esm,Vigilant.esm,zzzCHSkinUPSleeper01,,non-playable record
0x4FFBA6~Vigilant.esm,Vigilant.esm,zzzCHSkinUPSleeper02,,non-playable record
0x4FFBA7~Vigilant.esm,Vigilant.esm,zzzCHSkinUPSleeper03,,non-playable record
0x4FFBC0~Vigilant.esm,Vigilant.esm,zzzCHSkinDaedrothDark,,missing display name
0x4FFBC1~Vigilant.esm,Vigilant.esm,zzzCHSkinDaedrothDarkA,,missing display name
0x4FFBC2~Vigilant.esm,Vigilant.esm,zzzCHSkinDaedrothDarkB,,missing display name
0x4FFBC3~Vigilant.esm,Vigilant.esm,zzzCHSkinDaedrothDarkC1,,missing display name
0x4FFBC4~Vigilant.esm,Vigilant.esm,zzzCHSkinDaedrothDarkC2,,missing display name
0x500DC3~Vigilant.esm,Vigilant.esm,zzzCHSkinImgaHuman,,non-playable record
0x500DC4~Vigilant.esm,Vigilant.esm,zzzCHSkinImgaHumanMarukh,,non-playable record
0x500DC5~Vigilant.esm,Vigilant.esm,zzzCHArmorImgaMonk,Imga Priest Robes,non-playable record
0x500DC6~Vigilant.esm,Vigilant.esm,zzzCHArmorImgaMonkMarukh,Imga Priest Robes,non-playable record
0x500DD5~Vigilant.esm,Vigilant.esm,zzzCHArmorImgaMonkv1,Imga Priest Robes,non-playable record
0x500DD6~Vigilant.esm,Vigilant.esm,zzzCHArmorImgaMonkv2,Imga Priest Robes,non-playable record
0x500DE1~Vigilant.esm,Vigilant.esm,zzzCHSkinOgrim,,non-playable record
0x500DE2~Vigilant.esm,Vigilant.esm,zzzCHSkinOgrimBrute,,non-playable record
0x50205D~Vigilant.esm,Vigilant.esm,zzVcgNpCrsBoots,Alessian Paladin Boots,non-playable record
0x50205E~Vigilant.esm,Vigilant.esm,zzVcgNpCrsCuirass,Alessian Paladin Armor,non-playable record
0x50205F~Vigilant.esm,Vigilant.esm,zzVcgNpCrsGauntlets,Alessian Paladin Gauntlets,non-playable record
0x502060~Vigilant.esm,Vigilant.esm,zzVcgNpCrsHelmet,Alessian Paladin Helmet,non-playable record
0x502061~Vigilant.esm,Vigilant.esm,zzVCgNpDMBoots,Alessian Heavy Knight Boots,non-playable record
0x502062~Vigilant.esm,Vigilant.esm,zzVCgNpDMCuirass,Alessian Heavy Knight Armor,non-playable record
0x502063~Vigilant.esm,Vigilant.esm,zzVCgNpDMGauntlets,Alessian Heavy Knight Gauntlets,non-playable record
0x502064~Vigilant.esm,Vigilant.esm,zzVCgNpDMHelmet,Alessian Heavy Knight Helmet,non-playable record
0x5056B9~Vigilant.esm,Vigilant.esm,zzVcgNpHrCuirass,Marukhati Selective Armor,non-playable record
0x5056BA~Vigilant.esm,Vigilant.esm,zzVcgNpHrGauntlets,Marukhati Selective Gauntlets,non-playable record
0x5056BB~Vigilant.esm,Vigilant.esm,zzVcgNpHrHood,Marukhati Selective Hood,non-playable record
0x5056BC~Vigilant.esm,Vigilant.esm,zzVcgNpHrMask,Marukhati Selective Mask,non-playable record
0x5056C8~Vigilant.esm,Vigilant.esm,zzVcgNpDrmrBoots,Alessian Soldier Boots,non-playable record
0x5056C9~Vigilant.esm,Vigilant.esm,zzVcgNpDrmrCuirass,Alessian Soldier Armor,non-playable record
0x5056CA~Vigilant.esm,Vigilant.esm,zzVcgNpDrmrGauntlets,Alessian Soldier Gauntlets,non-playable record
0x5056CB~Vigilant.esm,Vigilant.esm,zzVcgNpDrmrHelmet,Alessian Soldier Helmet,non-playable record
0x5068E7~Vigilant.esm,Vigilant.esm,zzVcgNpHrCuirassRust,Alessian Battlemage Armor,non-playable record
0x5068E8~Vigilant.esm,Vigilant.esm,zzVcgNpHrGauntletsRust,Alessian Battlemage Gauntlets,non-playable record
0x5068E9~Vigilant.esm,Vigilant.esm,zzVcgNpHrHoodRust,Alessian Battlemage Hood,non-playable record
0x5068EA~Vigilant.esm,Vigilant.esm,zzVcgNpHrMaskRust,Alessian Battlemage Mask,non-playable record
0x5068F9~Vigilant.esm,Vigilant.esm,zzVcgNpHrHoodMask,Marukhati Selective Hood,non-playable record
0x506900~Vigilant.esm,Vigilant.esm,zzVcgNpHrHoodMaskJ,Marukhati Selective Mask,non-playable record
0x506901~Vigilant.esm,Vigilant.esm,zzVcgNpHrHoodMaskV,Selector's Mask,non-playable record
0x50E696~Vigilant.esm,Vigilant.esm,zzVcgSkinSabrecat,,non-playable record
0x50F8BF~Vigilant.esm,Vigilant.esm,zzzCHSkinMntr,,non-playable record
0x50F8C2~Vigilant.esm,Vigilant.esm,zzzCHSkinMntrHair01,,non-playable record
0x50F8C3~Vigilant.esm,Vigilant.esm,zzzCHSkinMntrBeard,,non-playable record
0x50F8C6~Vigilant.esm,Vigilant.esm,zzzCHArmorMntrRing01,,non-playable record
0x50F8C7~Vigilant.esm,Vigilant.esm,zzzCHArmorMntrRing02,,non-playable record
0x50F8CD~Vigilant.esm,Vigilant.esm,zzzCHSkinMntrChild,,non-playable record
0x50F8D5~Vigilant.esm,Vigilant.esm,zzzCHSkinMntrHornA,,non-playable record
0x50F8D6~Vigilant.esm,Vigilant.esm,zzzCHSkinMntrHornB,,non-playable record
0x50F8D7~Vigilant.esm,Vigilant.esm,zzzCHSkinMntrHornC,,non-playable record
0x50F8D8~Vigilant.esm,Vigilant.esm,zzzCHSkinMntrHornD,,non-playable record
0x50F8D9~Vigilant.esm,Vigilant.esm,zzzCHSkinMntrHornEmperor,,non-playable record
0x50F8DA~Vigilant.esm,Vigilant.esm,zzzCHSkinMntrHornChild,,non-playable record
0x510AD4~Vigilant.esm,Vigilant.esm,zzzCHArmorMntrCuirassH01,,non-playable record
0x510AD5~Vigilant.esm,Vigilant.esm,zzzCHArmorMntrCuirassH02,,non-playable record
0x510AD6~Vigilant.esm,Vigilant.esm,zzzCHArmorMntrCuirassH03,,non-playable record
0x510AD7~Vigilant.esm,Vigilant.esm,zzzCHArmorMntrCuirassL01,,non-playable record
0x510AD8~Vigilant.esm,Vigilant.esm,zzzCHArmorMntrCuirassL02,,non-playable record
0x510AD9~Vigilant.esm,Vigilant.esm,zzzCHArmorMntrCuirassL03,,non-playable record
0x510ADA~Vigilant.esm,Vigilant.esm,zzzCHArmorMntrHelmL01,,non-playable record
0x510ADB~Vigilant.esm,Vigilant.esm,zzzCHArmorMntrHelmL02,,non-playable record
0x510ADC~Vigilant.esm,Vigilant.esm,zzzCHArmorMntrGloveH01,,non-playable record
0x510AFA~Vigilant.esm,Vigilant.esm,zzzCHClothMntrTribalF,,non-playable record
0x510AFB~Vigilant.esm,Vigilant.esm,zzzCHClothMntrTribalChild,,non-playable record
0x510AFD~Vigilant.esm,Vigilant.esm,zzzCHArmorMntrHelmTribalF01,,non-playable record
0x510AFF~Vigilant.esm,Vigilant.esm,zzzCHClothMntrEmperor,,non-playable record
0x511D1B~Vigilant.esm,Vigilant.esm,zzzCHArmorMntrHelmTribalF02,,non-playable record
0x512F26~Vigilant.esm,Vigilant.esm,zzzCHSkinSoulShriven,,non-playable record
0x512F2C~Vigilant.esm,Vigilant.esm,zzzCHSkinShrivenHeadBlind,,non-playable record
0x512F2D~Vigilant.esm,Vigilant.esm,zzzCHSkinShrivenHeadParasite,,non-playable record
0x512F2E~Vigilant.esm,Vigilant.esm,zzzCHSkinShrivenHeadVeiled01,,non-playable record
0x512F2F~Vigilant.esm,Vigilant.esm,zzzCHSkinShrivenHeadVeiled02,,non-playable record
0x512F30~Vigilant.esm,Vigilant.esm,zzzCHSkinShrivenHeadVeiled03,,non-playable record
0x512F35~Vigilant.esm,Vigilant.esm,zzzCHShrivenCloth01A,,non-playable record
0x512F36~Vigilant.esm,Vigilant.esm,zzzCHShrivenCloth01B,,non-playable record
0x512F37~Vigilant.esm,Vigilant.esm,zzzCHShrivenCloth02,,non-playable record
0x512F38~Vigilant.esm,Vigilant.esm,zzzCHShrivenCollar,,non-playable record
0x512F40~Vigilant.esm,Vigilant.esm,zzzCHClothShrivenPriest01,,non-playable record
0x512F41~Vigilant.esm,Vigilant.esm,zzzCHClothShrivenPriest02,,non-playable record
0x512F45~Vigilant.esm,Vigilant.esm,zzzCHSkinShrivenPriestFaceVamp,,non-playable record
0x512F46~Vigilant.esm,Vigilant.esm,zzzCHClothShrivenPriest03,,non-playable record
0x512F47~Vigilant.esm,Vigilant.esm,zzzCHSkinShrivenPriestFaceParasite,,non-playable record
0x512F49~Vigilant.esm,Vigilant.esm,zzzCHSkinGhoulPriestBase,,non-playable record
0x512F4A~Vigilant.esm,Vigilant.esm,zzzCHSkinGhoulPriestBaseParasite,,non-playable record
0x51C362~Vigilant.esm,Vigilant.esm,zzzCHArmorStnMinosHelmet,,non-playable record
0x51C363~Vigilant.esm,Vigilant.esm,zzzCHArmorStnMinosCuirass,,non-playable record
0x51D61B~Vigilant.esm,Vigilant.esm,zzzCHSkinBelharzaCow,,non-playable record
0x51EAA4~Vigilant.esm,Vigilant.esm,zzzCHArmorMordogCuirass,,non-playable record
0x51EAA5~Vigilant.esm,Vigilant.esm,zzzCHArmorMordogGlove,,non-playable record
0x51EAA6~Vigilant.esm,Vigilant.esm,zzzCHArmorMordogHelm,,non-playable record
0x51FD39~Vigilant.esm,Vigilant.esm,zzzCHSkinImgaHumanBald,,non-playable record
0x51FD3A~Vigilant.esm,Vigilant.esm,zzzCHArmorImgaThalmor,Imga Thalmor Robes,non-playable record
0x51FD7D~Vigilant.esm,Vigilant.esm,zzzCHSkinKanraDark,,non-playable record
0x72A9~Vigilant.esm,Vigilant.esm,zzzAoMSkinDragonMolagBal,,missing display name
0x80D1B~Vigilant.esm,Vigilant.esm,zzzCHSkinArachneGiant,,non-playable record
0x80D1C~Vigilant.esm,Vigilant.esm,zzzCHSkinScorpionGiant,,non-playable record
0x80D1D~Vigilant.esm,Vigilant.esm,zzzCHSkinGhoulHollow,,non-playable record
0x80D1E~Vigilant.esm,Vigilant.esm,zzzCHArmorGhoulWorm,,non-playable record
0x80D1F~Vigilant.esm,Vigilant.esm,zzzCHSkinGhoulPriest01,,non-playable record
0x80D20~Vigilant.esm,Vigilant.esm,zzzCHSkinGhoulPriest01Hollow,,non-playable record
0x80D21~Vigilant.esm,Vigilant.esm,zzzCHSkinMarukh,,non-playable record
0x80D22~Vigilant.esm,Vigilant.esm,zzzCHSkinDraugrWrapped,,non-playable record
0x80D23~Vigilant.esm,Vigilant.esm,zzzCHSkinSleeper01,,non-playable record
0x80D24~Vigilant.esm,Vigilant.esm,zzzCHSkinLawmage,,non-playable record
0x80D25~Vigilant.esm,Vigilant.esm,zzzCHArmorLawmageWorm,,non-playable record
0x80D26~Vigilant.esm,Vigilant.esm,zzzCHSkinLawmageMaster,,non-playable record
0x80D27~Vigilant.esm,Vigilant.esm,zzzCHSkinBoneStorm,,non-playable record
0x80D28~Vigilant.esm,Vigilant.esm,zzzCHSkinHMYoung,,non-playable record
0x80D29~Vigilant.esm,Vigilant.esm,zzzCHSkinPrismStorm,,non-playable record
0x80D2A~Vigilant.esm,Vigilant.esm,zzzCHSkinBoneHorse,,non-playable record
0x80D2B~Vigilant.esm,Vigilant.esm,zzzCHSkinVarlaHound,,non-playable record
0x80D2C~Vigilant.esm,Vigilant.esm,zzzCHSkinBoneLooper,,non-playable record
0x80D2D~Vigilant.esm,Vigilant.esm,zzzCHSkinCaveWorm01,,non-playable record
0x80D2E~Vigilant.esm,Vigilant.esm,zzzCHSkinCaveWorm02,,non-playable record
0x80D2F~Vigilant.esm,Vigilant.esm,zzzCHSkinBoneLord,,non-playable record
0x80D30~Vigilant.esm,Vigilant.esm,zzzCHSkinBoneWheel,,non-playable record
0x80D31~Vigilant.esm,Vigilant.esm,zzzCHSkinShambles,,non-playable record
0x80D32~Vigilant.esm,Vigilant.esm,zzzCHSkinShamblesLord,,non-playable record
0x80D33~Vigilant.esm,Vigilant.esm,zzzCHSkinBloodSucker,,non-playable record
0x80D34~Vigilant.esm,Vigilant.esm,zzzCHSkinBloodfish,,non-playable record
0x80D35~Vigilant.esm,Vigilant.esm,zzzCHSkinShoggothLittle,,non-playable record
0x80D36~Vigilant.esm,Vigilant.esm,zzzCHSkinShoggothFLY,,non-playable record
0x80D37~Vigilant.esm,Vigilant.esm,zzzCHSkinShoggoth,,missing display name
0x80D38~Vigilant.esm,Vigilant.esm,zzzCHSkinShoggothMother,,non-playable record
0x80D39~Vigilant.esm,Vigilant.esm,zzzCHSkinEbonyGiant,,non-playable record
0x80D3A~Vigilant.esm,Vigilant.esm,zzzCHSkinTowerGiant_Blood,,non-playable record
0x80D3B~Vigilant.esm,Vigilant.esm,zzzCHSkinJyggalag,,non-playable record
0x80D3C~Vigilant.esm,Vigilant.esm,zzzCHSkinEbonyPriest,,non-playable record
0x80D3D~Vigilant.esm,Vigilant.esm,zzzCHSkinShellbug,,non-playable record
0x80D3E~Vigilant.esm,Vigilant.esm,zzzCHSkinDaedroth,,missing display name
0x80D3F~Vigilant.esm,Vigilant.esm,zzzCHSkinDaedrothC2,,missing display name
0x80D40~Vigilant.esm,Vigilant.esm,zzzCHSkinDaedrothC1,,missing display name
0x80D41~Vigilant.esm,Vigilant.esm,zzzCHSkinDaedrothB,,missing display name
0x80D42~Vigilant.esm,Vigilant.esm,zzzCHSkinDaedrothA,,missing display name
0x80D43~Vigilant.esm,Vigilant.esm,zzzCHSkinMentana,,non-playable record
0x80D44~Vigilant.esm,Vigilant.esm,zzzCHSkinScamp,,non-playable record
0x80D45~Vigilant.esm,Vigilant.esm,zzzCHSkinScampF,,non-playable record
0x80D46~Vigilant.esm,Vigilant.esm,zzzCHSkinScampB,,non-playable record
0x80D47~Vigilant.esm,Vigilant.esm,zzzCHSkinScampC,,non-playable record
0x80D48~Vigilant.esm,Vigilant.esm,zzzCHSkinScampD,,non-playable record
0x80D49~Vigilant.esm,Vigilant.esm,zzzCHSkinScampE,,non-playable record
0x80D4A~Vigilant.esm,Vigilant.esm,zzzCHSkinScampA,,non-playable record
0x80D4B~Vigilant.esm,Vigilant.esm,zzzCHSkinKnightOfOrder,,non-playable record
0x80D4C~Vigilant.esm,Vigilant.esm,zzzCHSkinPriestOfOrder,,non-playable record
0x80D4D~Vigilant.esm,Vigilant.esm,zzzCHSkinPrismLurker,,non-playable record
0x80D4E~Vigilant.esm,Vigilant.esm,zzzCHSkinPrismSpirit,,non-playable record
0x80D4F~Vigilant.esm,Vigilant.esm,zzzCHSkinPrismLord,,non-playable record
0xB07E7~Vigilant.esm,Vigilant.esm,zzzCHSkinBoneHuman,,non-playable record
0xB57D6~Vigilant.esm,Vigilant.esm,zzzCHClothesTubalApron,Tubal's Apron,non-playable record
0xB57D7~Vigilant.esm,Vigilant.esm,zzzCHClothesTubalMask,Tubal's Mask,non-playable record
0xB57DA~Vigilant.esm,Vigilant.esm,zzzCHClothesTubalShoes,Tubal's Shoes,non-playable record
0xB57DB~Vigilant.esm,Vigilant.esm,zzzCHClothesTubalGloves,Tubal's Gloves,non-playable record
0xB5A9B~Vigilant.esm,Vigilant.esm,zzzCHSkinGhoul,,non-playable record
0xB5A9E~Vigilant.esm,Vigilant.esm,zzzCHSkinBoneStrider,,non-playable record
0xB5AA7~Vigilant.esm,Vigilant.esm,zzzCHSkinFlameStorm,,missing display name
0xB5AA8~Vigilant.esm,Vigilant.esm,zzzCHSkinFlameSpirit,,non-playable record
0xB5AA9~Vigilant.esm,Vigilant.esm,zzzCHSkinFlameQueen,,non-playable record
0xB5AAA~Vigilant.esm,Vigilant.esm,zzzCHSkinFlameLurker,,missing display name
0xB9ABA~Vigilant.esm,Vigilant.esm,zzzCHArmorEbonyBootsUnplayable,Ebony Boots,non-playable record
0xB9ABB~Vigilant.esm,Vigilant.esm,zzzCHArmorEbonyCuirassUnplayable,Ebony Armor,non-playable record
0xB9ABC~Vigilant.esm,Vigilant.esm,zzzCHArmorEbonyGauntletsUnplayable,Ebony Gauntlets,non-playable record
0xB9ABE~Vigilant.esm,Vigilant.esm,zzzCHArmorEbonySmallShieldUnplayable,Ebony Small Shield,non-playable record
0xB9ABF~Vigilant.esm,Vigilant.esm,zzzCHArmorEbonyShieldUnplayable,Ebony Shield,non-playable record
0xBC941~Vigilant.esm,Vigilant.esm,zzzCHArmorAlessianKnightHelmetUnplayable,Alessian Knight Helmet,non-playable record
0xBCF30~Vigilant.esm,Vigilant.esm,zzzCHArmorClericBootsUnplayable,Holy Brother of Marukh Boots,non-playable record
0xBCF32~Vigilant.esm,Vigilant.esm,zzzCHArmorClericCuirassUnplayable,Holy Brother of Marukh Armor,non-playable record
0xBCF33~Vigilant.esm,Vigilant.esm,zzzCHArmorClericGauntletsUnplayable,Holy Brother of Marukh Gauntlets,non-playable record
0xBCF34~Vigilant.esm,Vigilant.esm,zzzCHArmorClericHelmetUnplayable,Holy Brother of Marukh Helmet,non-playable record
0xC2D83~Vigilant.esm,Vigilant.esm,zzzCHArmorDaedricShieldUnplayable,Daedric Shield,non-playable record
0xC5D2D~Vigilant.esm,Vigilant.esm,zzzCHArmorMaraBoots,Mara Boots,non-playable record
0xC5D2E~Vigilant.esm,Vigilant.esm,zzzCHArmorMaraCuirass,Mara Armor,non-playable record
0xC5D2F~Vigilant.esm,Vigilant.esm,zzzCHArmorMaraGauntlets,Mara Gauntlets,non-playable record
0xC5D30~Vigilant.esm,Vigilant.esm,zzzCHArmorMaraHelmet,Mara Helmet,non-playable record
0xC840E~Vigilant.esm,Vigilant.esm,zzzCHClothesMonkRobesHood,Maramus' Robes,non-playable record
0xC8448~Vigilant.esm,Vigilant.esm,zzzCHClothesMonkBoots,Maramus' Boots,non-playable record
0xCA4B9~Vigilant.esm,Vigilant.esm,zzzCHClothesAlessianBoots,Alessian Boots,non-playable record
0xCA4BA~Vigilant.esm,Vigilant.esm,zzzCHClothesArkayRobeHood,Arkay Robes,non-playable record
0xCA4BF~Vigilant.esm,Vigilant.esm,zzzCHClothesAlessianRobeHood01,Alessian Robes,non-playable record
0xD3746~Vigilant.esm,Vigilant.esm,zzzCHArmorEbonyBucklerUnplayable,Ebony Buckler,non-playable record
0xD4E78~Vigilant.esm,Vigilant.esm,zzzCHSkinArachne,,non-playable record
0xD4E79~Vigilant.esm,Vigilant.esm,zzzCHSkinScorpion,,non-playable record
0xD8822~Vigilant.esm,Vigilant.esm,zzzBMSkinFeralVampire2,,non-playable record
0xD8823~Vigilant.esm,Vigilant.esm,zzzBMSkinLichVampireArmored,,non-playable record
0xD8824~Vigilant.esm,Vigilant.esm,zzzBMSkinTrollVampire2,,non-playable record
0xD8828~Vigilant.esm,Vigilant.esm,zzzBMSkinLichVampireFacis,,non-playable record
0xD9D6A~Vigilant.esm,Vigilant.esm,zzzBMSkinWereVamp,,missing display name
0xD9D6B~Vigilant.esm,Vigilant.esm,zzzBMArmorFXWereVampireTrans,,missing display name
0xD9D6D~Vigilant.esm,Vigilant.esm,zzzBMSkinWereVampLesser,,missing display name
0xE04E1~Vigilant.esm,Vigilant.esm,zzzCHSkinMagicBroom,,non-playable record
0xE5DA7~Vigilant.esm,Vigilant.esm,zzzCHBoneClothesChef,Chef's Tunic,non-playable record
0xE5DA8~Vigilant.esm,Vigilant.esm,zzzCHBoneClothesFarmDress02,Clothes,non-playable record
0xE5DAC~Vigilant.esm,Vigilant.esm,zzzCHBoneFarmHat02,Hat,non-playable record
0xEA4C0~Vigilant.esm,Vigilant.esm,zzzCHSkinAlessianPope,,non-playable record
0xFEE48~Vigilant.esm,Vigilant.esm,zzzCHSkinArachneIron,,non-playable record
0xFEE4E~Vigilant.esm,Vigilant.esm,zzzCHSkinIronSpider,,non-playable record
0x8E4~WabbajackRework.esp,WabbajackRework.esp,aaaWabbajackCheeseBombSkin,,non-playable record
0x925~WabbajackRework.esp,WabbajackRework.esp,aaaWabbajackCheeseChickenSkin,,non-playable record
0x931~WabbajackRework.esp,WabbajackRework.esp,aaaWabbajackCheeseSoldierSkin,,missing display name
0x188290~WindhelmSSE.esp,WindhelmSSE.esp,ClothesChild03WHArmor,Child's Outfit,non-playable record
0x151C39~Wyrmstooth.esp,Wyrmstooth.esp,WTskinDragonVulthurkrah,,non-playable record
0x17E919~Wyrmstooth.esp,Wyrmstooth.esp,WTArmorDaenlitCuirass,Daenlit's Armor,non-playable record
0x17E91C~Wyrmstooth.esp,Wyrmstooth.esp,WTArmorAthirCuirass,Athir's Armor,non-playable record
0x17E922~Wyrmstooth.esp,Wyrmstooth.esp,WTArmorElmeraCuirass,Elmera's Armor,non-playable record
0x17E925~Wyrmstooth.esp,Wyrmstooth.esp,WTClothesLuriusTorso,Lurius' Clothes,non-playable record
0x180CE8~Wyrmstooth.esp,Wyrmstooth.esp,WTClothesLorumendTorso,Lorumend's Clothes,non-playable record
0x1EA7E5~Wyrmstooth.esp,Wyrmstooth.esp,WTDraugrChefHat,Chef's Hat,non-playable record
0x30A65E~Wyrmstooth.esp,Wyrmstooth.esp,WTSkinVulom,,non-playable record
0x4F97AC~Wyrmstooth.esp,Wyrmstooth.esp,WTDraugrGreybeardHood,Greybeard's Hood,non-playable record
0x506C42~Wyrmstooth.esp,Wyrmstooth.esp,WTSkinWolfSummon,,non-playable record
0x5CBFFA~Wyrmstooth.esp,Wyrmstooth.esp,WTSkinMudcrabMerchant,,non-playable record
0x6238D6~Wyrmstooth.esp,Wyrmstooth.esp,WTStonemanHood,Stoneman's Hood,non-playable record
0x7739C6~Wyrmstooth.esp,Wyrmstooth.esp,WTSkinGlowingCrab1,,non-playable record
0x7739CC~Wyrmstooth.esp,Wyrmstooth.esp,WTSkinGlowingCrab2,,non-playable record
0x7739CD~Wyrmstooth.esp,Wyrmstooth.esp,WTSkinGlowingCrab3,,non-playable record
0xB240E7~Wyrmstooth.esp,Wyrmstooth.esp,WTArmorPhantomFormFemaleBody,Phantom Form Female Body,non-playable record
0xC2F9A4~Wyrmstooth.esp,Wyrmstooth.esp,WTSkinVulomShade,,non-playable record
0x8B4~YameteKudasai.esp,YameteKudasai.esp,Kudasai_AnkleRope,Ankle Rope,non-playable record
0x8BF~YameteKudasai.esp,YameteKudasai.esp,Kudasai_ElbowRope,Elbow Rope,non-playable record
0x8C0~YameteKudasai.esp,YameteKudasai.esp,Kudasai_WristRope,Wrist Rope,non-playable record
0x221B6~ZaZAnimationPack.esm,ZaZAnimationPack.esm,zbfRemoveItemDummy,Dummy,suspicious invisible/test/skin record; add to includedSuspiciousForms to force inclusion
